Date,Ticker,Close,High,Low,Open,Volume,Brent_Crude,USD_INR,Daily_Change,Weekly_Gain,Monthly_Gain
2025-01-01,BPCL.NS,271.8,272.353,267.198,269.039,3545200.0,75.93,85.786,2.761,,
2025-01-02,BPCL.NS,273.273,274.009,268.579,271.8,6846413.0,75.93,85.786,1.473,,
2025-01-03,BPCL.NS,272.813,275.344,270.926,272.445,4806469.0,76.51,85.804,0.368,,
2025-01-06,BPCL.NS,262.182,273.595,261.492,272.813,7361716.0,76.3,85.759,-10.631,,
2025-01-07,BPCL.NS,260.295,267.382,258.362,264.253,8306436.0,77.05,85.681,-3.958,,
2025-01-08,BPCL.NS,263.977,264.989,258.178,260.295,6037032.0,76.16,85.807,3.682,-0.029,
2025-01-09,BPCL.NS,257.718,264.943,256.844,264.161,6215902.0,76.92,85.908,-6.443,-0.057,
2025-01-10,BPCL.NS,255.555,260.939,253.668,258.178,9073218.0,79.76,85.92,-2.623,-0.063,
2025-01-13,BPCL.NS,244.188,252.84,243.221,249.664,10488655.0,81.01,86.188,-5.477,-0.069,
2025-01-14,BPCL.NS,248.698,249.894,244.832,245.844,6710730.0,79.92,86.651,2.853,-0.045,
2025-01-15,BPCL.NS,245.752,253.944,244.142,252.103,13448052.0,82.03,86.535,-6.351,-0.069,
2025-01-16,BPCL.NS,245.66,247.547,242.531,246.075,13754046.0,81.29,86.431,-0.414,-0.047,
2025-01-17,BPCL.NS,251.827,253.3,245.983,247.409,9300647.0,80.79,86.606,4.418,-0.015,
2025-01-20,BPCL.NS,255.233,256.245,247.409,253.116,9623368.0,80.79,86.569,2.117,0.045,
2025-01-21,BPCL.NS,257.902,264.161,256.015,256.383,15304149.0,79.29,86.211,1.519,0.037,
2025-01-22,BPCL.NS,255.509,260.985,252.241,259.559,6301894.0,79.0,86.452,-4.05,0.04,
2025-01-23,BPCL.NS,249.664,262.32,248.79,260.479,18806324.0,78.29,86.473,-10.815,0.016,
2025-01-24,BPCL.NS,242.807,257.166,242.071,252.195,18480516.0,78.5,86.44,-9.388,-0.036,
2025-01-27,BPCL.NS,240.506,242.715,237.791,242.715,10083126.0,77.08,86.203,-2.209,-0.058,
2025-01-28,BPCL.NS,237.515,242.899,234.063,241.38,13321189.0,77.49,86.468,-3.866,-0.079,
2025-01-29,BPCL.NS,241.222,242.114,236.06,241.175,9435973.0,76.58,86.585,0.047,-0.056,
2025-01-30,BPCL.NS,241.363,244.883,240.753,243.944,9410974.0,76.87,86.641,-2.581,-0.033,-0.112
2025-01-31,BPCL.NS,245.07,245.915,238.641,242.067,8790578.0,76.76,86.647,3.004,0.009,-0.103
2025-02-01,BPCL.NS,239.955,245.962,232.775,245.681,11464565.0,76.76,86.647,-5.726,-0.002,-0.12
2025-02-03,BPCL.NS,234.23,236.341,227.331,235.544,21517136.0,75.96,86.554,-1.314,-0.014,-0.107
2025-02-04,BPCL.NS,240.237,240.894,234.84,235.262,7000612.0,76.2,86.943,4.975,-0.004,-0.077
2025-02-05,BPCL.NS,245.211,249.341,244.273,244.273,10088345.0,74.61,87.13,0.939,0.016,-0.071
2025-02-06,BPCL.NS,246.431,250.796,245.587,246.854,14058587.0,74.29,87.334,-0.422,0.006,-0.044
2025-02-07,BPCL.NS,248.074,248.637,244.085,246.009,6557480.0,74.66,87.588,2.065,0.034,-0.029
2025-02-10,BPCL.NS,243.944,249.482,241.691,248.309,8052376.0,75.87,87.513,-4.365,0.041,-0.001
2025-02-11,BPCL.NS,239.486,243.803,238.172,243.569,6819100.0,77.0,87.49,-4.083,-0.003,-0.037
2025-02-12,BPCL.NS,239.908,241.034,233.76,239.486,6568833.0,75.18,86.811,0.422,-0.022,-0.024
2025-02-13,BPCL.NS,240.049,244.132,239.345,240.471,5514711.0,75.02,86.874,-0.422,-0.026,-0.023
2025-02-14,BPCL.NS,235.591,242.724,232.258,240.659,5205573.0,74.74,86.754,-5.068,-0.05,-0.064
2025-02-17,BPCL.NS,236.811,237.984,231.226,235.591,5899597.0,74.74,86.435,1.22,-0.029,-0.072
2025-02-18,BPCL.NS,237.233,237.984,231.695,236.764,5534272.0,75.84,86.855,0.469,-0.009,-0.08
2025-02-19,BPCL.NS,239.908,240.706,234.23,235.591,6887175.0,76.04,86.887,4.318,0.0,-0.061
2025-02-20,BPCL.NS,242.724,243.709,237.655,238.406,8155780.0,76.48,86.873,4.318,0.011,-0.028
2025-02-21,BPCL.NS,235.872,243.475,235.262,242.161,9845416.0,74.43,86.451,-6.289,0.001,-0.029
2025-02-24,BPCL.NS,235.591,237.937,233.479,235.825,6773845.0,74.78,86.529,-0.235,-0.005,-0.02
2025-02-25,BPCL.NS,233.197,237.374,232.493,236.435,4172676.0,73.02,86.69,-3.238,-0.017,-0.018
2025-02-26,BPCL.NS,,,,,,72.53,87.081,,,
2025-02-27,BPCL.NS,229.724,234.089,227.237,233.197,7376510.0,74.04,87.162,-3.473,-0.054,-0.048
2025-02-28,BPCL.NS,222.732,229.067,221.652,229.067,14066882.0,73.18,87.327,-6.336,-0.056,-0.091
2025-03-03,BPCL.NS,227.528,228.682,219.644,224.327,6864635.0,71.62,87.464,3.201,-0.034,-0.052
2025-03-04,BPCL.NS,234.577,235.534,221.605,226.204,7201075.0,71.04,87.33,8.372,0.006,0.001
2025-03-05,BPCL.NS,240.133,241.156,234.558,234.558,7802519.0,69.3,87.217,5.575,,-0.0
2025-03-06,BPCL.NS,248.769,249.623,243.099,244.038,12828381.0,69.46,86.889,4.731,0.083,0.015
2025-03-07,BPCL.NS,245.221,249.473,244.038,248.693,7057204.0,70.36,87.129,-3.473,0.101,-0.005
2025-03-10,BPCL.NS,241.156,249.632,240.34,245.221,8487911.0,69.28,87.074,-4.064,0.06,-0.028
2025-03-11,BPCL.NS,248.337,248.703,238.735,240.274,12306539.0,69.56,87.355,8.063,0.059,0.018
2025-03-12,BPCL.NS,249.97,255.301,247.229,250.139,10648004.0,70.95,87.2,-0.169,0.041,0.044
2025-03-13,BPCL.NS,248.177,250.299,245.925,249.97,4545159.0,69.88,87.341,-1.793,-0.002,0.034
2025-03-14,BPCL.NS,,,,,,70.58,86.922,,,
2025-03-17,BPCL.NS,245.371,247.501,242.452,245.08,6482574.0,71.07,86.939,0.291,0.017,0.042
2025-03-18,BPCL.NS,245.371,245.371,245.371,245.371,0.0,70.56,86.916,0.0,-0.012,0.036
2025-03-19,BPCL.NS,248.975,250.13,246.863,247.333,4955027.0,70.78,86.576,1.643,-0.004,0.049
2025-03-20,BPCL.NS,255.423,256.174,248.496,250.233,10789615.0,72.0,86.337,5.19,0.029,0.065
2025-03-21,BPCL.NS,262.491,268.301,254.419,255.489,26173451.0,72.16,86.336,7.002,,0.081
2025-03-24,BPCL.NS,263.223,267.785,262.81,264.687,11376607.0,73.0,85.987,-1.464,0.073,0.116
2025-03-25,BPCL.NS,261.975,266.527,260.163,263.345,12143699.0,73.02,85.532,-1.37,0.068,0.112
2025-03-26,BPCL.NS,256.249,265.936,255.423,260.933,9475308.0,73.79,85.59,-4.684,0.029,0.099
2025-03-27,BPCL.NS,259.112,262.669,255.47,256.606,107524873.0,74.03,86.095,2.506,0.014,
2025-03-28,BPCL.NS,261.374,266.874,259.337,259.985,12687883.0,73.63,85.695,1.389,-0.004,0.138
2025-03-31,BPCL.NS,,,,,,74.74,85.539,,,
2025-04-01,BPCL.NS,267.128,269.38,258.117,258.117,20780255.0,74.49,85.468,9.011,0.02,0.174
2025-04-02,BPCL.NS,269.193,270.366,260.651,265.673,12058406.0,74.95,85.61,3.52,0.051,0.148
2025-04-03,BPCL.NS,269.193,273.51,265.626,265.626,6663148.0,70.14,85.651,3.567,0.039,0.121
2025-04-04,BPCL.NS,262.294,277.546,260.041,274.214,18852567.0,65.58,85.283,-11.92,0.004,0.054
2025-04-07,BPCL.NS,256.897,261.965,245.915,245.915,15010047.0,64.21,85.529,10.982,,0.048
2025-04-08,BPCL.NS,268.348,269.85,258.211,262.341,18994276.0,62.82,86.027,6.007,0.005,0.113
2025-04-09,BPCL.NS,270.272,272.806,262.435,270.976,14519066.0,65.48,86.435,-0.704,0.004,0.088
2025-04-10,BPCL.NS,,,,,,63.33,86.209,,,
2025-04-11,BPCL.NS,275.2,278.25,268.911,278.25,14955235.0,64.76,86.26,-3.05,0.049,0.109
2025-04-14,BPCL.NS,,,,,,64.88,86.193,,,
2025-04-15,BPCL.NS,276.326,278.579,273.229,278.579,8516322.0,64.67,86.045,-2.253,0.03,0.126
2025-04-16,BPCL.NS,280.409,282.099,274.59,275.951,9064723.0,65.85,85.727,4.458,0.038,0.143
2025-04-17,BPCL.NS,280.034,283.225,277.312,279.705,7510897.0,67.96,85.62,0.329,,0.125
2025-04-21,BPCL.NS,285.384,286.792,279.705,281.442,6455955.0,66.26,85.62,3.942,0.037,0.117
2025-04-22,BPCL.NS,287.308,289.56,284.07,286.275,7096150.0,67.44,85.159,1.032,,0.095
2025-04-23,BPCL.NS,282.005,287.824,279.987,287.308,7400827.0,66.12,85.232,-5.303,0.021,0.071
2025-04-24,BPCL.NS,283.46,286.745,281.864,284.351,5773985.0,66.55,85.5,-0.892,0.011,0.082
2025-04-25,BPCL.NS,277.546,286.228,275.294,283.788,7773037.0,66.87,85.257,-6.242,-0.009,0.083
2025-04-28,BPCL.NS,290.968,291.86,275.106,275.106,14414879.0,65.86,85.385,15.862,0.02,0.123
2025-04-29,BPCL.NS,292.564,296.225,290.781,292.423,9522966.0,64.25,85.16,0.141,0.018,0.119
2025-04-30,BPCL.NS,291.015,302.654,290.03,299.416,21424437.0,63.12,85.171,-8.401,0.032,
2025-05-01,BPCL.NS,,,,,,62.13,84.531,,,
2025-05-02,BPCL.NS,292.282,298.008,290.874,291.485,6850147.0,61.29,84.697,0.798,0.053,0.086
2025-05-05,BPCL.NS,301.34,305.845,296.6,297.539,16037327.0,60.23,84.526,3.801,0.036,0.119
2025-05-06,BPCL.NS,292.329,302.419,291.485,301.387,5444873.0,62.15,84.221,-9.058,-0.001,0.115
2025-05-07,BPCL.NS,297.445,298.008,288.153,288.153,7970668.0,61.12,84.793,9.292,0.022,0.158
2025-05-08,BPCL.NS,289.044,300.542,286.932,296.131,5918739.0,62.84,84.817,-7.086,,0.077
2025-05-09,BPCL.NS,288.012,288.481,282.849,283.976,4955934.0,63.91,86.082,4.036,-0.015,0.066
2025-05-12,BPCL.NS,290.077,296.553,288.293,295.661,6844271.0,64.96,85.408,-5.585,-0.037,
2025-05-13,BPCL.NS,288.059,291.532,285.806,290.077,7241358.0,66.63,84.966,-2.018,-0.015,0.047
2025-05-14,BPCL.NS,293.315,294.3,289.467,289.748,7733320.0,66.09,85.06,3.567,-0.014,
2025-05-15,BPCL.NS,297.539,300.542,294.254,294.723,7055032.0,64.53,85.488,2.816,0.029,0.077
2025-05-16,BPCL.NS,300.448,301.293,296.412,296.6,6861786.0,65.41,85.445,3.848,0.043,0.071
2025-05-19,BPCL.NS,297.726,299.932,296.741,298.993,2956007.0,65.54,85.5,-1.267,0.026,0.063
2025-05-20,BPCL.NS,293.69,300.026,292.611,297.539,5016433.0,65.38,85.372,-3.848,0.02,0.029
2025-05-21,BPCL.NS,296.459,297.304,290.358,293.127,5232094.0,64.91,85.536,3.332,0.011,0.032
2025-05-22,BPCL.NS,293.831,299.322,289.748,295.568,4876801.0,64.44,85.6,-1.736,-0.012,0.042
2025-05-23,BPCL.NS,299.322,300.354,292.846,292.846,4257721.0,64.78,85.975,6.476,-0.004,0.056
2025-05-26,BPCL.NS,303.123,304.062,299.416,299.416,5050848.0,64.78,85.199,3.708,0.018,0.092
2025-05-27,BPCL.NS,297.539,303.076,296.131,303.076,4716473.0,64.09,85.158,-5.538,0.013,0.023
2025-05-28,BPCL.NS,301.95,302.795,294.488,297.539,7112876.0,64.9,85.36,4.411,0.019,0.032
2025-05-29,BPCL.NS,299.557,302.748,298.102,301.481,4000772.0,64.15,85.386,-1.924,0.019,0.029
2025-05-30,BPCL.NS,298.853,302.607,297.539,298.055,9148638.0,63.9,85.361,0.798,-0.002,
2025-06-02,BPCL.NS,297.163,299.885,296.272,298.853,3086437.0,64.63,85.524,-1.689,-0.02,0.017
2025-06-03,BPCL.NS,290.734,301.246,290.03,295.708,7853488.0,65.63,85.364,-4.975,-0.023,-0.035
2025-06-04,BPCL.NS,292.423,293.456,289.654,290.734,5925942.0,64.86,85.709,1.689,-0.032,0.0
2025-06-05,BPCL.NS,290.781,296.037,289.326,292.001,5900170.0,65.34,85.904,-1.22,-0.029,-0.022
2025-06-06,BPCL.NS,297.257,298.336,290.03,290.03,5825337.0,66.47,85.878,7.227,-0.005,0.028
2025-06-09,BPCL.NS,300.73,301.715,295.661,298.29,3787426.0,67.04,85.785,2.44,0.012,0.044
2025-06-10,BPCL.NS,300.448,304.766,299.791,301.481,6489933.0,66.87,85.756,-1.032,0.033,0.036
2025-06-11,BPCL.NS,313.354,313.964,300.636,300.636,21739121.0,69.77,85.653,12.718,0.072,0.088
2025-06-12,BPCL.NS,299.087,310.679,298.243,310.21,13568848.0,69.36,85.47,-11.123,0.029,0.02
2025-06-13,BPCL.NS,293.127,295.098,280.925,286.275,13958229.0,74.23,85.688,6.852,-0.014,-0.015
2025-06-16,BPCL.NS,296.975,297.398,289.56,290.921,6893567.0,73.23,86.249,6.054,-0.012,-0.012
2025-06-17,BPCL.NS,293.596,300.777,292.564,294.723,7219608.0,76.45,86.104,-1.126,-0.023,-0.014
2025-06-18,BPCL.NS,296.459,297.398,290.687,292.846,10011198.0,76.7,86.363,3.614,-0.054,0.009
2025-06-19,BPCL.NS,294.207,297.539,291.062,297.539,5399948.0,76.7,86.614,-3.332,-0.016,-0.008
2025-06-20,BPCL.NS,294.254,296.506,290.968,291.813,8522458.0,77.01,86.584,2.44,0.004,0.001
2025-06-23,BPCL.NS,294.207,296.131,289.279,290.968,6848410.0,71.48,86.58,3.238,-0.009,-0.017
2025-06-24,BPCL.NS,299.651,307.676,297.539,305.517,11172373.0,67.14,86.233,-5.866,0.021,-0.011
2025-06-25,BPCL.NS,299.979,303.17,297.163,302.701,6658747.0,67.68,85.905,-2.722,0.012,0.008
2025-06-26,BPCL.NS,309.506,310.679,299.275,299.275,15528180.0,67.73,86.006,10.231,0.052,0.025
2025-06-27,BPCL.NS,312.556,313.683,307.3,309.741,9911738.0,67.77,85.666,2.816,0.062,0.043
2025-06-30,BPCL.NS,311.571,316.968,310.069,313.495,5840638.0,67.61,85.455,-1.924,0.059,0.043
2025-07-01,BPCL.NS,311.665,314.903,310.585,311.195,3921773.0,67.11,85.714,0.469,0.04,0.049
2025-07-02,BPCL.NS,311.43,314.387,308.614,313.213,3799017.0,69.11,85.643,-1.783,0.038,0.071
2025-07-03,BPCL.NS,311.148,314.95,310.257,312.556,5049883.0,68.8,85.694,-1.408,0.005,0.064
2025-07-04,BPCL.NS,324.946,326.354,311.524,313.495,13743465.0,68.29,85.319,11.451,0.04,0.117
2025-07-07,BPCL.NS,328.982,329.968,322.365,324.571,8603937.0,69.58,85.496,4.411,0.056,0.107
2025-07-08,BPCL.NS,333.769,336.632,327.293,328.513,12905482.0,70.15,85.892,5.256,0.071,0.11
2025-07-09,BPCL.NS,327.105,334.473,326.307,333.769,8039090.0,70.19,85.707,-6.664,0.05,0.089
2025-07-10,BPCL.NS,329.404,331.188,326.682,330.202,6580919.0,68.64,85.709,-0.798,0.059,0.051
2025-07-11,BPCL.NS,323.679,331.0,322.224,330.202,4803470.0,70.36,85.735,-6.523,-0.004,0.082
2025-07-14,BPCL.NS,323.257,326.823,321.802,324.617,5372218.0,69.21,85.821,-1.361,-0.017,0.103
2025-07-15,BPCL.NS,326.682,328.982,324.899,326.307,6270256.0,68.71,85.968,0.375,-0.021,0.1
2025-07-16,BPCL.NS,326.495,330.108,326.072,328.56,8426412.0,68.52,85.993,-2.065,-0.002,0.112
2025-07-17,BPCL.NS,325.462,328.419,323.116,328.137,4026086.0,69.52,85.885,-2.675,-0.012,0.098
2025-07-18,BPCL.NS,322.412,329.874,321.098,326.166,5631392.0,69.28,86.047,-3.754,-0.004,0.096
2025-07-21,BPCL.NS,321.567,323.538,318.61,322.412,5051058.0,69.21,86.149,-0.845,-0.005,0.093
2025-07-22,BPCL.NS,319.455,323.21,319.08,321.567,4447293.0,68.59,86.195,-2.112,-0.022,0.086
2025-07-23,BPCL.NS,323.303,323.82,316.123,320.863,5089227.0,68.51,86.343,2.44,-0.01,0.079
2025-07-24,BPCL.NS,320.441,323.726,318.845,323.303,3270996.0,69.18,86.399,-2.863,-0.015,0.068
2025-07-25,BPCL.NS,312.462,320.441,310.726,319.22,3514659.0,68.44,86.43,-6.758,-0.031,0.01
2025-07-28,BPCL.NS,312.932,317.578,310.679,311.946,5630809.0,70.04,86.506,0.986,-0.027,0.001
2025-07-29,BPCL.NS,314.387,316.592,312.744,315.372,7809814.0,72.51,86.778,-0.986,-0.016,0.009
2025-07-30,BPCL.NS,316.358,322.459,309.741,313.495,11366010.0,73.24,87.063,2.863,-0.021,0.015
2025-07-31,BPCL.NS,313.738,315.596,307.831,314.405,6867024.0,72.53,87.715,-0.667,-0.021,0.007
2025-08-01,BPCL.NS,302.829,313.738,301.59,313.452,4105518.0,69.67,87.489,-10.623,-0.031,-0.027
2025-08-04,BPCL.NS,302.829,305.592,300.018,305.02,3536322.0,68.76,87.245,-2.191,-0.032,-0.068
2025-08-05,BPCL.NS,300.209,302.972,294.921,302.019,6730701.0,67.64,87.893,-1.81,-0.045,-0.087
2025-08-06,BPCL.NS,300.828,303.115,299.542,300.59,3601019.0,66.89,87.723,0.238,-0.049,-0.099
2025-08-07,BPCL.NS,295.683,299.208,292.634,298.494,5018154.0,66.43,87.762,-2.811,-0.058,-0.096
2025-08-08,BPCL.NS,304.353,306.068,294.016,295.826,10028343.0,66.59,87.433,8.527,0.005,-0.076
2025-08-11,BPCL.NS,305.782,314.405,302.21,307.021,7957794.0,66.63,87.488,-1.239,0.01,-0.055
2025-08-12,BPCL.NS,308.402,311.07,305.544,305.83,4392686.0,66.12,87.664,2.572,0.027,-0.046
2025-08-13,BPCL.NS,307.259,310.879,305.878,309.641,2707971.0,65.63,87.596,-2.382,0.021,-0.059
2025-08-14,BPCL.NS,303.019,315.738,302.162,311.546,10549386.0,66.84,87.45,-8.527,0.025,-0.072
2025-08-15,BPCL.NS,,,,,,65.85,87.692,,,
2025-08-18,BPCL.NS,299.161,305.878,297.684,305.83,8091527.0,66.6,87.513,-6.669,-0.022,-0.072
2025-08-19,BPCL.NS,306.259,306.973,297.922,300.304,4343312.0,65.79,87.295,5.955,-0.007,-0.048
2025-08-20,BPCL.NS,304.83,307.259,303.924,304.877,3670375.0,66.84,87.079,-0.048,-0.008,-0.046
2025-08-21,BPCL.NS,304.83,308.498,303.686,305.878,3790333.0,67.67,87.018,-1.048,0.006,-0.057
2025-08-22,BPCL.NS,301.495,305.211,299.828,305.068,3007303.0,67.73,87.293,-3.573,,-0.059
2025-08-25,BPCL.NS,300.876,303.877,299.637,303.877,2841339.0,68.8,87.33,-3.001,0.006,-0.037
2025-08-26,BPCL.NS,297.351,303.258,296.35,302.305,10819770.0,67.22,87.609,-4.954,-0.029,-0.05
2025-08-27,BPCL.NS,,,,,,68.05,87.601,,,
2025-08-28,BPCL.NS,296.017,300.685,295.35,300.685,8888325.0,68.62,87.659,-4.668,-0.029,-0.064
2025-08-29,BPCL.NS,293.635,297.541,292.492,296.017,4334416.0,68.12,87.592,-2.382,-0.026,-0.064
2025-09-01,BPCL.NS,299.875,300.637,292.301,293.921,3672180.0,68.12,88.174,5.955,-0.003,-0.01
2025-09-02,BPCL.NS,300.066,302.305,297.97,300.971,3405312.0,69.14,88.001,-0.905,0.009,-0.009
2025-09-03,BPCL.NS,299.971,305.354,299.208,300.066,6616690.0,67.6,87.998,-0.095,,-0.001
2025-09-04,BPCL.NS,298.113,304.734,297.732,304.734,5225640.0,66.99,88.073,-6.622,0.007,-0.009
2025-09-05,BPCL.NS,297.732,301.495,296.779,298.208,6159420.0,65.5,88.193,-0.476,0.014,0.007
2025-09-08,BPCL.NS,301.495,303.115,298.732,299.065,2002604.0,66.02,88.186,2.43,0.005,-0.009
2025-09-09,BPCL.NS,299.113,305.02,298.732,302.781,6476251.0,66.39,87.98,-3.668,-0.003,-0.022
2025-09-10,BPCL.NS,302.924,303.21,299.875,300.59,5214899.0,67.49,88.218,2.334,0.01,-0.018
2025-09-11,BPCL.NS,304.877,311.165,302.495,303.162,7529271.0,66.37,88.053,1.715,0.023,-0.008
2025-09-12,BPCL.NS,302.972,307.926,302.067,305.878,4705998.0,66.99,88.268,-2.906,0.018,-0.0
2025-09-15,BPCL.NS,302.734,305.544,300.78,303.258,4653626.0,67.44,88.277,-0.524,0.004,
2025-09-16,BPCL.NS,303.21,305.925,301.543,304.258,5381837.0,68.47,88.123,-1.048,0.014,0.014
2025-09-17,BPCL.NS,308.259,309.403,304.163,304.734,7035565.0,67.95,87.885,3.525,0.018,0.007
2025-09-18,BPCL.NS,310.308,310.737,305.83,309.546,5615664.0,67.44,87.911,0.762,0.018,0.018
2025-09-19,BPCL.NS,313.976,318.216,309.45,310.213,10022009.0,66.68,88.207,3.763,0.036,0.03
2025-09-22,BPCL.NS,310.022,316.596,307.211,313.452,4768219.0,66.57,88.099,-3.43,0.024,0.028
2025-09-23,BPCL.NS,314.786,319.359,311.403,313.166,7992615.0,67.63,88.304,1.62,0.038,0.046
2025-09-24,BPCL.NS,314.738,316.691,311.546,314.833,5489995.0,69.31,88.808,-0.095,0.021,0.058
2025-09-25,BPCL.NS,314.071,316.786,311.546,313.547,5798602.0,69.42,88.779,0.524,0.012,
2025-09-26,BPCL.NS,309.022,314.405,307.688,314.214,5692665.0,70.13,88.773,-5.192,-0.016,0.044
2025-09-29,BPCL.NS,322.122,322.979,310.117,311.213,12616059.0,67.97,88.677,10.909,0.039,0.097
2025-09-30,BPCL.NS,323.599,326.123,321.217,323.694,6762730.0,67.02,88.704,-0.095,0.028,0.079
2025-10-01,BPCL.NS,323.646,331.268,322.598,324.885,9814406.0,65.35,88.841,-1.239,0.028,0.079
2025-10-02,BPCL.NS,,,,,,64.11,88.683,,,
2025-10-03,BPCL.NS,325.409,328.6,321.645,327.743,5833883.0,64.53,88.72,-2.334,0.053,0.092
2025-10-06,BPCL.NS,327.362,329.172,322.551,325.837,5914399.0,65.47,88.735,1.524,0.016,0.1
2025-10-07,BPCL.NS,325.742,329.887,324.932,327.362,5934834.0,65.45,88.721,-1.62,0.007,0.08
2025-10-08,BPCL.NS,328.791,333.459,323.456,325.123,7955678.0,66.25,88.743,3.668,0.016,0.099
2025-10-09,BPCL.NS,327.743,334.412,326.886,330.839,7028656.0,65.22,88.777,-3.096,,0.082
2025-10-10,BPCL.NS,322.693,330.887,321.264,329.172,5737637.0,62.73,88.865,-6.479,-0.008,0.058
2025-10-13,BPCL.NS,321.979,325.838,319.311,324.408,6785828.0,63.32,88.757,-2.429,-0.016,0.063
2025-10-14,BPCL.NS,316.739,324.218,315.024,322.169,4343927.0,62.39,88.665,-5.431,-0.028,0.046
2025-10-15,BPCL.NS,321.931,324.647,316.358,319.121,16271995.0,61.91,88.783,2.811,-0.021,0.062
2025-10-16,BPCL.NS,320.026,322.932,317.787,322.932,6279302.0,61.06,87.81,-2.906,-0.024,0.038
2025-10-17,BPCL.NS,319.978,322.312,316.977,320.216,7824777.0,61.29,87.991,-0.238,-0.008,0.031
2025-10-20,BPCL.NS,321.741,323.98,319.645,320.359,6134873.0,61.01,88.002,1.381,-0.001,0.025
2025-10-21,BPCL.NS,323.027,324.17,321.741,323.36,404063.0,61.32,87.88,-0.333,0.02,0.042
2025-10-22,BPCL.NS,,,,,,62.59,88.002,,,
2025-10-23,BPCL.NS,315.643,324.075,314.452,323.932,8457356.0,65.99,87.74,-8.289,-0.014,0.003
2025-10-24,BPCL.NS,314.833,318.597,311.737,314.548,8260920.0,65.94,87.779,0.286,-0.016,0.002
2025-10-27,BPCL.NS,326.79,327.267,315.596,316.977,11767585.0,65.62,87.829,9.813,0.016,0.057
2025-10-28,BPCL.NS,324.551,329.172,323.551,327.743,6156249.0,64.4,88.222,-3.192,0.005,0.008
2025-10-29,BPCL.NS,331.649,332.507,324.742,325.742,9756868.0,64.92,88.226,5.907,,0.025
2025-10-30,BPCL.NS,340.7,342.796,328.982,333.459,14807100.0,65.0,88.346,7.241,0.079,0.053
2025-10-31,BPCL.NS,339.938,343.511,338.318,341.081,7532962.0,65.07,88.634,-1.143,0.08,
2025-11-03,BPCL.NS,349.942,352.038,339.414,344.845,20107281.0,64.89,88.775,5.097,0.071,0.075
2025-11-04,BPCL.NS,355.325,356.278,350.752,352.371,12649509.0,64.44,88.723,2.954,0.095,0.085
2025-11-05,BPCL.NS,,,,,,63.52,88.732,,,
2025-11-06,BPCL.NS,350.561,362.042,349.894,362.042,11803637.0,63.38,88.557,-11.481,0.029,0.066
2025-11-07,BPCL.NS,357.077,357.758,349.88,350.123,11711108.0,63.63,88.673,6.954,0.05,0.09
2025-11-10,BPCL.NS,355.132,359.655,353.673,356.251,6934285.0,64.06,88.658,-1.118,0.015,0.101
2025-11-11,BPCL.NS,363.885,364.566,350.172,354.986,10689646.0,65.16,88.707,8.899,0.024,0.13
2025-11-12,BPCL.NS,365.15,368.699,363.35,364.906,9316462.0,62.71,88.466,0.243,,0.153
2025-11-13,BPCL.NS,364.663,368.359,361.892,366.754,9719258.0,63.01,88.594,-2.091,0.04,0.133
2025-11-14,BPCL.NS,360.968,369.332,359.314,363.739,6848609.0,64.39,88.816,-2.772,0.011,0.128
2025-11-17,BPCL.NS,363.983,371.082,361.794,362.378,9063998.0,64.2,88.682,1.605,0.025,0.138
2025-11-18,BPCL.NS,361.648,366.56,360.481,365.539,7729409.0,64.89,88.636,-3.89,-0.006,0.124
2025-11-19,BPCL.NS,355.618,362.67,354.84,361.648,7056032.0,63.51,88.557,-6.03,-0.026,0.101
2025-11-20,BPCL.NS,355.035,358.682,353.333,356.931,9025414.0,63.38,88.487,-1.897,-0.026,
2025-11-21,BPCL.NS,354.549,357.758,353.43,355.035,7177944.0,62.56,88.692,-0.486,-0.018,0.123
2025-11-24,BPCL.NS,349.783,357.175,347.984,354.549,13807356.0,63.37,89.634,-4.766,-0.039,0.111
2025-11-25,BPCL.NS,346.087,349.102,343.996,349.102,4113590.0,62.48,89.148,-3.015,-0.043,0.059
2025-11-26,BPCL.NS,357.564,357.904,346.33,347.011,7651793.0,63.13,89.151,10.552,0.005,0.102
2025-11-27,BPCL.NS,354.695,358.828,351.582,358.828,5180488.0,63.13,89.163,-4.133,-0.001,0.069
2025-11-28,BPCL.NS,349.248,356.931,348.762,355.764,3459790.0,63.2,89.365,-6.516,-0.015,0.025
2025-12-01,BPCL.NS,344.288,351.582,342.732,351.582,4470807.0,63.17,89.35,-7.294,-0.016,0.013
2025-12-02,BPCL.NS,348.908,351.242,344.531,345.99,9468149.0,62.45,89.613,2.918,0.008,-0.003
2025-12-03,BPCL.NS,348.567,351.096,346.039,349.151,6169622.0,62.67,89.917,-0.584,-0.025,-0.019
2025-12-04,BPCL.NS,346.233,351.68,343.802,350.123,5798181.0,63.26,90.171,-3.89,-0.024,
2025-12-05,BPCL.NS,350.415,351.68,343.607,346.233,3479044.0,63.75,89.836,4.182,0.003,-0.0
2025-12-08,BPCL.NS,347.741,353.041,345.407,353.041,6762135.0,62.49,89.938,-5.3,0.01,-0.026
2025-12-09,BPCL.NS,345.309,348.908,343.267,347.741,5612269.0,61.94,90.13,-2.431,-0.01,-0.028
2025-12-10,BPCL.NS,345.407,350.075,343.072,345.309,8521964.0,62.21,89.917,0.097,-0.009,-0.051
2025-12-11,BPCL.NS,341.662,346.574,339.523,345.407,4491115.0,61.28,89.793,-3.744,-0.013,-0.064
2025-12-12,BPCL.NS,355.035,356.591,342.829,342.829,6101145.0,61.12,90.253,12.206,0.013,-0.026
2025-12-15,BPCL.NS,356.931,359.314,351.193,355.084,6128925.0,60.56,90.577,1.848,0.026,-0.011
2025-12-16,BPCL.NS,358.05,358.925,351.777,356.688,4332510.0,58.92,90.777,1.362,0.037,-0.016
2025-12-17,BPCL.NS,358.244,362.621,355.959,359.849,6872112.0,59.68,90.949,-1.605,0.037,-0.009
2025-12-18,BPCL.NS,353.382,359.071,351.582,357.904,3880069.0,59.82,90.414,-4.522,0.034,-0.006
2025-12-19,BPCL.NS,355.91,357.369,352.166,353.965,6515994.0,60.47,90.256,1.945,0.002,0.002
2025-12-22,BPCL.NS,359.752,360.53,354.549,355.91,3949754.0,62.07,89.57,3.842,0.008,0.015
2025-12-23,BPCL.NS,359.849,363.253,358.439,359.752,3379297.0,62.38,89.604,0.097,0.005,0.029
2025-12-24,BPCL.NS,355.862,361.259,354.792,359.752,2339154.0,62.24,89.508,-3.89,-0.007,0.028
2025-12-26,BPCL.NS,355.959,358.099,351.777,355.424,2997958.0,60.64,90.106,0.535,0.007,-0.004
2025-12-29,BPCL.NS,361.405,361.794,354.792,355.959,4666863.0,61.94,89.829,5.446,0.015,0.019
2025-12-30,BPCL.NS,359.363,365.83,358.099,361.6,8567519.0,61.92,89.9,-2.237,-0.001,0.029
2025-12-31,BPCL.NS,373.465,375.41,358.877,359.363,12051156.0,60.85,89.769,14.102,0.038,0.085
2026-01-01,BPCL.NS,371.034,377.501,368.748,375.799,6554899.0,60.85,89.769,-4.766,0.043,0.063
2026-01-02,BPCL.NS,370.985,375.021,367.532,371.52,3614573.0,60.75,89.962,-0.535,0.042,0.064
2026-01-05,BPCL.NS,367.532,374.875,364.128,369.575,5243413.0,61.76,90.007,-2.042,0.017,0.062
2026-01-06,BPCL.NS,360.627,367.435,354.014,367.387,6881934.0,60.7,90.233,-6.759,0.004,0.029
2026-01-07,BPCL.NS,358.099,363.156,356.445,361.357,6613161.0,59.96,90.166,-3.258,-0.041,0.03
2026-01-08,BPCL.NS,344.823,356.494,342.537,356.153,7714421.0,61.99,89.864,-11.33,-0.071,-0.001
2026-01-09,BPCL.NS,344.434,349.783,342.537,343.316,5252007.0,63.34,89.905,1.118,-0.072,-0.003
2026-01-12,BPCL.NS,348.908,349.248,339.96,343.899,4474234.0,63.87,90.236,5.009,-0.051,0.021
2026-01-13,BPCL.NS,345.358,350.269,342.392,350.123,3681627.0,65.47,90.133,-4.766,-0.042,-0.027
2026-01-14,BPCL.NS,347.108,348.665,341.516,344.774,7777436.0,66.52,90.273,2.334,-0.031,-0.028
2026-01-15,BPCL.NS,347.108,347.108,347.108,347.108,0.0,63.76,90.183,0.0,0.007,-0.031
2026-01-16,BPCL.NS,353.236,357.661,348.178,348.178,6243090.0,64.13,90.362,5.057,0.026,-0.014
2026-01-19,BPCL.NS,351.339,356.931,349.102,354.014,4545354.0,64.13,90.702,-2.675,0.007,-0.006
2026-01-20,BPCL.NS,345.455,351.096,343.316,351.096,6408732.0,64.92,90.905,-5.641,0.0,-0.029
2026-01-21,BPCL.NS,342.294,348.908,336.021,344.288,6076732.0,65.24,91.118,-1.994,-0.014,-0.049
2026-01-22,BPCL.NS,344.434,351.291,344.094,345.261,4615713.0,64.06,91.537,-0.827,-0.008,-0.043
2026-01-23,BPCL.NS,339.571,351.971,338.647,346.233,5338663.0,65.88,91.558,-6.662,-0.039,-0.046
2026-01-26,BPCL.NS,,,,,,65.59,91.501,,,
2026-01-27,BPCL.NS,347.595,350.026,340.933,348.178,11887552.0,67.57,91.713,-0.584,0.006,-0.038
2026-01-28,BPCL.NS,352.409,355.862,347.595,350.61,12428097.0,68.4,91.534,1.799,0.03,-0.019
2026-01-29,BPCL.NS,356.883,357.807,347.449,352.409,14186586.0,70.71,92.041,4.474,0.036,-0.044
2026-01-30,BPCL.NS,354.5,357.904,349.637,356.64,12639803.0,70.69,91.782,-2.14,0.044,-0.045
2026-02-02,BPCL.NS,366.7,367.6,351.0,353.0,12038292.0,66.3,91.687,13.7,,-0.012
2026-02-03,BPCL.NS,373.45,374.7,358.3,372.0,12411365.0,67.33,90.246,1.45,0.074,0.016
2026-02-04,BPCL.NS,382.45,383.2,370.35,373.0,8138573.0,69.46,90.423,9.45,0.085,0.061
2026-02-05,BPCL.NS,382.05,391.65,378.35,386.0,8446290.0,67.55,90.125,-3.95,0.071,0.067
2026-02-06,BPCL.NS,386.35,386.9,381.35,382.5,7988984.0,68.05,90.315,3.85,0.09,0.12
2026-02-09,BPCL.NS,388.3,389.5,382.9,386.5,5171617.0,69.04,90.588,1.8,0.059,0.127
2026-02-10,BPCL.NS,386.35,388.0,381.9,386.0,3114005.0,68.8,90.823,0.35,0.035,0.107
2026-02-11,BPCL.NS,387.6,390.9,386.0,388.0,5156493.0,69.4,90.588,-0.4,0.013,0.122
2026-02-12,BPCL.NS,377.7,389.5,373.55,387.05,6352805.0,67.52,90.736,-9.35,-0.011,0.088
2026-02-13,BPCL.NS,374.1,378.4,372.95,377.45,2696607.0,67.75,90.564,-3.35,-0.032,0.078
2026-02-16,BPCL.NS,374.35,375.3,369.05,372.65,1709180.0,67.75,90.571,1.7,-0.036,0.06
2026-02-17,BPCL.NS,374.95,375.8,366.55,374.35,2646518.0,67.42,90.783,0.6,-0.03,0.067
2026-02-18,BPCL.NS,380.9,381.4,375.75,377.0,2527223.0,70.35,90.626,3.9,-0.017,0.103
2026-02-19,BPCL.NS,367.65,378.85,365.0,377.45,5506935.0,71.66,90.794,-9.8,-0.027,0.074
2026-02-20,BPCL.NS,366.3,367.9,362.3,364.85,6928709.0,71.76,91.041,1.45,-0.021,0.063
2026-02-23,BPCL.NS,372.1,376.7,366.65,370.0,7760029.0,71.49,90.727,2.1,-0.006,0.096
2026-02-24,BPCL.NS,374.45,376.0,369.0,370.0,7718539.0,70.77,91.02,4.45,-0.001,
2026-02-25,BPCL.NS,381.05,381.9,374.0,376.1,7003584.0,70.85,90.918,4.95,0.0,0.096
2026-02-26,BPCL.NS,386.0,387.0,378.55,380.0,4800186.0,70.75,90.951,6.0,0.05,0.095
2026-02-27,BPCL.NS,385.4,389.9,382.5,386.65,9020770.0,72.48,91.007,-1.25,0.052,0.08
2026-03-02,BPCL.NS,374.8,376.95,367.1,368.0,14939455.0,77.74,91.08,6.8,0.007,0.057
2026-03-03,BPCL.NS,,,,,,81.4,91.563,,,
2026-03-04,BPCL.NS,356.4,367.85,352.7,365.0,13534628.0,81.4,92.009,-8.6,-0.065,-0.046
2026-03-05,BPCL.NS,360.35,362.5,351.1,356.65,12170764.0,85.41,92.123,3.7,-0.066,-0.058
2026-03-06,BPCL.NS,352.75,362.05,351.2,362.05,10536915.0,92.69,91.787,-9.3,-0.085,-0.077
2026-03-09,BPCL.NS,331.15,341.45,322.8,341.35,34756111.0,98.96,91.936,-10.2,-0.116,-0.143
2026-03-10,BPCL.NS,325.9,342.2,324.35,336.5,15916729.0,87.8,91.221,-10.6,,-0.161
2026-03-11,BPCL.NS,325.05,328.9,322.75,326.0,13909498.0,91.98,92.165,-0.95,-0.088,-0.159
2026-03-12,BPCL.NS,326.35,330.35,314.0,318.7,11176171.0,100.46,92.229,7.65,-0.094,-0.158
2026-03-13,BPCL.NS,319.3,325.35,318.15,323.65,7556076.0,103.14,92.39,-4.35,-0.095,-0.155
2026-03-16,BPCL.NS,304.95,318.45,301.1,314.9,18589204.0,100.21,92.564,-9.95,-0.079,-0.185
2026-03-17,BPCL.NS,300.05,305.9,298.15,305.3,16467622.0,103.42,92.283,-5.25,-0.079,-0.198
2026-03-18,BPCL.NS,303.7,307.45,299.6,300.8,9223774.0,107.38,92.391,2.9,-0.066,-0.19
2026-03-19,BPCL.NS,286.0,298.0,284.4,298.0,15494502.0,108.65,93.247,-12.0,-0.124,-0.249
2026-03-20,BPCL.NS,287.8,295.85,286.95,288.5,16601274.0,112.19,93.082,-0.7,-0.099,-0.217
2026-03-23,BPCL.NS,271.3,281.0,270.0,280.05,14357554.0,99.94,93.895,-8.75,-0.11,-0.259
2026-03-24,BPCL.NS,282.25,283.0,270.7,280.0,19542984.0,104.49,93.244,2.25,-0.059,-0.241
2026-03-25,BPCL.NS,284.55,289.75,281.8,288.2,18451485.0,102.22,94.3,-3.65,-0.063,-0.24
2026-03-26,BPCL.NS,,,,,,108.01,94.694,,,
2026-03-27,BPCL.NS,282.7,298.5,280.8,290.0,29524543.0,112.57,94.31,-7.3,-0.018,-0.268
2026-03-30,BPCL.NS,281.0,285.25,273.1,274.95,14757987.0,112.78,94.782,6.05,0.036,-0.271
2026-03-31,BPCL.NS,,,,,,118.35,94.356,,,
2026-04-01,BPCL.NS,281.25,292.0,280.1,292.0,16919233.0,101.16,93.484,-10.75,-0.012,
2026-04-02,BPCL.NS,278.15,281.15,266.6,275.3,13404373.0,109.03,92.643,2.85,,-0.22
2026-04-03,BPCL.NS,,,,,,109.03,92.974,,,
2026-04-06,BPCL.NS,278.7,279.95,272.15,277.75,11923889.0,109.77,92.971,0.95,-0.008,-0.21
2026-04-07,BPCL.NS,277.45,278.25,271.0,273.2,14410706.0,109.27,92.817,4.25,,-0.162
2026-04-08,BPCL.NS,298.1,301.5,292.15,293.5,26646510.0,94.75,92.86,4.6,0.06,-0.085
2026-04-09,BPCL.NS,297.35,299.7,293.0,296.0,17580272.0,95.92,92.275,1.35,0.069,-0.085
2026-04-10,BPCL.NS,299.35,303.2,296.2,297.4,13853270.0,95.2,92.47,1.95,,-0.083
2026-04-13,BPCL.NS,292.95,294.0,284.25,284.25,13454302.0,99.36,94.509,8.7,0.051,-0.083
2026-04-14,BPCL.NS,,,,,,94.79,94.947,,,
2026-04-15,BPCL.NS,310.45,311.45,299.0,300.6,26146547.0,94.93,93.165,9.85,0.041,0.035
2026-04-16,BPCL.NS,307.95,314.9,307.25,314.9,14067180.0,99.39,93.387,-6.95,0.036,0.014
2026-04-17,BPCL.NS,312.1,313.7,306.25,308.8,10758881.0,90.38,93.048,3.3,0.043,0.091
2026-04-20,BPCL.NS,316.05,319.0,307.0,312.1,14504057.0,95.48,92.603,3.95,0.079,0.098
2026-04-21,BPCL.NS,318.05,320.1,315.1,316.05,9935289.0,98.48,93.124,2.0,,0.172
2026-04-22,BPCL.NS,314.4,317.0,313.0,317.0,7456858.0,101.91,93.623,-2.6,0.013,0.114
2026-04-23,BPCL.NS,309.8,313.75,308.4,312.0,8518111.0,105.07,93.8,-2.2,0.006,0.089
2026-04-24,BPCL.NS,308.1,310.75,300.15,309.0,10531252.0,105.33,94.113,-0.9,-0.013,
2026-04-27,BPCL.NS,312.65,315.1,306.7,308.3,5296412.0,108.23,94.25,4.35,-0.011,0.106
2026-04-28,BPCL.NS,307.75,313.1,305.15,308.7,14434171.0,111.26,94.258,-0.95,-0.032,0.095
2026-04-29,BPCL.NS,303.9,310.9,303.15,308.4,16918034.0,118.03,94.646,-4.5,-0.033,
2026-04-30,BPCL.NS,300.45,302.35,295.55,300.05,13025294.0,114.01,94.917,0.4,-0.03,0.068
2026-05-01,BPCL.NS,300.45,300.45,300.45,300.45,0.0,108.17,94.759,0.0,-0.025,0.08
2026-05-04,BPCL.NS,301.7,305.9,300.1,302.5,9009471.0,114.44,94.903,-0.8,-0.035,
2026-05-05,BPCL.NS,298.5,300.45,293.3,300.25,12433693.0,109.87,95.259,-1.75,-0.03,0.071
2026-05-06,BPCL.NS,314.05,316.6,301.85,304.7,16983058.0,101.27,95.183,9.35,0.033,0.132
2026-05-07,BPCL.NS,307.6,316.95,305.1,315.7,17998452.0,100.06,94.608,-8.1,0.024,0.032
2026-05-08,BPCL.NS,302.75,306.35,301.4,306.0,11782486.0,101.29,94.253,-3.25,0.008,0.018
2026-05-11,BPCL.NS,294.45,299.4,293.75,298.75,10388130.0,104.21,94.425,-4.3,-0.024,-0.016
2026-05-12,BPCL.NS,287.85,293.7,286.0,286.0,10652991.0,107.77,95.391,1.85,-0.036,-0.017
2026-05-13,BPCL.NS,297.1,299.0,288.55,288.55,12403055.0,105.63,95.633,8.55,-0.054,
2026-05-14,BPCL.NS,295.0,301.1,291.15,301.1,11845204.0,105.72,95.696,-6.1,-0.041,-0.05
2026-05-15,BPCL.NS,284.45,294.65,283.5,293.0,14828416.0,109.26,95.71,-8.55,-0.06,-0.076
2026-05-18,BPCL.NS,280.8,282.5,276.6,282.0,8613476.0,112.1,95.97,-1.2,-0.046,-0.1
2026-05-19,BPCL.NS,286.45,289.8,282.0,282.0,6955573.0,111.28,96.27,4.45,-0.005,-0.094
2026-05-20,BPCL.NS,293.75,294.75,280.05,281.85,10290169.0,105.02,96.566,11.9,-0.011,-0.076
2026-05-21,BPCL.NS,296.4,298.5,294.75,295.0,10786772.0,102.58,96.528,1.4,0.005,-0.057
2026-05-22,BPCL.NS,295.6,297.7,291.6,297.0,5366953.0,103.54,96.174,-1.4,0.039,-0.046
2026-05-25,BPCL.NS,308.25,309.0,304.05,305.0,14530864.0,103.54,95.719,3.25,0.098,0.0
2026-05-26,BPCL.NS,304.6,308.3,302.1,308.25,8611871.0,99.58,95.253,-3.65,0.063,-0.026
2026-05-27,BPCL.NS,307.15,308.45,302.15,305.5,5948761.0,94.29,95.905,1.65,0.046,-0.002
2026-05-28,BPCL.NS,307.15,307.15,307.15,307.15,0.0,93.71,96.049,0.0,0.036,0.011
2026-05-29,BPCL.NS,298.1,312.0,290.0,310.6,26387806.0,92.05,96.048,-12.5,0.008,-0.008
2026-06-01,BPCL.NS,296.85,300.35,295.65,298.75,7741307.0,94.98,95.003,-1.9,-0.037,-0.012
2026-06-02,BPCL.NS,294.4,297.45,291.0,294.0,8495475.0,96.0,95.551,0.4,-0.033,-0.024
2026-06-03,BPCL.NS,292.1,294.25,290.15,294.0,6711789.0,97.81,95.263,-1.9,-0.049,-0.021
2026-06-04,BPCL.NS,295.15,296.2,290.1,290.1,8514225.0,95.03,96.164,5.05,-0.039,-0.06
2026-06-05,BPCL.NS,295.0,295.9,291.75,295.0,5528678.0,93.09,95.79,0.0,-0.01,-0.041
2026-06-08,BPCL.NS,285.15,292.4,283.9,291.4,5454197.0,94.25,94.95,-6.25,-0.039,-0.058
2026-06-09,BPCL.NS,289.1,290.15,285.25,288.75,5025923.0,91.45,95.688,0.35,-0.018,-0.018
2026-06-10,BPCL.NS,288.0,290.2,286.3,289.0,6874985.0,93.1,95.36,-1.0,-0.014,0.001
2026-06-11,BPCL.NS,286.35,287.4,280.25,285.0,12991146.0,90.38,95.645,1.35,-0.03,-0.036
2026-06-12,BPCL.NS,302.35,303.8,292.55,293.1,11278769.0,87.33,95.76,9.25,0.025,0.025
2026-06-15,BPCL.NS,310.6,316.75,308.75,315.0,15261091.0,83.17,95.11,-4.4,0.089,0.092
2026-06-16,BPCL.NS,312.1,314.0,309.5,314.0,8875346.0,78.96,94.742,-1.9,0.08,0.111
2026-06-17,BPCL.NS,317.95,319.5,315.3,316.0,14716072.0,79.55,94.889,1.95,0.104,0.11
2026-06-18,BPCL.NS,316.3,321.6,314.4,319.0,7174272.0,79.85,94.859,-2.7,0.105,0.077
2026-06-19,BPCL.NS,306.6,315.0,305.1,315.0,11322845.0,79.85,94.34,-8.4,0.014,0.034
2026-06-22,BPCL.NS,308.6,311.8,306.8,311.75,5440551.0,77.9,94.33,-3.15,-0.006,0.044
2026-06-23,BPCL.NS,308.55,313.35,307.5,309.05,6611723.0,77.08,94.701,-0.5,-0.011,0.001
2026-06-24,BPCL.NS,315.7,316.8,308.2,308.85,7690718.0,73.74,95.184,6.85,-0.007,0.036
2026-06-25,BPCL.NS,309.75,320.85,309.0,319.95,9118712.0,75.26,94.441,-10.2,-0.021,0.008
2026-06-26,BPCL.NS,309.75,309.75,309.75,309.75,0.0,71.99,94.4,0.0,0.01,0.008
2026-06-29,BPCL.NS,300.8,309.0,299.75,308.7,11893768.0,73.15,94.36,-7.9,-0.025,0.009
2026-06-30,BPCL.NS,303.55,304.45,299.9,301.2,4259519.0,72.92,94.79,2.35,-0.016,0.023
2026-07-01,BPCL.NS,304.2,306.5,301.15,305.2,4919350.0,71.57,94.918,-1.0,-0.036,0.033
2026-07-02,BPCL.NS,310.45,314.5,304.8,305.0,7323630.0,71.8,95.418,5.45,0.002,0.063
2026-07-03,BPCL.NS,308.15,313.6,306.7,313.6,3035350.0,71.8,95.527,-5.45,-0.005,0.044
2026-07-06,BPCL.NS,308.15,310.9,306.05,308.15,2818204.0,71.99,95.215,0.0,0.024,0.045
2026-07-07,BPCL.NS,313.95,315.85,307.75,309.5,6889552.0,74.16,95.604,4.45,0.034,0.101
2026-07-08,BPCL.NS,303.55,307.85,299.4,306.95,15951234.0,78.02,95.593,-3.4,-0.002,0.05
2026-07-09,BPCL.NS,308.2,309.1,299.75,303.55,5543009.0,76.3,95.862,4.65,-0.007,0.07
2026-07-10,BPCL.NS,309.75,313.75,309.1,312.0,3799709.0,76.01,95.39,-2.25,0.005,0.082
2026-07-13,BPCL.NS,307.55,309.15,302.15,304.8,5543349.0,83.3,95.325,2.75,-0.002,0.017
2026-07-14,BPCL.NS,305.35,307.2,302.05,302.95,9995741.0,84.73,96.299,2.4,-0.027,-0.017
2026-07-15,BPCL.NS,309.6,311.15,306.0,306.0,9056446.0,84.95,96.425,3.6,0.02,-0.008
2026-07-16,BPCL.NS,312.0,318.25,310.3,312.05,7899255.0,84.23,96.499,-0.05,0.012,-0.019
2026-07-17,BPCL.NS,314.2,314.5,310.4,311.6,2791244.0,84.68,96.353,2.6,0.014,-0.007
2025-01-01,HINDPETRO.NS,397.674,399.266,390.297,395.408,2185656.0,75.93,85.786,2.266,,
2025-01-02,HINDPETRO.NS,398.012,401.002,390.104,397.578,2391474.0,75.93,85.786,0.434,,
2025-01-03,HINDPETRO.NS,398.349,402.255,393.19,398.783,4037493.0,76.51,85.804,-0.434,,
2025-01-06,HINDPETRO.NS,375.107,399.266,374.191,398.349,5016149.0,76.3,85.759,-23.242,,
2025-01-07,HINDPETRO.NS,372.455,383.449,371.442,377.952,3195402.0,77.05,85.681,-5.497,,
2025-01-08,HINDPETRO.NS,377.422,380.653,368.115,372.744,3631344.0,76.16,85.807,4.677,-0.051,
2025-01-09,HINDPETRO.NS,371.105,379.013,369.803,379.013,2525567.0,76.92,85.908,-7.908,-0.068,
2025-01-10,HINDPETRO.NS,374.625,378.82,366.042,373.757,3504508.0,79.76,85.92,0.868,-0.06,
2025-01-13,HINDPETRO.NS,351.431,363.148,347.332,363.148,13439614.0,81.01,86.188,-11.718,-0.063,
2025-01-14,HINDPETRO.NS,359.966,362.57,350.9,352.01,3392260.0,79.92,86.651,7.956,-0.034,
2025-01-15,HINDPETRO.NS,350.322,365.945,347.766,364.065,4162695.0,82.03,86.535,-13.743,-0.072,
2025-01-16,HINDPETRO.NS,345.452,352.54,344.68,351.045,5072603.0,81.29,86.431,-5.594,-0.069,
2025-01-17,HINDPETRO.NS,346.127,350.274,342.558,345.596,3122954.0,80.79,86.606,0.53,-0.076,
2025-01-20,HINDPETRO.NS,347.525,350.466,340.774,347.187,6963879.0,80.79,86.569,0.338,-0.011,
2025-01-21,HINDPETRO.NS,356.783,359.146,345.259,350.081,12344913.0,79.29,86.211,6.703,-0.009,
2025-01-22,HINDPETRO.NS,356.928,361.364,350.274,360.496,6676035.0,79.0,86.452,-3.568,0.019,
2025-01-23,HINDPETRO.NS,349.213,360.496,347.043,359.725,5143368.0,78.29,86.473,-10.512,0.011,
2025-01-24,HINDPETRO.NS,340.292,366.428,338.749,360.882,18088473.0,78.5,86.44,-20.59,-0.017,
2025-01-27,HINDPETRO.NS,333.638,338.411,331.13,337.929,4454025.0,77.08,86.203,-4.292,-0.04,
2025-01-28,HINDPETRO.NS,337.061,339.231,329.298,337.543,5097372.0,77.49,86.468,-0.482,-0.055,
2025-01-29,HINDPETRO.NS,332.962,339.713,331.468,338.363,3747258.0,76.58,86.585,-5.401,-0.067,
2025-01-30,HINDPETRO.NS,339.086,341.497,333.686,336.531,4412278.0,76.87,86.641,2.556,-0.029,-0.147
2025-01-31,HINDPETRO.NS,345.5,346.657,336.965,338.508,2019592.0,76.76,86.647,6.992,0.015,-0.132
2025-02-01,HINDPETRO.NS,332.577,346.127,321.245,345.5,7985220.0,76.76,86.647,-12.923,-0.003,-0.165
2025-02-03,HINDPETRO.NS,313.337,321.438,307.357,318.255,26282943.0,75.96,86.554,-4.918,-0.07,-0.165
2025-02-04,HINDPETRO.NS,321.824,322.933,315.507,316.809,7377189.0,76.2,86.943,5.015,-0.033,-0.136
2025-02-05,HINDPETRO.NS,330.696,337.206,327.996,329.925,7113783.0,74.61,87.13,0.772,-0.025,-0.124
2025-02-06,HINDPETRO.NS,330.889,336.724,328.478,336.193,3123836.0,74.29,87.334,-5.304,-0.042,-0.108
2025-02-07,HINDPETRO.NS,330.31,334.361,327.465,332.721,1712683.0,74.66,87.588,-2.411,-0.007,-0.118
2025-02-10,HINDPETRO.NS,326.26,331.757,323.125,330.793,1957224.0,75.87,87.513,-4.533,0.041,-0.072
2025-02-11,HINDPETRO.NS,318.255,326.26,316.567,326.26,1562978.0,77.0,87.49,-8.005,-0.011,-0.116
2025-02-12,HINDPETRO.NS,312.421,318.545,307.309,318.255,3179345.0,75.18,86.811,-5.835,-0.055,-0.108
2025-02-13,HINDPETRO.NS,308.756,321.92,307.84,316.326,9771116.0,75.02,86.874,-7.571,-0.067,-0.106
2025-02-14,HINDPETRO.NS,301.233,311.938,293.566,311.504,9525190.0,74.74,86.754,-10.271,-0.088,-0.13
2025-02-17,HINDPETRO.NS,306.779,308.997,292.457,301.523,4591304.0,74.74,86.435,5.256,-0.06,-0.117
2025-02-18,HINDPETRO.NS,308.563,309.286,301.282,307.647,1673581.0,75.84,86.855,0.916,-0.03,-0.135
2025-02-19,HINDPETRO.NS,313.047,314.783,305.38,307.598,2325236.0,76.04,86.887,5.449,0.002,-0.123
2025-02-20,HINDPETRO.NS,319.895,320.377,309.817,312.276,1771611.0,76.48,86.873,7.619,0.036,-0.084
2025-02-21,HINDPETRO.NS,311.504,319.22,310.443,319.22,2193356.0,74.43,86.451,-7.715,0.034,-0.085
2025-02-24,HINDPETRO.NS,307.936,313.915,306.345,309.479,3307496.0,74.78,86.529,-1.543,0.004,-0.077
2025-02-25,HINDPETRO.NS,298.822,308.852,298.34,307.936,4356438.0,73.02,86.69,-9.114,-0.032,-0.113
2025-02-26,HINDPETRO.NS,,,,,,72.53,87.081,,,
2025-02-27,HINDPETRO.NS,296.074,301.667,291.541,299.931,4865436.0,74.04,87.162,-3.858,-0.074,-0.127
2025-02-28,HINDPETRO.NS,283.295,295.109,282.042,294.145,6517549.0,73.18,87.327,-10.85,-0.091,-0.18
2025-03-03,HINDPETRO.NS,287.201,288.262,277.316,284.501,3792065.0,71.62,87.464,2.7,-0.067,-0.136
2025-03-04,HINDPETRO.NS,303.982,305.139,279.775,283.633,7276713.0,71.04,87.33,20.349,0.017,-0.03
2025-03-05,HINDPETRO.NS,314.542,322.595,302.873,302.873,12406494.0,69.3,87.217,11.669,,-0.023
2025-03-06,HINDPETRO.NS,327.08,330.214,319.991,322.788,12790937.0,69.46,86.889,4.292,0.105,-0.011
2025-03-07,HINDPETRO.NS,320.618,326.983,318.4,326.838,3825464.0,70.36,87.129,-6.22,0.132,-0.031
2025-03-10,HINDPETRO.NS,314.205,331.757,312.71,324.524,7154245.0,69.28,87.074,-10.319,0.094,-0.049
2025-03-11,HINDPETRO.NS,317.966,322.016,309.093,312.469,6272107.0,69.56,87.355,5.497,0.046,-0.025
2025-03-12,HINDPETRO.NS,315.7,330.793,314.205,322.643,8497676.0,70.95,87.2,-6.944,0.004,-0.008
2025-03-13,HINDPETRO.NS,312.179,316.712,311.504,315.7,4696394.0,69.88,87.341,-3.52,-0.046,-0.001
2025-03-14,HINDPETRO.NS,,,,,,70.58,86.922,,,
2025-03-17,HINDPETRO.NS,313.915,318.641,312.179,314.253,5417463.0,71.07,86.939,-0.338,-0.001,0.042
2025-03-18,HINDPETRO.NS,313.915,313.915,313.915,313.915,0.0,70.56,86.916,0.0,-0.013,0.023
2025-03-19,HINDPETRO.NS,316.326,318.641,312.565,314.398,5942282.0,70.78,86.576,1.929,0.002,0.025
2025-03-20,HINDPETRO.NS,324.572,327.417,315.41,319.027,4833173.0,72.0,86.337,5.545,0.04,0.037
2025-03-21,HINDPETRO.NS,344.246,347.38,322.209,324.042,15733590.0,72.16,86.336,20.204,,0.076
2025-03-24,HINDPETRO.NS,349.02,358.76,341.69,357.796,9399628.0,73.0,85.987,-8.776,0.112,0.12
2025-03-25,HINDPETRO.NS,348.586,352.01,340.147,346.271,6724910.0,73.02,85.532,2.315,0.11,0.132
2025-03-26,HINDPETRO.NS,339.376,351.527,338.556,347.332,4094188.0,73.79,85.59,-7.956,0.073,0.136
2025-03-27,HINDPETRO.NS,346.754,351.045,336.724,338.267,4545137.0,74.03,86.095,8.487,0.068,
2025-03-28,HINDPETRO.NS,347.525,356.205,345.307,350.804,5348515.0,73.63,85.695,-3.279,0.01,0.174
2025-03-31,HINDPETRO.NS,,,,,,74.74,85.539,,,
2025-04-01,HINDPETRO.NS,348.827,350.563,337.158,342.173,5111753.0,74.49,85.468,6.654,0.001,0.215
2025-04-02,HINDPETRO.NS,349.261,350.466,340.485,347.284,2536402.0,74.95,85.61,1.977,0.029,0.149
2025-04-03,HINDPETRO.NS,349.55,360.979,346.561,348.152,5566330.0,70.14,85.651,1.398,0.008,0.111
2025-04-04,HINDPETRO.NS,345.596,364.402,338.122,359.725,12874209.0,65.58,85.283,-14.129,-0.006,0.057
2025-04-07,HINDPETRO.NS,340.244,353.89,329.346,337.543,15489620.0,64.21,85.529,2.7,,0.061
2025-04-08,HINDPETRO.NS,356.012,358.471,340.437,347.284,10576907.0,62.82,86.027,8.728,0.021,0.133
2025-04-09,HINDPETRO.NS,365.801,369.417,352.154,358.76,11180400.0,65.48,86.435,7.04,0.047,0.15
2025-04-10,HINDPETRO.NS,,,,,,63.33,86.209,,,
2025-04-11,HINDPETRO.NS,368.597,372.985,363.631,370.816,7217670.0,64.76,86.26,-2.218,0.067,0.181
2025-04-14,HINDPETRO.NS,,,,,,64.88,86.193,,,
2025-04-15,HINDPETRO.NS,365.608,373.178,362.714,372.793,4572204.0,64.67,86.045,-7.185,0.027,0.165
2025-04-16,HINDPETRO.NS,376.168,377.229,363.872,365.029,3731014.0,65.85,85.727,11.139,0.028,0.198
2025-04-17,HINDPETRO.NS,373.902,377.373,371.346,376.023,2358710.0,67.96,85.62,-2.122,,0.182
2025-04-21,HINDPETRO.NS,380.797,384.799,370.816,373.902,2836553.0,66.26,85.62,6.896,0.033,0.173
2025-04-22,HINDPETRO.NS,384.269,387.934,379.013,381.81,5630844.0,67.44,85.159,2.459,,0.116
2025-04-23,HINDPETRO.NS,374.962,384.992,370.189,384.317,4742867.0,66.12,85.232,-9.355,0.026,0.074
2025-04-24,HINDPETRO.NS,376.554,379.977,373.516,376.12,4385172.0,66.55,85.5,0.434,0.001,0.08
2025-04-25,HINDPETRO.NS,367.151,379.109,364.788,376.506,2552932.0,66.87,85.257,-9.355,-0.018,0.082
2025-04-28,HINDPETRO.NS,378.242,379.013,363.582,363.582,6104973.0,65.86,85.385,14.659,-0.007,0.091
2025-04-29,HINDPETRO.NS,377.181,382.678,375.396,379.109,4419920.0,64.25,85.16,-1.929,-0.018,0.085
2025-04-30,HINDPETRO.NS,365.222,388.416,361.171,380.942,9150558.0,63.12,85.171,-15.72,-0.026,
2025-05-01,HINDPETRO.NS,,,,,,62.13,84.531,,,
2025-05-02,HINDPETRO.NS,369.851,376.409,366.427,366.427,3503397.0,61.29,84.697,3.424,0.007,0.059
2025-05-05,HINDPETRO.NS,395.263,399.266,377.325,378.049,28073682.0,60.23,84.526,17.215,0.045,0.131
2025-05-06,HINDPETRO.NS,382.678,397.192,381.038,395.408,5485163.0,62.15,84.221,-12.73,0.015,0.107
2025-05-07,HINDPETRO.NS,382.822,390.682,378.627,379.977,8825404.0,61.12,84.793,2.845,0.048,0.125
2025-05-08,HINDPETRO.NS,374.287,388.271,371.298,384.799,5347464.0,62.84,84.817,-10.512,,0.051
2025-05-09,HINDPETRO.NS,372.503,374.191,366.476,368.597,3757854.0,63.91,86.082,3.906,0.007,0.018
2025-05-12,HINDPETRO.NS,374.962,382.871,372.262,380.942,4957935.0,64.96,85.408,-5.979,-0.051,
2025-05-13,HINDPETRO.NS,375.059,379.592,372.455,376.12,3665291.0,66.63,84.966,-1.061,-0.02,0.018
2025-05-14,HINDPETRO.NS,382.485,383.835,377.518,378.82,4370060.0,66.09,85.06,3.665,-0.001,
2025-05-15,HINDPETRO.NS,388.368,392.804,383.546,385.764,5828155.0,64.53,85.488,2.604,0.038,0.062
2025-05-16,HINDPETRO.NS,395.456,396.565,388.32,390.056,5353067.0,65.41,85.445,5.401,0.062,0.051
2025-05-19,HINDPETRO.NS,390.489,396.855,389.718,395.504,2489091.0,65.54,85.5,-5.015,0.041,0.044
2025-05-20,HINDPETRO.NS,383.256,395.89,378.241,391.55,3231580.0,65.38,85.372,-8.294,0.022,0.006
2025-05-21,HINDPETRO.NS,390.489,391.454,376.65,381.424,3723167.0,64.91,85.536,9.065,0.021,0.016
2025-05-22,HINDPETRO.NS,386.969,392.467,383.642,390.586,1971376.0,64.44,85.6,-3.617,-0.004,0.032
2025-05-23,HINDPETRO.NS,393.576,397.096,389.622,389.622,5540517.0,64.78,85.975,3.954,-0.005,0.045
2025-05-26,HINDPETRO.NS,399.844,402.593,393.913,394.251,2976520.0,64.78,85.199,5.594,0.024,0.089
2025-05-27,HINDPETRO.NS,397.481,400.76,391.84,400.182,4849935.0,64.09,85.158,-2.7,0.037,0.051
2025-05-28,HINDPETRO.NS,403.22,405.534,394.492,397.481,5630546.0,64.9,85.36,5.738,0.033,0.069
2025-05-29,HINDPETRO.NS,399.989,404.232,397.915,403.943,3108847.0,64.15,85.386,-3.954,0.034,0.095
2025-05-30,HINDPETRO.NS,396.421,403.991,394.347,399.989,6164496.0,63.9,85.361,-3.568,0.007,
2025-06-02,HINDPETRO.NS,393.672,398.012,392.515,395.022,2200493.0,64.63,85.524,-1.35,-0.015,0.064
2025-06-03,HINDPETRO.NS,387.693,395.408,386.825,392.997,2570008.0,65.63,85.364,-5.304,-0.025,-0.019
2025-06-04,HINDPETRO.NS,392.129,393.142,386.728,389.622,2415724.0,64.86,85.709,2.507,-0.028,0.025
2025-06-05,HINDPETRO.NS,386.728,394.829,385.667,393.961,2588378.0,65.34,85.904,-7.233,-0.033,0.01
2025-06-06,HINDPETRO.NS,392.563,393.238,387.934,387.934,1443804.0,66.47,85.878,4.629,-0.01,0.049
2025-06-09,HINDPETRO.NS,393.913,395.022,390.441,392.563,1139355.0,67.04,85.785,1.35,0.001,0.057
2025-06-10,HINDPETRO.NS,390.682,395.312,389.718,394.54,2079819.0,66.87,85.756,-3.858,0.008,0.042
2025-06-11,HINDPETRO.NS,400.085,407.945,391.599,392.177,8990781.0,69.77,85.653,7.908,0.02,0.067
2025-06-12,HINDPETRO.NS,378.579,395.408,376.506,395.408,12405231.0,69.36,85.47,-16.829,-0.021,-0.01
2025-06-13,HINDPETRO.NS,372.503,374.577,356.976,362.618,17736231.0,74.23,85.688,9.885,-0.051,-0.041
2025-06-16,HINDPETRO.NS,381.279,382.388,369.417,370.43,5792606.0,73.23,86.249,10.85,-0.032,-0.036
2025-06-17,HINDPETRO.NS,379.254,386.728,378.049,379.929,3815275.0,76.45,86.104,-0.675,-0.029,-0.029
2025-06-18,HINDPETRO.NS,379.929,380.894,374.48,376.216,3440848.0,76.7,86.363,3.713,-0.05,-0.009
2025-06-19,HINDPETRO.NS,376.12,382.34,375.107,379.688,3390334.0,76.7,86.614,-3.568,-0.006,-0.037
2025-06-20,HINDPETRO.NS,378.29,380.411,374.432,375.638,6244473.0,77.01,86.584,2.652,0.016,-0.022
2025-06-23,HINDPETRO.NS,379.254,383.064,369.899,376.457,4641365.0,71.48,86.58,2.797,-0.005,-0.036
2025-06-24,HINDPETRO.NS,391.791,400.037,389.525,397.819,15143931.0,67.14,86.233,-6.028,0.033,-0.02
2025-06-25,HINDPETRO.NS,393.624,397.144,390.634,395.408,4125652.0,67.68,85.905,-1.784,0.036,-0.01
2025-06-26,HINDPETRO.NS,405.341,409.247,393.19,393.479,11364641.0,67.73,86.006,11.862,0.078,0.005
2025-06-27,HINDPETRO.NS,423.376,424.63,404.522,405.968,15352970.0,67.77,85.666,17.408,0.119,0.058
2025-06-30,HINDPETRO.NS,422.46,427.426,420.724,424.34,3398554.0,67.61,85.455,-1.881,0.114,0.066
2025-07-01,HINDPETRO.NS,424.774,425.787,418.313,423.762,4624750.0,67.11,85.714,1.013,0.084,0.079
2025-07-02,HINDPETRO.NS,421.013,430.946,417.879,428.198,3566248.0,69.11,85.643,-7.185,0.07,0.086
2025-07-03,HINDPETRO.NS,421.061,425.883,419.759,422.122,2130326.0,68.8,85.694,-1.061,0.039,0.074
2025-07-04,HINDPETRO.NS,428.777,430.657,420.627,423.183,4318402.0,68.29,85.319,5.594,0.013,0.109
2025-07-07,HINDPETRO.NS,431.959,438.999,425.546,432.056,8516084.0,69.58,85.496,-0.096,0.022,0.1
2025-07-08,HINDPETRO.NS,436.588,438.806,428.873,431.091,3860453.0,70.15,85.892,5.497,0.028,0.108
2025-07-09,HINDPETRO.NS,429.596,438.469,426.896,436.878,5207942.0,70.19,85.707,-7.281,0.02,0.1
2025-07-10,HINDPETRO.NS,425.546,434.467,424.389,429.596,4470700.0,68.64,85.709,-4.051,0.011,0.064
2025-07-11,HINDPETRO.NS,420.386,428.68,417.638,428.68,2627116.0,70.36,85.735,-8.294,-0.02,0.11
2025-07-14,HINDPETRO.NS,414.6,421.929,412.767,420.386,4575393.0,69.21,85.821,-5.786,-0.04,0.113
2025-07-15,HINDPETRO.NS,418.023,425.305,413.828,418.072,6427673.0,68.71,85.968,-0.048,-0.043,0.096
2025-07-16,HINDPETRO.NS,430.223,432.586,418.265,418.988,6690619.0,68.52,85.993,11.235,0.001,0.134
2025-07-17,HINDPETRO.NS,424.34,430.512,422.749,430.175,2643122.0,69.52,85.885,-5.835,-0.003,0.117
2025-07-18,HINDPETRO.NS,415.275,426.124,414.214,424.34,3796647.0,69.28,86.047,-9.065,-0.012,0.104
2025-07-21,HINDPETRO.NS,416.336,419.132,412.816,417.589,3426999.0,69.21,86.149,-1.254,0.004,0.101
2025-07-22,HINDPETRO.NS,413.973,422.026,413.201,417.589,4216517.0,68.59,86.195,-3.617,-0.01,0.092
2025-07-23,HINDPETRO.NS,419.036,420.483,413.105,415.178,2793895.0,68.51,86.343,3.858,-0.026,0.07
2025-07-24,HINDPETRO.NS,419.422,421.447,417.011,419.808,2805754.0,69.18,86.399,-0.386,-0.012,0.066
2025-07-25,HINDPETRO.NS,406.788,419.422,405.245,419.132,3196808.0,68.44,86.43,-12.344,-0.02,0.004
2025-07-28,HINDPETRO.NS,406.884,415.564,404.57,407.463,2551271.0,70.04,86.506,-0.579,-0.023,-0.039
2025-07-29,HINDPETRO.NS,410.646,411.417,404.522,406.499,4743610.0,72.51,86.778,4.147,-0.008,-0.028
2025-07-30,HINDPETRO.NS,411.08,420.386,401.194,408.91,6890461.0,73.24,87.063,2.17,-0.019,-0.032
2025-07-31,HINDPETRO.NS,403.557,406.402,395.987,403.847,9826520.0,72.53,87.715,-0.289,-0.038,-0.041
2025-08-01,HINDPETRO.NS,389.429,406.017,387.789,405.92,3787580.0,69.67,87.489,-16.491,-0.043,-0.075
2025-08-04,HINDPETRO.NS,394.106,394.974,385.475,394.444,3277835.0,68.76,87.245,-0.338,-0.031,-0.081
2025-08-05,HINDPETRO.NS,388.127,391.454,380.46,391.454,7973897.0,67.64,87.893,-3.327,-0.055,-0.101
2025-08-06,HINDPETRO.NS,387.114,390.489,385.378,389.139,2150509.0,66.89,87.723,-2.025,-0.058,-0.113
2025-08-07,HINDPETRO.NS,388.078,388.85,378.193,386.728,6318838.0,66.43,87.762,1.35,-0.038,-0.097
2025-08-08,HINDPETRO.NS,394.926,400.568,385.282,392.515,12286666.0,66.59,87.433,2.411,0.014,-0.072
2025-08-11,HINDPETRO.NS,395.746,403.123,386.343,399.314,8713932.0,66.63,87.488,-3.568,0.004,-0.059
2025-08-12,HINDPETRO.NS,393.527,400.134,392.322,400.134,4526566.0,66.12,87.664,-6.606,0.014,-0.051
2025-08-13,HINDPETRO.NS,396.469,398.591,392.225,396.855,3543374.0,65.63,87.596,-0.386,0.024,-0.052
2025-08-14,HINDPETRO.NS,390.283,401.912,389.739,397.854,6536476.0,66.84,87.45,-7.571,0.006,-0.093
2025-08-15,HINDPETRO.NS,,,,,,65.85,87.692,,,
2025-08-18,HINDPETRO.NS,383.059,392.955,379.446,392.955,6525577.0,66.6,87.513,-9.897,-0.032,-0.078
2025-08-19,HINDPETRO.NS,391.52,393.747,382.168,383.999,4227710.0,65.79,87.295,7.522,-0.005,-0.06
2025-08-20,HINDPETRO.NS,386.77,392.758,386.077,390.481,5553949.0,66.84,87.079,-3.711,-0.024,-0.066
2025-08-21,HINDPETRO.NS,389.096,391.372,386.176,386.671,2094370.0,67.67,87.018,2.425,-0.003,-0.071
2025-08-22,HINDPETRO.NS,386.72,389.393,383.702,388.947,2627075.0,67.73,87.293,-2.227,,-0.078
2025-08-25,HINDPETRO.NS,386.226,387.463,383.603,386.473,1235196.0,68.8,87.33,-0.247,0.008,-0.051
2025-08-26,HINDPETRO.NS,379.001,387.364,378.011,384.197,4825204.0,67.22,87.609,-5.196,-0.032,-0.069
2025-08-27,HINDPETRO.NS,,,,,,68.05,87.601,,,
2025-08-28,HINDPETRO.NS,377.813,382.514,376.873,380.683,3975225.0,68.62,87.659,-2.87,-0.029,-0.081
2025-08-29,HINDPETRO.NS,372.024,379.892,371.182,377.813,3112442.0,68.12,87.592,-5.79,-0.038,-0.078
2025-09-01,HINDPETRO.NS,381.277,381.723,372.716,373.112,2360108.0,68.12,88.174,8.165,-0.013,-0.021
2025-09-02,HINDPETRO.NS,380.634,383.355,378.061,381.277,1630216.0,69.14,88.001,-0.643,0.004,-0.034
2025-09-03,HINDPETRO.NS,383.257,387.611,379.05,379.05,2725471.0,67.6,87.998,4.206,,-0.013
2025-09-04,HINDPETRO.NS,380.634,387.908,379.545,385.087,2609930.0,66.99,88.073,-4.454,0.007,-0.017
2025-09-05,HINDPETRO.NS,379.644,382.564,376.279,380.733,2017875.0,65.5,88.193,-1.089,0.02,-0.022
2025-09-08,HINDPETRO.NS,389.838,391.223,380.188,380.188,2956578.0,66.02,88.186,9.649,0.022,-0.013
2025-09-09,HINDPETRO.NS,385.879,392.906,385.285,389.937,1921681.0,66.39,87.98,-4.058,0.014,-0.025
2025-09-10,HINDPETRO.NS,388.403,389.838,384.791,386.968,1897568.0,67.49,88.218,1.435,0.013,-0.013
2025-09-11,HINDPETRO.NS,393.698,401.615,386.968,386.968,3642055.0,66.37,88.053,6.73,0.034,-0.007
2025-09-12,HINDPETRO.NS,394.638,396.914,392.461,394.836,1389746.0,66.99,88.268,-0.198,0.039,0.011
2025-09-15,HINDPETRO.NS,395.727,396.518,392.114,394.638,1227975.0,67.44,88.277,1.089,0.015,
2025-09-16,HINDPETRO.NS,397.854,398.894,396.023,397.656,1344352.0,68.47,88.123,0.198,0.031,0.039
2025-09-17,HINDPETRO.NS,401.467,404.287,398.201,399.834,2545562.0,67.95,87.885,1.633,0.034,0.025
2025-09-18,HINDPETRO.NS,404.386,405.03,400.724,401.516,1832949.0,67.44,87.911,2.87,0.027,0.046
2025-09-19,HINDPETRO.NS,408.79,411.71,403.99,404.386,4587363.0,66.68,88.207,4.404,0.036,0.051
2025-09-22,HINDPETRO.NS,408.494,413.046,405.574,408.79,2571485.0,66.57,88.099,-0.297,0.032,0.056
2025-09-23,HINDPETRO.NS,419.924,420.865,408.741,408.741,4865287.0,67.63,88.304,11.183,0.055,0.087
2025-09-24,HINDPETRO.NS,420.518,426.555,418.39,421.607,7158456.0,69.31,88.808,-1.089,0.047,0.11
2025-09-25,HINDPETRO.NS,419.133,423.289,416.411,419.628,2368804.0,69.42,88.779,-0.495,0.036,
2025-09-26,HINDPETRO.NS,417.896,420.865,415.669,418.638,5579737.0,70.13,88.773,-0.742,0.022,0.106
2025-09-29,HINDPETRO.NS,437.194,439.817,417.153,417.945,11650349.0,67.97,88.677,19.249,0.07,0.175
2025-09-30,HINDPETRO.NS,438.827,440.856,434.522,437.491,4266200.0,67.02,88.704,1.336,0.045,0.151
2025-10-01,HINDPETRO.NS,429.92,445.26,428.931,438.926,6469324.0,65.35,88.841,-9.006,0.022,0.129
2025-10-02,HINDPETRO.NS,,,,,,64.11,88.683,,,
2025-10-03,HINDPETRO.NS,441.698,442.39,427.347,434.473,6294835.0,64.53,88.72,7.225,0.057,0.16
2025-10-06,HINDPETRO.NS,451.594,454.415,435.562,441.401,4323430.0,65.47,88.735,10.194,0.033,0.19
2025-10-07,HINDPETRO.NS,449.566,460.403,448.328,452.089,8444885.0,65.45,88.721,-2.524,0.024,0.153
2025-10-08,HINDPETRO.NS,452.584,458.225,447.339,447.339,4192443.0,66.25,88.743,5.245,0.053,0.173
2025-10-09,HINDPETRO.NS,453.277,460.007,451.347,455.751,3613774.0,65.22,88.777,-2.474,,0.167
2025-10-10,HINDPETRO.NS,447.834,456.592,446.201,451.792,1709268.0,62.73,88.865,-3.959,0.014,0.138
2025-10-13,HINDPETRO.NS,446.695,452.287,439.421,449.813,5914037.0,63.32,88.757,-3.118,-0.011,0.132
2025-10-14,HINDPETRO.NS,438.085,450.159,436.007,447.438,1703812.0,62.39,88.665,-9.353,-0.026,0.107
2025-10-15,HINDPETRO.NS,444.023,447.19,434.819,440.411,6539175.0,61.91,88.783,3.612,-0.019,0.116
2025-10-16,HINDPETRO.NS,447.289,451.495,438.63,444.865,5317330.0,61.06,87.81,2.425,-0.013,0.114
2025-10-17,HINDPETRO.NS,443.974,454.267,441.401,448.328,3262100.0,61.29,87.991,-4.355,-0.009,0.098
2025-10-20,HINDPETRO.NS,448.279,452.881,445.359,445.359,2128923.0,61.01,88.002,2.92,0.004,0.097
2025-10-21,HINDPETRO.NS,450.704,451.792,447.042,450.258,327276.0,61.32,87.88,0.445,0.029,0.103
2025-10-22,HINDPETRO.NS,,,,,,62.59,88.002,,,
2025-10-23,HINDPETRO.NS,436.155,449.862,432.543,449.862,6169707.0,65.99,87.74,-13.707,-0.025,0.037
2025-10-24,HINDPETRO.NS,433.929,439.421,427.644,431.751,4341566.0,65.94,87.779,2.177,-0.023,0.035
2025-10-27,HINDPETRO.NS,449.071,449.862,433.483,433.582,5526263.0,65.62,87.829,15.489,0.002,0.075
2025-10-28,HINDPETRO.NS,447.487,451.99,444.568,449.318,4477594.0,64.4,88.222,-1.831,-0.007,0.024
2025-10-29,HINDPETRO.NS,464.015,466.044,446.448,446.448,8351676.0,64.92,88.226,17.567,,0.057
2025-10-30,HINDPETRO.NS,464.906,473.862,459.759,465.153,9564962.0,65.0,88.346,-0.247,0.066,0.081
2025-10-31,HINDPETRO.NS,471.091,479.108,464.51,465.104,7891214.0,65.07,88.634,5.988,0.086,
2025-11-03,HINDPETRO.NS,479.108,482.374,475.1,476.535,6195012.0,64.89,88.775,2.573,0.067,0.085
2025-11-04,HINDPETRO.NS,479.85,486.332,477.772,478.761,6047242.0,64.44,88.723,1.089,0.072,0.063
2025-11-05,HINDPETRO.NS,,,,,,63.52,88.732,,,
2025-11-06,HINDPETRO.NS,473.15,484.0,471.75,484.0,5156374.0,63.38,88.557,-10.85,0.018,0.045
2025-11-07,HINDPETRO.NS,479.55,480.9,468.35,472.0,5059893.0,63.63,88.673,7.55,0.018,0.058
2025-11-10,HINDPETRO.NS,482.0,485.2,477.75,479.55,2222672.0,64.06,88.658,2.45,0.006,0.076
2025-11-11,HINDPETRO.NS,487.9,489.5,470.0,480.5,6815234.0,65.16,88.707,7.4,0.017,0.092
2025-11-12,HINDPETRO.NS,484.9,494.45,483.25,490.0,3568821.0,62.71,88.466,-5.1,,0.107
2025-11-13,HINDPETRO.NS,486.05,490.4,481.9,487.0,2807895.0,63.01,88.594,-0.95,0.027,0.095
2025-11-14,HINDPETRO.NS,481.25,488.75,477.35,483.1,2456049.0,64.39,88.816,-1.85,0.004,0.076
2025-11-17,HINDPETRO.NS,486.5,492.2,482.4,483.0,3478922.0,64.2,88.682,3.5,0.009,0.096
2025-11-18,HINDPETRO.NS,483.55,488.5,482.4,486.4,1780519.0,64.89,88.636,-2.85,-0.009,0.079
2025-11-19,HINDPETRO.NS,477.15,485.0,475.3,482.6,3937809.0,63.51,88.557,-5.45,-0.016,0.059
2025-11-20,HINDPETRO.NS,477.9,481.35,474.45,478.0,2859788.0,63.38,88.487,-0.1,-0.017,
2025-11-21,HINDPETRO.NS,471.9,478.0,470.15,477.6,2763162.0,62.56,88.692,-5.7,-0.019,0.082
2025-11-24,HINDPETRO.NS,463.05,474.5,462.0,471.9,8097325.0,63.37,89.634,-8.85,-0.048,0.067
2025-11-25,HINDPETRO.NS,455.25,462.0,452.75,461.75,6235243.0,62.48,89.148,-6.5,-0.059,0.014
2025-11-26,HINDPETRO.NS,466.25,467.7,457.05,457.1,3690761.0,63.13,89.151,9.15,-0.023,0.042
2025-11-27,HINDPETRO.NS,463.4,469.3,459.15,467.1,2236914.0,63.13,89.163,-3.7,-0.03,-0.001
2025-11-28,HINDPETRO.NS,457.5,462.5,455.7,462.0,1539822.0,63.2,89.365,-4.5,-0.031,-0.016
2025-12-01,HINDPETRO.NS,451.95,461.1,449.0,458.0,2140607.0,63.17,89.35,-6.05,-0.024,-0.041
2025-12-02,HINDPETRO.NS,450.45,460.45,447.0,455.0,5323687.0,62.45,89.613,-4.55,-0.011,-0.06
2025-12-03,HINDPETRO.NS,450.7,455.3,446.65,450.95,4191593.0,62.67,89.917,-0.25,-0.033,-0.061
2025-12-04,HINDPETRO.NS,447.95,453.75,445.0,451.9,3132109.0,63.26,90.171,-3.95,-0.033,
2025-12-05,HINDPETRO.NS,450.35,451.95,445.4,447.95,2114565.0,63.75,89.836,2.4,-0.016,-0.048
2025-12-08,HINDPETRO.NS,445.95,452.95,442.7,451.8,3238893.0,62.49,89.938,-5.85,-0.013,-0.07
2025-12-09,HINDPETRO.NS,448.75,453.9,442.3,445.15,6794529.0,61.94,90.13,3.6,-0.004,-0.069
2025-12-10,HINDPETRO.NS,449.5,456.9,448.5,450.5,2723651.0,62.21,89.917,-1.0,-0.003,-0.079
2025-12-11,HINDPETRO.NS,448.05,451.95,443.5,451.8,2284129.0,61.28,89.793,-3.75,0.0,-0.076
2025-12-12,HINDPETRO.NS,459.9,461.5,448.5,449.0,2617358.0,61.12,90.253,10.9,0.021,-0.054
2025-12-15,HINDPETRO.NS,466.15,468.15,456.5,461.05,3139768.0,60.56,90.577,5.1,0.045,-0.031
2025-12-16,HINDPETRO.NS,465.35,468.3,460.2,466.1,1508242.0,58.92,90.777,-0.75,0.037,-0.043
2025-12-17,HINDPETRO.NS,465.45,471.75,464.45,466.0,2284665.0,59.68,90.949,-0.55,0.035,-0.037
2025-12-18,HINDPETRO.NS,464.0,468.3,457.85,466.6,1217678.0,59.82,90.414,-2.6,0.036,-0.028
2025-12-19,HINDPETRO.NS,469.75,470.4,462.55,466.0,3305705.0,60.47,90.256,3.75,0.021,-0.017
2025-12-22,HINDPETRO.NS,475.55,478.05,468.3,470.0,2896134.0,62.07,89.57,5.55,0.02,0.008
2025-12-23,HINDPETRO.NS,475.1,477.4,471.3,477.0,1881359.0,62.38,89.604,-1.9,0.021,0.026
2025-12-24,HINDPETRO.NS,470.7,477.5,469.25,475.1,1548951.0,62.24,89.508,-4.4,0.011,0.034
2025-12-26,HINDPETRO.NS,467.7,471.0,465.05,470.7,1095275.0,60.64,90.106,-3.0,0.008,0.003
2025-12-29,HINDPETRO.NS,474.15,475.95,466.9,468.5,1617182.0,61.94,89.829,5.65,0.009,0.023
2025-12-30,HINDPETRO.NS,468.75,480.75,467.4,475.25,5380500.0,61.92,89.9,-6.5,-0.014,0.025
2025-12-31,HINDPETRO.NS,499.05,500.9,469.05,469.8,11948717.0,60.85,89.769,29.25,0.05,0.104
2026-01-01,HINDPETRO.NS,498.6,502.15,493.0,499.75,3287789.0,60.85,89.769,-1.15,0.059,0.107
2026-01-02,HINDPETRO.NS,495.85,501.7,492.3,498.6,6513192.0,60.75,89.962,-2.75,0.06,0.1
2026-01-05,HINDPETRO.NS,492.4,508.45,488.1,495.15,8489981.0,61.76,90.007,-2.75,0.038,0.099
2026-01-06,HINDPETRO.NS,482.35,492.35,474.5,492.0,4341976.0,60.7,90.233,-9.65,0.029,0.071
2026-01-07,HINDPETRO.NS,476.45,485.05,475.0,483.0,2548077.0,59.96,90.166,-6.55,-0.045,0.068
2026-01-08,HINDPETRO.NS,452.2,475.0,448.95,475.0,6527619.0,61.99,89.864,-22.8,-0.093,0.008
2026-01-09,HINDPETRO.NS,448.75,455.2,446.3,452.0,7018633.0,63.34,89.905,-3.25,-0.095,-0.002
2026-01-12,HINDPETRO.NS,451.05,451.9,441.7,451.0,2794252.0,63.87,90.236,0.05,-0.084,0.007
2026-01-13,HINDPETRO.NS,448.85,453.5,445.1,451.0,1842284.0,65.47,90.133,-2.15,-0.069,-0.024
2026-01-14,HINDPETRO.NS,440.15,448.2,437.25,447.35,8097390.0,66.52,90.273,-7.2,-0.076,-0.056
2026-01-15,HINDPETRO.NS,440.15,440.15,440.15,440.15,0.0,63.76,90.183,0.0,-0.027,-0.054
2026-01-16,HINDPETRO.NS,457.9,458.75,445.0,445.0,8060832.0,64.13,90.362,12.9,0.02,-0.016
2026-01-19,HINDPETRO.NS,453.2,460.0,451.6,457.9,2624525.0,64.13,90.702,-4.7,0.005,-0.023
2026-01-20,HINDPETRO.NS,438.6,453.65,436.7,453.65,3948024.0,64.92,90.905,-15.05,-0.023,-0.066
2026-01-21,HINDPETRO.NS,429.05,442.15,428.0,440.0,5200234.0,65.24,91.118,-10.95,-0.025,-0.098
2026-01-22,HINDPETRO.NS,427.7,434.5,424.3,429.7,4751687.0,64.06,91.537,-2.0,-0.028,-0.1
2026-01-23,HINDPETRO.NS,414.85,431.7,413.75,430.0,6140298.0,65.88,91.558,-15.15,-0.094,-0.119
2026-01-26,HINDPETRO.NS,,,,,,65.59,91.501,,,
2026-01-27,HINDPETRO.NS,419.35,421.9,412.55,416.95,4221203.0,67.57,91.713,2.4,-0.044,-0.116
2026-01-28,HINDPETRO.NS,433.25,437.4,418.0,421.0,5268771.0,68.4,91.534,12.25,0.01,-0.076
2026-01-29,HINDPETRO.NS,432.6,436.9,428.0,433.0,5427396.0,70.71,92.041,-0.4,0.011,-0.133
2026-01-30,HINDPETRO.NS,427.0,435.75,423.45,431.0,6429392.0,70.69,91.782,-4.0,0.029,-0.144
2026-02-02,HINDPETRO.NS,453.25,455.0,433.5,438.95,12394412.0,66.3,91.687,14.3,,-0.086
2026-02-03,HINDPETRO.NS,450.7,475.75,444.1,470.0,9971651.0,67.33,90.246,-19.3,0.075,-0.085
2026-02-04,HINDPETRO.NS,458.85,464.8,450.3,452.0,8077255.0,69.46,90.423,6.85,0.059,-0.049
2026-02-05,HINDPETRO.NS,458.85,473.6,455.1,466.45,5986826.0,67.55,90.125,-7.6,0.061,-0.037
2026-02-06,HINDPETRO.NS,463.15,467.9,459.65,460.65,4702809.0,68.05,90.315,2.5,0.085,0.024
2026-02-09,HINDPETRO.NS,463.65,467.7,460.5,464.0,2723273.0,69.04,90.588,-0.35,0.023,0.033
2026-02-10,HINDPETRO.NS,461.25,465.3,457.3,463.3,2618235.0,68.8,90.823,-2.05,0.023,0.023
2026-02-11,HINDPETRO.NS,461.75,467.9,459.3,462.0,2997852.0,69.4,90.588,-0.25,0.006,0.029
2026-02-12,HINDPETRO.NS,452.35,464.6,448.25,461.8,3949831.0,67.52,90.736,-9.45,-0.014,0.028
2026-02-13,HINDPETRO.NS,450.2,455.25,448.75,452.35,1912866.0,67.75,90.564,-2.15,-0.028,0.023
2026-02-16,HINDPETRO.NS,452.05,452.6,445.0,448.0,879388.0,67.75,90.571,4.05,-0.025,-0.013
2026-02-17,HINDPETRO.NS,454.25,454.9,444.3,451.6,1420593.0,67.42,90.783,2.65,-0.015,0.002
2026-02-18,HINDPETRO.NS,457.05,458.7,454.0,456.05,1151972.0,70.35,90.626,1.0,-0.01,0.042
2026-02-19,HINDPETRO.NS,434.35,453.3,430.9,452.8,5262959.0,71.66,90.794,-18.45,-0.04,0.012
2026-02-20,HINDPETRO.NS,430.9,435.5,426.75,430.0,4738497.0,71.76,91.041,0.9,-0.043,0.007
2026-02-23,HINDPETRO.NS,438.5,442.0,432.6,435.0,2826172.0,71.49,90.727,3.5,-0.03,0.057
2026-02-24,HINDPETRO.NS,447.05,448.95,436.15,437.0,3515127.0,70.77,91.02,10.05,-0.016,
2026-02-25,HINDPETRO.NS,436.7,454.7,432.45,449.7,5442008.0,70.85,90.918,-13.0,-0.045,0.041
2026-02-26,HINDPETRO.NS,444.0,445.35,436.05,438.8,4463697.0,70.75,90.951,5.2,0.022,0.025
2026-02-27,HINDPETRO.NS,438.75,444.05,436.1,444.0,5341791.0,72.48,91.007,-5.25,0.018,0.014
2026-03-02,HINDPETRO.NS,424.5,435.6,415.95,421.1,12250296.0,77.74,91.08,3.4,-0.032,-0.006
2026-03-03,HINDPETRO.NS,,,,,,81.4,91.563,,,
2026-03-04,HINDPETRO.NS,401.45,416.4,400.1,413.8,6582702.0,81.4,92.009,-12.35,-0.081,-0.109
2026-03-05,HINDPETRO.NS,418.4,426.5,400.1,403.8,10165454.0,85.41,92.123,14.6,-0.058,-0.088
2026-03-06,HINDPETRO.NS,404.95,420.0,402.1,420.0,7196619.0,92.69,91.787,-15.05,-0.077,-0.117
2026-03-09,HINDPETRO.NS,384.55,389.45,370.15,385.2,24836194.0,98.96,91.936,-0.65,-0.094,-0.17
2026-03-10,HINDPETRO.NS,387.35,406.65,381.1,396.0,11411957.0,87.8,91.221,-8.65,,-0.165
2026-03-11,HINDPETRO.NS,384.25,393.55,382.95,388.75,7883718.0,91.98,92.165,-4.5,-0.043,-0.167
2026-03-12,HINDPETRO.NS,384.35,388.85,367.5,376.4,8573492.0,100.46,92.229,7.95,-0.081,-0.168
2026-03-13,HINDPETRO.NS,368.75,379.55,366.3,379.55,5816666.0,103.14,92.39,-10.8,-0.089,-0.185
2026-03-16,HINDPETRO.NS,353.8,364.95,348.3,361.0,14657696.0,100.21,92.564,-7.2,-0.08,-0.214
2026-03-17,HINDPETRO.NS,346.2,355.05,340.0,354.15,14666300.0,103.42,92.283,-7.95,-0.106,-0.234
2026-03-18,HINDPETRO.NS,349.35,355.45,346.25,350.0,9319269.0,107.38,92.391,-0.65,-0.091,-0.231
2026-03-19,HINDPETRO.NS,324.8,340.2,321.5,340.2,25818465.0,108.65,93.247,-15.4,-0.155,-0.289
2026-03-20,HINDPETRO.NS,336.3,345.35,330.05,330.05,24169602.0,112.19,93.082,6.25,-0.088,-0.226
2026-03-23,HINDPETRO.NS,319.15,329.65,316.2,324.0,13182560.0,99.94,93.895,-4.85,-0.098,-0.259
2026-03-24,HINDPETRO.NS,336.8,338.45,319.6,331.0,11512642.0,104.49,93.244,5.8,-0.027,-0.232
2026-03-25,HINDPETRO.NS,344.0,348.95,337.55,345.0,13128269.0,102.22,94.3,-1.0,-0.015,-0.231
2026-03-26,HINDPETRO.NS,,,,,,108.01,94.694,,,
2026-03-27,HINDPETRO.NS,340.9,357.7,338.25,352.5,15593599.0,112.57,94.31,-11.6,0.014,-0.232
2026-03-30,HINDPETRO.NS,335.4,341.6,325.0,332.0,10584452.0,112.78,94.782,3.4,0.051,-0.236
2026-03-31,HINDPETRO.NS,,,,,,118.35,94.356,,,
2026-04-01,HINDPETRO.NS,335.55,350.0,333.2,350.0,10224051.0,101.16,93.484,-14.45,-0.025,
2026-04-02,HINDPETRO.NS,326.0,329.65,318.25,329.0,7595679.0,109.03,92.643,-3.0,,-0.188
2026-04-03,HINDPETRO.NS,,,,,,109.03,92.974,,,
2026-04-06,HINDPETRO.NS,328.05,330.6,317.75,326.0,5089386.0,109.77,92.971,2.05,-0.022,-0.19
2026-04-07,HINDPETRO.NS,331.4,332.75,319.55,325.0,10264622.0,109.27,92.817,6.4,,-0.138
2026-04-08,HINDPETRO.NS,364.25,367.65,351.0,354.0,25974676.0,94.75,92.86,10.25,0.086,-0.06
2026-04-09,HINDPETRO.NS,358.0,362.9,354.3,361.8,13372048.0,95.92,92.275,-3.8,0.098,-0.068
2026-04-10,HINDPETRO.NS,360.6,366.9,357.05,361.0,6347879.0,95.2,92.47,-0.4,,-0.062
2026-04-13,HINDPETRO.NS,349.4,351.0,340.8,346.1,9327976.0,99.36,94.509,3.3,0.065,-0.052
2026-04-14,HINDPETRO.NS,,,,,,94.79,94.947,,,
2026-04-15,HINDPETRO.NS,366.65,369.9,362.0,362.3,11204269.0,94.93,93.165,4.35,0.007,0.059
2026-04-16,HINDPETRO.NS,370.25,371.9,365.75,370.65,6336442.0,99.39,93.387,-0.4,0.034,0.06
2026-04-17,HINDPETRO.NS,370.85,372.8,364.8,367.0,6278506.0,90.38,93.048,3.85,0.028,0.142
2026-04-20,HINDPETRO.NS,379.5,383.35,368.15,369.0,10194682.0,95.48,92.603,10.5,0.086,0.128
2026-04-21,HINDPETRO.NS,384.4,388.0,377.55,378.0,7474015.0,98.48,93.124,6.4,,0.204
2026-04-22,HINDPETRO.NS,382.55,386.95,376.3,376.3,4754747.0,101.91,93.623,6.25,0.043,0.136
2026-04-23,HINDPETRO.NS,376.9,378.9,371.1,377.35,6774817.0,105.07,93.8,-0.45,0.018,0.096
2026-04-24,HINDPETRO.NS,373.5,376.4,368.7,375.0,5655425.0,105.33,94.113,-1.5,0.007,
2026-04-27,HINDPETRO.NS,380.9,384.95,372.75,376.0,4117585.0,108.23,94.25,4.9,0.004,0.117
2026-04-28,HINDPETRO.NS,380.05,382.2,375.0,379.5,4591112.0,111.26,94.258,0.55,-0.011,0.133
2026-04-29,HINDPETRO.NS,380.6,384.5,377.5,380.05,4777651.0,118.03,94.646,0.55,-0.005,
2026-04-30,HINDPETRO.NS,374.55,376.8,369.3,375.0,5370044.0,114.01,94.917,-0.45,-0.006,0.116
2026-05-01,HINDPETRO.NS,374.55,374.55,374.55,374.55,0.0,108.17,94.759,0.0,0.003,0.149
2026-05-04,HINDPETRO.NS,373.85,380.0,372.5,379.0,7346729.0,114.44,94.903,-5.15,-0.019,
2026-05-05,HINDPETRO.NS,373.9,376.0,365.4,370.0,6212198.0,109.87,95.259,3.9,-0.016,0.14
2026-05-06,HINDPETRO.NS,399.2,402.4,377.4,379.0,12641387.0,101.27,95.183,20.2,0.049,0.205
2026-05-07,HINDPETRO.NS,396.5,404.25,387.0,399.4,11241091.0,100.06,94.608,-2.9,0.059,0.089
2026-05-08,HINDPETRO.NS,387.0,395.1,385.0,393.5,7720086.0,101.29,94.253,-6.5,0.033,0.081
2026-05-11,HINDPETRO.NS,377.8,383.4,375.1,383.0,5392032.0,104.21,94.425,-5.2,0.011,0.048
2026-05-12,HINDPETRO.NS,369.9,375.05,363.7,370.5,8973439.0,107.77,95.391,-0.6,-0.011,0.059
2026-05-13,HINDPETRO.NS,390.1,392.0,370.55,372.4,16477697.0,105.63,95.633,17.7,-0.023,
2026-05-14,HINDPETRO.NS,377.55,388.8,370.95,388.8,10745610.0,105.72,95.696,-11.25,-0.048,0.03
2026-05-15,HINDPETRO.NS,366.4,372.2,363.2,370.2,13799583.0,109.26,95.71,-3.8,-0.053,-0.01
2026-05-18,HINDPETRO.NS,358.9,362.25,355.8,360.0,7102917.0,112.1,95.97,-1.1,-0.05,-0.032
2026-05-19,HINDPETRO.NS,371.0,372.4,362.55,363.15,5849675.0,111.28,96.27,7.85,0.003,-0.022
2026-05-20,HINDPETRO.NS,382.75,383.5,363.75,367.0,9746627.0,105.02,96.566,15.75,-0.019,-0.004
2026-05-21,HINDPETRO.NS,388.8,391.4,384.55,386.75,7148227.0,102.58,96.528,2.05,0.03,0.016
2026-05-22,HINDPETRO.NS,389.65,391.0,385.35,388.8,3800324.0,103.54,96.174,0.85,0.063,0.034
2026-05-25,HINDPETRO.NS,403.35,412.55,402.2,403.0,10214359.0,103.54,95.719,0.35,0.124,0.08
2026-05-26,HINDPETRO.NS,398.0,403.3,396.7,403.2,4241199.0,99.58,95.253,-5.2,0.073,0.045
2026-05-27,HINDPETRO.NS,402.9,404.2,393.2,398.0,8615664.0,94.29,95.905,4.9,0.053,0.06
2026-05-28,HINDPETRO.NS,402.9,402.9,402.9,402.9,0.0,93.71,96.049,0.0,0.036,0.059
2026-05-29,HINDPETRO.NS,393.85,409.0,390.0,407.0,12624474.0,92.05,96.048,-13.15,0.011,0.052
2026-06-01,HINDPETRO.NS,388.6,396.05,384.45,394.05,4888011.0,94.98,95.003,-5.45,-0.037,0.038
2026-06-02,HINDPETRO.NS,383.75,391.05,383.0,384.85,4707348.0,96.0,95.551,-1.1,-0.036,0.026
2026-06-03,HINDPETRO.NS,384.1,386.4,378.65,378.9,4660225.0,97.81,95.263,5.2,-0.047,0.027
2026-06-04,HINDPETRO.NS,387.0,390.9,382.35,382.8,4806376.0,95.03,96.164,4.2,-0.039,-0.031
2026-06-05,HINDPETRO.NS,385.05,389.8,383.75,387.0,3003625.0,93.09,95.79,-1.95,-0.022,-0.029
2026-06-08,HINDPETRO.NS,372.75,381.2,371.35,380.8,4236128.0,94.25,94.95,-8.05,-0.041,-0.037
2026-06-09,HINDPETRO.NS,382.0,383.25,372.2,376.0,6667087.0,91.45,95.688,6.0,-0.005,0.011
2026-06-10,HINDPETRO.NS,374.4,384.9,373.75,381.55,4575738.0,93.1,95.36,-7.15,-0.025,0.012
2026-06-11,HINDPETRO.NS,365.7,372.25,361.1,370.05,10518376.0,90.38,95.645,-4.35,-0.055,-0.063
2026-06-12,HINDPETRO.NS,388.9,391.1,372.0,377.7,14100531.0,87.33,95.76,11.2,0.01,0.03
2026-06-15,HINDPETRO.NS,401.65,409.95,400.05,406.7,9648829.0,83.17,95.11,-5.05,0.078,0.096
2026-06-16,HINDPETRO.NS,401.8,405.8,396.7,405.8,5228607.0,78.96,94.742,-4.0,0.052,0.12
2026-06-17,HINDPETRO.NS,402.65,410.5,401.2,406.5,6771647.0,79.55,94.889,-3.85,0.075,0.085
2026-06-18,HINDPETRO.NS,401.6,405.8,398.6,405.0,4369524.0,79.85,94.859,-3.4,0.098,0.049
2026-06-19,HINDPETRO.NS,392.1,400.3,390.0,400.2,5929061.0,79.85,94.34,-8.1,0.008,0.008
2026-06-22,HINDPETRO.NS,393.25,399.25,392.0,399.1,3777496.0,77.9,94.33,-5.85,-0.021,0.009
2026-06-23,HINDPETRO.NS,396.75,400.1,393.0,396.0,4766451.0,77.08,94.701,0.75,-0.013,-0.016
2026-06-24,HINDPETRO.NS,412.9,414.0,395.5,396.55,7705798.0,73.74,95.184,16.35,0.025,0.037
2026-06-25,HINDPETRO.NS,409.25,420.0,407.5,418.5,5756207.0,75.26,94.441,-9.25,0.019,0.016
2026-06-26,HINDPETRO.NS,409.25,409.25,409.25,409.25,0.0,71.99,94.4,0.0,0.044,0.016
2026-06-29,HINDPETRO.NS,389.6,406.85,388.5,405.3,10317020.0,73.15,94.36,-15.7,-0.009,-0.011
2026-06-30,HINDPETRO.NS,394.45,395.95,389.6,393.15,5216033.0,72.92,94.79,1.3,-0.006,0.015
2026-07-01,HINDPETRO.NS,392.1,396.25,390.7,396.0,3826057.0,71.57,94.918,-3.9,-0.05,0.022
2026-07-02,HINDPETRO.NS,399.55,406.3,394.65,394.95,5739322.0,71.8,95.418,4.6,-0.024,0.04
2026-07-03,HINDPETRO.NS,399.25,402.45,397.5,402.05,2558215.0,71.8,95.527,-2.8,-0.024,0.032
2026-07-06,HINDPETRO.NS,400.35,403.8,397.5,400.0,3075355.0,71.99,95.215,0.35,0.028,0.04
2026-07-07,HINDPETRO.NS,405.95,407.1,401.2,403.1,5627837.0,74.16,95.604,2.85,0.029,0.089
2026-07-08,HINDPETRO.NS,386.85,396.8,383.1,395.0,18852390.0,78.02,95.593,-8.15,-0.013,0.013
2026-07-09,HINDPETRO.NS,392.1,394.0,382.85,386.85,4266757.0,76.3,95.862,5.25,-0.019,0.047
2026-07-10,HINDPETRO.NS,395.3,398.8,394.4,395.1,3011646.0,76.01,95.39,0.2,-0.01,0.081
2026-07-13,HINDPETRO.NS,391.6,394.15,385.55,388.25,7267088.0,83.3,95.325,3.35,-0.022,0.007
2026-07-14,HINDPETRO.NS,386.0,387.8,381.65,384.7,8994389.0,84.73,96.299,1.3,-0.049,-0.039
2026-07-15,HINDPETRO.NS,394.4,395.9,386.8,386.85,4460216.0,84.95,96.425,7.55,0.02,-0.018
2026-07-16,HINDPETRO.NS,399.4,405.8,394.85,397.0,5278606.0,84.23,96.499,2.4,0.019,-0.008
2026-07-17,HINDPETRO.NS,400.8,403.35,396.6,401.0,4027152.0,84.68,96.353,-0.2,0.014,-0.002
2025-01-01,IOC.NS,128.529,128.829,127.272,127.366,4144374.0,75.93,85.786,1.163,,
2025-01-02,IOC.NS,129.392,129.626,127.225,127.938,10625223.0,75.93,85.786,1.454,,
2025-01-03,IOC.NS,129.561,131.146,128.614,129.167,14567050.0,76.51,85.804,0.394,,
2025-01-06,IOC.NS,124.627,129.88,123.849,129.561,19711596.0,76.3,85.759,-4.933,,
2025-01-07,IOC.NS,125.987,127.816,124.928,125.2,13658286.0,77.05,85.681,0.788,,
2025-01-08,IOC.NS,126.241,127.085,124.824,125.819,14259056.0,76.16,85.807,0.422,-0.018,
2025-01-09,IOC.NS,123.99,126.428,123.802,126.278,9734279.0,76.92,85.908,-2.288,-0.042,
2025-01-10,IOC.NS,122.189,124.74,121.692,123.99,12948066.0,79.76,85.92,-1.801,-0.057,
2025-01-13,IOC.NS,114.414,120.416,113.635,120.079,30291583.0,81.01,86.188,-5.665,-0.082,
2025-01-14,IOC.NS,118.766,119.3,115.098,115.361,17430438.0,79.92,86.651,3.405,-0.057,
2025-01-15,IOC.NS,119.066,120.867,118.381,120.294,11472116.0,82.03,86.535,-1.229,-0.057,
2025-01-16,IOC.NS,119.206,120.304,118.691,120.004,11843193.0,81.29,86.431,-0.797,-0.039,
2025-01-17,IOC.NS,120.116,120.51,118.456,119.113,24617689.0,80.79,86.606,1.004,-0.017,
2025-01-20,IOC.NS,122.395,123.033,118.934,120.848,8234561.0,80.79,86.569,1.548,0.07,
2025-01-21,IOC.NS,122.939,125.359,122.536,123.521,20272605.0,79.29,86.211,-0.581,0.035,
2025-01-22,IOC.NS,122.414,124.365,120.463,123.99,9202153.0,79.0,86.452,-1.576,0.028,
2025-01-23,IOC.NS,121.767,122.574,120.838,122.302,7058477.0,78.29,86.473,-0.535,0.021,
2025-01-24,IOC.NS,120.294,124.506,119.957,122.855,12630632.0,78.5,86.44,-2.56,0.001,
2025-01-27,IOC.NS,116.458,120.022,114.892,120.022,18934026.0,77.08,86.203,-3.564,-0.049,
2025-01-28,IOC.NS,114.967,118.034,114.273,116.458,19861475.0,77.49,86.468,-1.491,-0.065,
2025-01-29,IOC.NS,115.961,116.665,115.267,115.539,12017314.0,76.58,86.585,0.422,-0.053,
2025-01-30,IOC.NS,119.225,120.52,116.168,116.674,17776744.0,76.87,86.641,2.551,-0.021,-0.072
2025-01-31,IOC.NS,120.51,120.848,118.315,119.225,9686000.0,76.76,86.647,1.285,0.002,-0.069
2025-02-01,IOC.NS,117.631,121.692,116.871,120.848,10535114.0,76.76,86.647,-3.217,0.01,-0.092
2025-02-03,IOC.NS,113.448,116.487,112.641,116.402,26047332.0,75.96,86.554,-2.954,-0.013,-0.09
2025-02-04,IOC.NS,116.73,116.937,114.892,115.08,14405748.0,76.2,86.943,1.651,0.007,-0.073
2025-02-05,IOC.NS,118.578,120.501,117.668,117.696,11469878.0,74.61,87.13,0.882,-0.005,-0.061
2025-02-06,IOC.NS,118.194,120.257,117.537,120.097,9804040.0,74.29,87.334,-1.904,-0.019,-0.047
2025-02-07,IOC.NS,117.34,118.878,116.702,118.203,8892600.0,74.66,87.588,-0.863,-0.002,-0.04
2025-02-10,IOC.NS,115.53,118.756,115.23,117.237,12773729.0,75.87,87.513,-1.707,0.018,0.01
2025-02-11,IOC.NS,112.988,116.055,112.547,115.53,14532810.0,77.0,87.49,-2.542,-0.032,-0.049
2025-02-12,IOC.NS,112.941,113.673,109.996,113.195,14799271.0,75.18,86.811,-0.253,-0.048,-0.051
2025-02-13,IOC.NS,112.622,114.423,112.501,113.485,10136689.0,75.02,86.874,-0.863,-0.047,-0.055
2025-02-14,IOC.NS,109.968,113.71,108.796,113.016,12351973.0,74.74,86.754,-3.048,-0.063,-0.084
2025-02-17,IOC.NS,111.094,111.422,107.295,109.968,12518983.0,74.74,86.435,1.125,-0.038,-0.092
2025-02-18,IOC.NS,111.61,111.844,109.087,111.094,8678689.0,75.84,86.855,0.516,-0.012,-0.092
2025-02-19,IOC.NS,112.425,112.707,110.578,110.775,9158990.0,76.04,86.887,1.651,-0.005,-0.082
2025-02-20,IOC.NS,115.164,115.314,111.591,112.397,9940851.0,76.48,86.873,2.767,0.023,-0.054
2025-02-21,IOC.NS,113.795,116.027,113.326,114.423,9657933.0,74.43,86.451,-0.628,0.035,-0.054
2025-02-24,IOC.NS,112.754,113.776,111.985,112.782,8764985.0,74.78,86.529,-0.028,0.015,-0.032
2025-02-25,IOC.NS,111.281,113.213,111.047,112.754,7607411.0,73.02,86.69,-1.472,-0.003,-0.032
2025-02-26,IOC.NS,,,,,,72.53,87.081,,,
2025-02-27,IOC.NS,109.19,111.61,108.88,110.915,10709253.0,74.04,87.162,-1.726,-0.052,-0.084
2025-02-28,IOC.NS,106.442,108.993,105.907,108.796,24161878.0,73.18,87.327,-2.354,-0.065,-0.117
2025-03-03,IOC.NS,107.445,108.186,103.844,107.577,18881646.0,71.62,87.464,-0.131,-0.047,-0.087
2025-03-04,IOC.NS,110.709,111.094,104.96,106.076,14145658.0,71.04,87.33,4.633,-0.005,-0.024
2025-03-05,IOC.NS,114.658,114.967,110.437,110.709,19577861.0,69.3,87.217,3.949,,-0.018
2025-03-06,IOC.NS,118.025,119.0,116.252,116.862,19384187.0,69.46,86.889,1.163,0.081,-0.005
2025-03-07,IOC.NS,117.087,118.456,116.018,117.94,14763396.0,70.36,87.129,-0.853,0.1,-0.009
2025-03-10,IOC.NS,114.039,117.65,113.579,116.299,12727300.0,69.28,87.074,-2.26,0.061,-0.028
2025-03-11,IOC.NS,117.068,117.471,112.866,113.664,18090217.0,69.56,87.355,3.405,0.057,0.013
2025-03-12,IOC.NS,117.509,119.863,116.468,117.237,14079943.0,70.95,87.2,0.272,0.025,0.04
2025-03-13,IOC.NS,117.865,118.616,116.609,117.237,10882226.0,69.88,87.341,0.628,-0.001,0.044
2025-03-14,IOC.NS,,,,,,70.58,86.922,,,
2025-03-17,IOC.NS,116.402,118.175,115.502,117.64,13126112.0,71.07,86.939,-1.238,0.021,0.059
2025-03-18,IOC.NS,116.402,116.402,116.402,116.402,0.0,70.56,86.916,0.0,-0.006,0.048
2025-03-19,IOC.NS,119.816,119.957,117.528,117.528,11273526.0,70.78,86.576,2.288,0.02,0.074
2025-03-20,IOC.NS,121.185,122.864,119.507,120.426,13947925.0,72.0,86.337,0.76,0.028,0.078
2025-03-21,IOC.NS,123.343,125.162,120.754,121.232,42928510.0,72.16,86.336,2.11,,0.071
2025-03-24,IOC.NS,125.368,125.987,123.211,124.74,13965745.0,73.0,85.987,0.628,0.077,0.102
2025-03-25,IOC.NS,122.892,125.894,122.348,125.678,12380949.0,73.02,85.532,-2.786,0.056,0.09
2025-03-26,IOC.NS,121.073,125.021,120.895,122.77,16379725.0,73.79,85.59,-1.698,0.01,0.088
2025-03-27,IOC.NS,122.264,122.817,120.538,121.035,13141045.0,74.03,86.095,1.229,0.009,
2025-03-28,IOC.NS,119.769,123.117,119.582,121.926,15396398.0,73.63,85.695,-2.157,-0.029,0.097
2025-03-31,IOC.NS,,,,,,74.74,85.539,,,
2025-04-01,IOC.NS,123.089,123.333,119.347,120.051,12740476.0,74.49,85.468,3.039,0.002,0.146
2025-04-02,IOC.NS,123.155,123.333,120.051,122.695,8531198.0,74.95,85.61,0.46,0.017,0.112
2025-04-03,IOC.NS,122.921,124.928,121.814,122.02,9909642.0,70.14,85.651,0.9,0.005,0.072
2025-04-04,IOC.NS,122.058,125.912,120.876,124.656,21497796.0,65.58,85.283,-2.598,0.019,0.034
2025-04-07,IOC.NS,120.135,121.561,114.751,114.845,24739154.0,64.21,85.529,5.29,,0.026
2025-04-08,IOC.NS,122.845,123.54,120.238,121.439,12634136.0,62.82,86.027,1.407,-0.002,0.077
2025-04-09,IOC.NS,123.446,124.271,120.782,123.802,14769184.0,65.48,86.435,-0.356,0.002,0.054
2025-04-10,IOC.NS,,,,,,63.33,86.209,,,
2025-04-11,IOC.NS,123.643,124.365,122.921,124.271,10020795.0,64.76,86.26,-0.628,0.013,0.049
2025-04-14,IOC.NS,,,,,,64.88,86.193,,,
2025-04-15,IOC.NS,124.618,125.115,123.802,125.115,10142685.0,64.67,86.045,-0.497,0.014,0.071
2025-04-16,IOC.NS,125.519,125.819,124.093,124.731,9200167.0,65.85,85.727,0.788,0.017,0.078
2025-04-17,IOC.NS,125.959,126.428,124.646,125.209,10404917.0,67.96,85.62,0.75,,0.051
2025-04-21,IOC.NS,130.067,131.024,125.969,126.775,20249817.0,66.26,85.62,3.292,0.052,0.073
2025-04-22,IOC.NS,129.72,130.771,128.679,130.508,12648948.0,67.44,85.159,-0.788,,0.052
2025-04-23,IOC.NS,129.101,130.536,127.338,130.321,12689457.0,66.12,85.232,-1.219,0.036,0.03
2025-04-24,IOC.NS,129.795,130.677,128.782,129.101,8177419.0,66.55,85.5,0.694,0.034,0.056
2025-04-25,IOC.NS,126.288,130.836,124.571,129.805,14663542.0,66.87,85.257,-3.517,0.003,0.043
2025-04-28,IOC.NS,128.013,128.82,125.35,125.5,10943944.0,65.86,85.385,2.514,-0.016,0.047
2025-04-29,IOC.NS,127.347,129.664,127.113,128.773,15222917.0,64.25,85.16,-1.426,-0.018,0.063
2025-04-30,IOC.NS,129.298,131.212,127.976,128.023,39902398.0,63.12,85.171,1.276,0.002,
2025-05-01,IOC.NS,,,,,,62.13,84.531,,,
2025-05-02,IOC.NS,134.1,135.141,129.533,131.108,45858781.0,61.29,84.697,2.992,0.062,0.089
2025-05-05,IOC.NS,139.334,140.44,135.76,135.995,47549493.0,60.23,84.526,3.339,0.088,0.134
2025-05-06,IOC.NS,135.132,140.497,134.71,140.028,18018626.0,62.15,84.221,-4.896,0.061,0.107
2025-05-07,IOC.NS,135.516,136.126,131.305,131.305,19316740.0,61.12,84.793,4.211,0.048,0.128
2025-05-08,IOC.NS,132.234,137.298,130.836,135.563,12047287.0,62.84,84.817,-3.33,,0.076
2025-05-09,IOC.NS,131.296,132.103,129.064,129.43,15348575.0,63.91,86.082,1.866,-0.021,0.064
2025-05-12,IOC.NS,133.509,135.479,132.909,135.057,13526883.0,64.96,85.408,-1.548,-0.042,
2025-05-13,IOC.NS,132.89,134.1,132.243,133.509,9484801.0,66.63,84.966,-0.619,-0.017,0.075
2025-05-14,IOC.NS,134.56,134.972,133.134,133.172,9987794.0,66.09,85.06,1.388,-0.007,
2025-05-15,IOC.NS,135.995,136.933,134.654,135.057,10181275.0,64.53,85.488,0.938,0.028,0.091
2025-05-16,IOC.NS,135.732,137.73,135.46,135.995,14529013.0,65.41,85.445,-0.263,0.034,0.081
2025-05-19,IOC.NS,135.704,136.764,135.151,135.995,6802870.0,65.54,85.5,-0.291,0.016,0.077
2025-05-20,IOC.NS,133.106,136.754,132.609,135.995,11330045.0,65.38,85.372,-2.889,0.002,0.023
2025-05-21,IOC.NS,134.485,134.71,131.821,132.806,8705960.0,64.91,85.536,1.679,-0.001,0.037
2025-05-22,IOC.NS,134.391,135.244,133.059,133.734,7157328.0,64.44,85.6,0.657,-0.012,0.041
2025-05-23,IOC.NS,135.113,136.398,134.119,134.382,9699995.0,64.78,85.975,0.732,-0.005,0.041
2025-05-26,IOC.NS,134.663,135.732,134.025,135.113,5996548.0,64.78,85.199,-0.45,-0.008,0.066
2025-05-27,IOC.NS,134.504,135.169,133.65,134.663,4970656.0,64.09,85.158,-0.159,0.01,0.051
2025-05-28,IOC.NS,135.244,135.479,133.847,134.485,6390053.0,64.9,85.36,0.76,0.006,0.062
2025-05-29,IOC.NS,134.776,135.835,133.763,135.291,7054326.0,64.15,85.386,-0.516,0.003,0.042
2025-05-30,IOC.NS,133.153,135.432,132.44,134.776,28315951.0,63.9,85.361,-1.623,-0.015,
2025-06-02,IOC.NS,134.475,134.588,132.675,133.153,7051525.0,64.63,85.524,1.322,-0.001,0.003
2025-06-03,IOC.NS,132.281,135.057,131.868,134.963,7002799.0,65.63,85.364,-2.682,-0.017,-0.051
2025-06-04,IOC.NS,131.934,132.618,130.461,132.243,11904779.0,64.86,85.709,-0.31,-0.024,-0.024
2025-06-05,IOC.NS,130.593,132.862,130.396,131.924,9478214.0,65.34,85.904,-1.332,-0.031,-0.036
2025-06-06,IOC.NS,132.037,132.318,130.593,130.593,5702365.0,66.47,85.878,1.444,-0.008,-0.001
2025-06-09,IOC.NS,134.419,134.579,132.084,132.243,9972191.0,67.04,85.785,2.176,-0.0,0.024
2025-06-10,IOC.NS,133.359,134.494,133.181,134.26,7906157.0,66.87,85.756,-0.9,0.008,-0.001
2025-06-11,IOC.NS,136.135,138.058,133.359,133.556,28652440.0,69.77,85.653,2.579,0.032,0.024
2025-06-12,IOC.NS,134.11,135.779,132.712,135.695,30425949.0,69.36,85.47,-1.585,0.027,-0.003
2025-06-13,IOC.NS,131.624,134.297,128.501,130.367,23705826.0,74.23,85.688,1.257,-0.003,-0.032
2025-06-16,IOC.NS,133.04,133.369,130.274,131.305,15176810.0,73.23,86.249,1.735,-0.01,-0.02
2025-06-17,IOC.NS,132.881,134.56,132.431,132.525,9983651.0,76.45,86.104,0.356,-0.004,-0.021
2025-06-18,IOC.NS,132.074,133.266,130.836,132.262,9045315.0,76.7,86.363,-0.188,-0.03,-0.008
2025-06-19,IOC.NS,130.058,132.421,129.739,132.018,5943647.0,76.7,86.614,-1.96,-0.03,-0.033
2025-06-20,IOC.NS,130.039,130.517,128.492,129.702,33690253.0,77.01,86.584,0.338,-0.012,-0.032
2025-06-23,IOC.NS,131.23,131.465,127.929,128.492,14001242.0,71.48,86.58,2.739,-0.014,-0.029
2025-06-24,IOC.NS,133.969,136.276,133.331,135.432,25393037.0,67.14,86.233,-1.463,0.008,-0.005
2025-06-25,IOC.NS,133.162,135.057,132.872,134.41,15297425.0,67.68,85.905,-1.247,0.008,-0.01
2025-06-26,IOC.NS,137.195,137.824,133.19,133.275,24194161.0,67.73,86.006,3.92,0.055,0.014
2025-06-27,IOC.NS,138.077,139.09,136.933,137.195,19189378.0,67.77,85.666,0.882,0.062,0.024
2025-06-30,IOC.NS,137.833,140.215,137.327,138.114,10645295.0,67.61,85.455,-0.281,0.05,0.035
2025-07-01,IOC.NS,138.002,138.996,137.111,137.411,9899904.0,67.11,85.714,0.591,0.03,0.026
2025-07-02,IOC.NS,138.724,139.699,137.889,138.808,7881728.0,69.11,85.643,-0.084,0.042,0.049
2025-07-03,IOC.NS,138.687,139.512,138.34,138.799,8006482.0,68.8,85.694,-0.113,0.011,0.051
2025-07-04,IOC.NS,142.204,142.551,138.677,140.403,22612766.0,68.29,85.319,1.801,0.03,0.089
2025-07-07,IOC.NS,144.201,145.28,142.382,142.579,24354631.0,69.58,85.496,1.623,0.046,0.092
2025-07-08,IOC.NS,144.267,145.346,143.339,145.186,13876094.0,70.15,85.892,-0.919,0.045,0.073
2025-07-09,IOC.NS,140.919,144.183,140.769,143.929,12440150.0,70.19,85.707,-3.011,0.016,0.057
2025-07-10,IOC.NS,142.87,143.17,140.684,141.388,14545796.0,68.64,85.709,1.482,0.03,0.049
2025-07-11,IOC.NS,141.294,145.374,140.928,145.374,12767735.0,70.36,85.735,-4.08,-0.006,0.054
2025-07-14,IOC.NS,140.778,142.185,140.328,141.294,8021902.0,69.21,85.821,-0.516,-0.024,0.07
2025-07-15,IOC.NS,141.997,142.466,141.191,141.2,4853043.0,68.71,85.968,0.797,-0.016,0.067
2025-07-16,IOC.NS,142.598,143.198,141.275,141.81,7218210.0,68.52,85.993,0.788,0.012,0.073
2025-07-17,IOC.NS,141.585,143.001,141.266,142.907,6727858.0,69.52,85.885,-1.322,-0.009,0.072
2025-07-18,IOC.NS,140.741,142.194,139.371,141.163,9017783.0,69.28,86.047,-0.422,-0.004,0.082
2025-07-21,IOC.NS,141.688,141.81,139.812,140.234,5030900.0,69.21,86.149,1.454,0.006,0.09
2025-07-22,IOC.NS,142.541,142.973,141.294,141.904,11381024.0,68.59,86.195,0.638,0.004,0.086
2025-07-23,IOC.NS,142.888,143.123,141.36,142.569,7597121.0,68.51,86.343,0.319,0.002,0.067
2025-07-24,IOC.NS,141.828,143.263,141.35,142.579,5879844.0,69.18,86.399,-0.75,0.002,0.065
2025-07-25,IOC.NS,137.833,142.316,137.477,141.622,11646131.0,68.44,86.43,-3.789,-0.021,0.005
2025-07-28,IOC.NS,138.396,139.409,137.589,137.833,6023438.0,70.04,86.506,0.563,-0.023,0.002
2025-07-29,IOC.NS,138.752,138.996,137.402,137.402,4240012.0,72.51,86.778,1.351,-0.027,0.007
2025-07-30,IOC.NS,139.784,140.862,137.167,138.34,9331773.0,73.24,87.063,1.444,-0.022,0.013
2025-07-31,IOC.NS,136.576,138.058,135.357,137.449,11960546.0,72.53,87.715,-0.872,-0.037,-0.015
2025-08-01,IOC.NS,132.271,137.205,131.924,136.304,8981850.0,69.67,87.489,-4.033,-0.04,-0.046
2025-08-04,IOC.NS,133.538,134.025,131.043,132.919,8163596.0,68.76,87.245,0.619,-0.035,-0.061
2025-08-05,IOC.NS,132.496,134.119,130.743,133.669,11034758.0,67.64,87.893,-1.172,-0.045,-0.081
2025-08-06,IOC.NS,133.434,134.382,132.909,133.641,7574568.0,66.89,87.723,-0.206,-0.045,-0.075
2025-08-07,IOC.NS,132.872,134.119,131.305,132.253,8365458.0,66.43,87.762,0.619,-0.027,-0.057
2025-08-08,IOC.NS,134.06,136.062,133.485,134.136,9551412.0,66.59,87.433,-0.077,0.014,-0.062
2025-08-11,IOC.NS,135.497,136.973,133.523,135.679,11260944.0,66.63,87.488,-0.182,0.015,-0.041
2025-08-12,IOC.NS,136.685,137.835,134.97,135.21,12858483.0,66.12,87.664,1.476,0.032,-0.029
2025-08-13,IOC.NS,136.474,137.404,135.775,136.685,4990372.0,65.63,87.596,-0.211,0.023,-0.039
2025-08-14,IOC.NS,134.271,137.174,134.012,137.021,11453732.0,66.84,87.45,-2.75,0.011,-0.058
2025-08-15,IOC.NS,,,,,,65.85,87.692,,,
2025-08-18,IOC.NS,134.443,136.637,133.427,136.062,11766741.0,66.6,87.513,-1.619,-0.008,-0.045
2025-08-19,IOC.NS,136.072,136.187,132.996,134.529,8913748.0,65.79,87.295,1.543,-0.004,-0.04
2025-08-20,IOC.NS,135.526,136.733,135.305,136.072,5531826.0,66.84,87.079,-0.546,-0.007,-0.049
2025-08-21,IOC.NS,135.526,136.925,135.372,135.727,8746473.0,67.67,87.018,-0.201,0.009,-0.052
2025-08-22,IOC.NS,134.098,135.871,133.619,135.487,5874783.0,67.73,87.293,-1.389,,-0.055
2025-08-25,IOC.NS,134.108,134.501,133.37,134.098,8282860.0,68.8,87.33,0.01,-0.002,-0.027
2025-08-26,IOC.NS,133.149,134.548,132.757,133.667,10846493.0,67.22,87.609,-0.517,-0.021,-0.038
2025-08-27,IOC.NS,,,,,,68.05,87.601,,,
2025-08-28,IOC.NS,132.699,134.079,132.325,133.188,8420916.0,68.62,87.659,-0.489,-0.021,-0.051
2025-08-29,IOC.NS,130.907,133.657,130.754,132.699,10577763.0,68.12,87.592,-1.792,-0.024,-0.042
2025-09-01,IOC.NS,133.724,133.897,131.041,131.271,6229505.0,68.12,88.174,2.453,-0.003,0.011
2025-09-02,IOC.NS,133.782,134.778,133.284,133.724,3714758.0,69.14,88.001,0.057,0.005,0.002
2025-09-03,IOC.NS,134.616,135.487,133.676,133.763,4902101.0,67.6,87.998,0.853,,0.016
2025-09-04,IOC.NS,133.839,135.775,133.523,135.277,4768126.0,66.99,88.073,-1.437,0.009,0.003
2025-09-05,IOC.NS,133.811,134.817,132.68,133.619,4533550.0,65.5,88.193,0.192,0.022,0.007
2025-09-08,IOC.NS,135.008,135.957,134.146,134.146,5069174.0,66.02,88.186,0.862,0.01,0.007
2025-09-09,IOC.NS,135.047,136.158,134.625,135.238,3636766.0,66.39,87.98,-0.192,0.009,-0.003
2025-09-10,IOC.NS,135.238,135.784,134.922,135.353,4302236.0,67.49,88.218,-0.115,0.005,-0.011
2025-09-11,IOC.NS,137.912,139.311,134.98,135.152,15031791.0,66.37,88.053,2.76,0.03,0.011
2025-09-12,IOC.NS,136.647,139.129,136.465,138.918,9001678.0,66.99,88.268,-2.271,0.021,0.018
2025-09-15,IOC.NS,137.969,138.161,136.359,136.771,8158591.0,67.44,88.277,1.198,0.022,
2025-09-16,IOC.NS,138.918,139.071,137.806,138.027,6389632.0,68.47,88.123,0.891,0.029,0.033
2025-09-17,IOC.NS,139.838,141.083,138.86,138.975,9549049.0,67.95,87.885,0.862,0.034,0.028
2025-09-18,IOC.NS,140.997,141.112,139.426,139.943,8002633.0,67.44,87.911,1.054,0.022,0.04
2025-09-19,IOC.NS,142.291,143.68,140.595,140.844,14995288.0,66.68,88.207,1.447,0.041,0.05
2025-09-22,IOC.NS,142.099,142.865,141.102,142.291,9720233.0,66.57,88.099,-0.192,0.03,0.06
2025-09-23,IOC.NS,142.041,142.904,141.38,141.898,7296186.0,67.63,88.304,0.144,0.022,0.059
2025-09-24,IOC.NS,140.633,142.664,140.384,141.84,6288775.0,69.31,88.808,-1.207,0.006,0.056
2025-09-25,IOC.NS,140.106,141.936,139.646,139.914,8605676.0,69.42,88.779,0.192,-0.006,
2025-09-26,IOC.NS,138.975,140.106,137.787,139.914,11925305.0,70.13,88.773,-0.939,-0.023,0.047
2025-09-29,IOC.NS,143.067,143.68,138.975,138.975,16918652.0,67.97,88.677,4.091,0.007,0.093
2025-09-30,IOC.NS,143.527,144.926,142.77,143.766,13201863.0,67.02,88.704,-0.24,0.01,0.073
2025-10-01,IOC.NS,143.44,145.625,142.779,144.111,7658596.0,65.35,88.841,-0.671,0.02,0.072
2025-10-02,IOC.NS,,,,,,64.11,88.683,,,
2025-10-03,IOC.NS,144.102,144.533,142.425,143.728,5989839.0,64.53,88.72,0.374,0.037,0.077
2025-10-06,IOC.NS,148.365,148.797,144.226,144.667,18473741.0,65.47,88.735,3.699,0.037,0.109
2025-10-07,IOC.NS,147.915,149.237,147.369,148.289,11389659.0,65.45,88.721,-0.374,0.031,0.096
2025-10-08,IOC.NS,147.149,149.745,146.967,147.561,9953844.0,66.25,88.743,-0.412,0.026,0.09
2025-10-09,IOC.NS,148.758,150.627,146.919,147.58,13999206.0,65.22,88.777,1.179,,0.1
2025-10-10,IOC.NS,147.666,150.426,147.273,149.007,7992863.0,62.73,88.865,-1.341,0.025,0.071
2025-10-13,IOC.NS,148.768,149.19,145.759,147.283,11375913.0,63.32,88.757,1.485,0.003,0.089
2025-10-14,IOC.NS,146.42,150.224,146.219,149.228,5976061.0,62.39,88.665,-2.807,-0.01,0.061
2025-10-15,IOC.NS,147.264,148.471,146.44,146.832,19147599.0,61.91,88.783,0.431,0.001,0.06
2025-10-16,IOC.NS,147.244,148.04,145.74,147.465,7119984.0,61.06,87.81,-0.22,-0.01,0.053
2025-10-17,IOC.NS,146.516,148.135,145.673,147.321,7126668.0,61.29,87.991,-0.805,-0.008,0.039
2025-10-20,IOC.NS,147.417,147.896,146.325,146.89,5564426.0,61.01,88.002,0.527,-0.009,0.036
2025-10-21,IOC.NS,147.685,148.519,147.273,147.465,1188949.0,61.32,87.88,0.22,0.009,0.039
2025-10-22,IOC.NS,,,,,,62.59,88.002,,,
2025-10-23,IOC.NS,143.843,147.561,143.546,147.561,13612250.0,65.99,87.74,-3.718,-0.023,0.023
2025-10-24,IOC.NS,144.082,144.964,142.913,143.728,8519673.0,65.94,87.779,0.355,-0.017,0.028
2025-10-27,IOC.NS,148.71,148.873,144.811,144.974,16809115.0,65.62,87.829,3.737,0.009,0.07
2025-10-28,IOC.NS,148.059,150.895,147.034,149.86,22709449.0,64.4,88.222,-1.801,0.003,0.035
2025-10-29,IOC.NS,156.27,156.884,148.519,148.519,58449093.0,64.92,88.226,7.752,,0.089
2025-10-30,IOC.NS,156.673,160.113,155.37,156.27,33405636.0,65.0,88.346,0.402,0.089,0.092
2025-10-31,IOC.NS,158.963,159.931,156.27,156.673,25385134.0,65.07,88.634,2.29,0.103,
2025-11-03,IOC.NS,160.716,161.646,158.963,160.017,19190570.0,64.89,88.775,0.699,0.081,0.115
2025-11-04,IOC.NS,162.173,163.035,160.142,160.975,23469790.0,64.44,88.723,1.198,0.095,0.093
2025-11-05,IOC.NS,,,,,,63.52,88.732,,,
2025-11-06,IOC.NS,161.33,162.92,160.352,162.911,19729771.0,63.38,88.557,-1.581,0.03,0.096
2025-11-07,IOC.NS,162.087,162.46,159.155,160.218,12104934.0,63.63,88.673,1.868,0.02,0.09
2025-11-10,IOC.NS,162.307,164.223,161.454,162.068,12402893.0,64.06,88.658,0.24,0.01,0.099
2025-11-11,IOC.NS,165.23,166.236,160.324,161.838,20113006.0,65.16,88.707,3.392,0.019,0.111
2025-11-12,IOC.NS,165.095,167.203,164.338,165.479,16003745.0,62.71,88.466,-0.383,,0.128
2025-11-13,IOC.NS,165.239,167.155,164.281,165.469,11618468.0,63.01,88.594,-0.23,0.024,0.122
2025-11-14,IOC.NS,164.089,166.926,163.275,165.191,11051895.0,64.39,88.816,-1.102,0.012,0.114
2025-11-17,IOC.NS,165.881,167.108,164.003,164.003,13233156.0,64.2,88.682,1.878,0.022,0.132
2025-11-18,IOC.NS,164.415,166.724,162.7,166.245,17543851.0,64.89,88.636,-1.83,-0.005,0.115
2025-11-19,IOC.NS,162.25,165.028,161.79,164.338,10315121.0,63.51,88.557,-2.089,-0.017,0.099
2025-11-20,IOC.NS,161.646,163.562,161.109,162.987,9529662.0,63.38,88.487,-1.341,-0.022,
2025-11-21,IOC.NS,160.352,161.56,159.25,160.975,9261908.0,62.56,88.692,-0.623,-0.023,0.115
2025-11-24,IOC.NS,158.762,160.793,158.149,160.017,16397744.0,63.37,89.634,-1.255,-0.043,0.102
2025-11-25,IOC.NS,157.257,158.484,156.27,158.005,9625540.0,62.48,89.148,-0.747,-0.044,0.057
2025-11-26,IOC.NS,158.666,159.059,156.73,157.257,5855993.0,63.13,89.151,1.409,-0.022,0.072
2025-11-27,IOC.NS,156.96,159.059,155.753,158.666,4631417.0,63.13,89.163,-1.706,-0.029,0.004
2025-11-28,IOC.NS,154.987,156.855,154.747,156.663,5937318.0,63.2,89.365,-1.677,-0.033,-0.011
2025-12-01,IOC.NS,156.156,157.564,155.255,155.255,10208196.0,63.17,89.35,0.901,-0.016,-0.018
2025-12-02,IOC.NS,155.552,158.216,154.967,156.673,13247668.0,62.45,89.613,-1.121,-0.011,-0.032
2025-12-03,IOC.NS,157.248,157.679,154.268,155.418,11250522.0,62.67,89.917,1.83,-0.009,-0.03
2025-12-04,IOC.NS,155.954,157.813,155.236,157.142,6382061.0,63.26,90.171,-1.188,-0.006,
2025-12-05,IOC.NS,156.817,156.989,155.13,155.906,6124074.0,63.75,89.836,0.91,0.012,-0.028
2025-12-08,IOC.NS,155.322,157.545,154.268,156.817,8744916.0,62.49,89.938,-1.495,-0.005,-0.042
2025-12-09,IOC.NS,156.194,156.5,153.626,155.418,10272407.0,61.94,90.13,0.776,0.004,-0.038
2025-12-10,IOC.NS,156.251,159.528,155.657,156.424,12155035.0,62.21,89.917,-0.172,-0.006,-0.054
2025-12-11,IOC.NS,154.987,157.142,153.789,156.443,8829634.0,61.28,89.793,-1.456,-0.006,-0.061
2025-12-12,IOC.NS,156.826,158.005,155.284,155.561,13492656.0,61.12,90.253,1.265,0.0,-0.051
2025-12-15,IOC.NS,161.502,161.933,155.657,158.264,33661881.0,60.56,90.577,3.239,0.04,-0.016
2025-12-16,IOC.NS,160.726,162.614,159.068,162.422,26675256.0,58.92,90.777,-1.696,0.029,-0.031
2025-12-17,IOC.NS,161.128,162.317,160.257,161.588,17416464.0,59.68,90.949,-0.46,0.031,-0.02
2025-12-18,IOC.NS,159.736,161.761,159.272,159.983,10014354.0,59.82,90.414,-0.247,0.031,-0.015
2025-12-19,IOC.NS,160.575,160.872,158.413,159.193,14335462.0,60.47,90.256,1.383,0.024,-0.007
2025-12-22,IOC.NS,161.622,162.353,160.101,160.575,9224512.0,62.07,89.57,1.047,0.001,0.008
2025-12-23,IOC.NS,161.237,163.439,160.635,161.612,8439146.0,62.38,89.604,-0.375,0.003,0.016
2025-12-24,IOC.NS,159.163,161.375,158.995,161.267,7879339.0,62.24,89.508,-2.103,-0.012,0.012
2025-12-26,IOC.NS,158.304,159.924,157.623,159.094,7762050.0,60.64,90.106,-0.79,-0.009,-0.002
2025-12-29,IOC.NS,159.963,160.773,157.544,157.573,8219066.0,61.94,89.829,2.39,-0.004,0.019
2025-12-30,IOC.NS,159.558,160.862,158.976,159.983,8132881.0,61.92,89.9,-0.425,-0.013,0.029
2025-12-31,IOC.NS,164.387,165.247,159.42,159.558,24383706.0,60.85,89.769,4.829,0.02,0.053
2026-01-01,IOC.NS,163.815,166.106,162.867,164.921,9679405.0,60.85,89.769,-1.106,0.029,0.053
2026-01-02,IOC.NS,164.713,165.266,162.857,164.624,9638213.0,60.75,89.962,0.089,0.04,0.047
2026-01-05,IOC.NS,162.955,166.688,161.563,164.723,9692902.0,61.76,90.007,-1.768,0.019,0.045
2026-01-06,IOC.NS,161.958,162.837,159.292,162.649,11514726.0,60.7,90.233,-0.691,0.015,0.033
2026-01-07,IOC.NS,160.645,162.946,159.983,162.057,10582454.0,59.96,90.166,-1.412,-0.023,0.034
2026-01-08,IOC.NS,154.423,160.674,153.86,160.645,13567688.0,61.99,89.864,-6.222,-0.057,-0.011
2026-01-09,IOC.NS,155.648,156.448,153.179,153.268,10896400.0,63.34,89.905,2.38,-0.055,-0.004
2026-01-12,IOC.NS,156.27,156.635,152.843,155.045,6011542.0,63.87,90.236,1.225,-0.041,0.008
2026-01-13,IOC.NS,155.44,157.415,153.811,156.724,7763679.0,65.47,90.133,-1.284,-0.04,-0.009
2026-01-14,IOC.NS,157.178,157.603,154.147,155.045,10309941.0,66.52,90.273,2.133,-0.022,-0.027
2026-01-15,IOC.NS,157.178,157.178,157.178,157.178,0.0,63.76,90.183,0.0,0.018,-0.022
2026-01-16,IOC.NS,159.311,160.131,157.86,158.008,15011308.0,64.13,90.362,1.304,0.024,-0.011
2026-01-19,IOC.NS,158.897,160.23,157.356,158.995,8651736.0,64.13,90.702,-0.099,0.017,-0.005
2026-01-20,IOC.NS,156.457,159.341,156.033,158.897,10243937.0,64.92,90.905,-2.439,0.007,-0.026
2026-01-21,IOC.NS,156.843,158.442,154.66,156.457,11797545.0,65.24,91.118,0.385,-0.002,-0.03
2026-01-22,IOC.NS,157.07,159.934,156.092,157.81,8809678.0,64.06,91.537,-0.741,-0.001,-0.026
2026-01-23,IOC.NS,154.087,158.403,153.672,157.109,9542103.0,65.88,91.558,-3.022,-0.033,-0.032
2026-01-26,IOC.NS,,,,,,65.59,91.501,,,
2026-01-27,IOC.NS,156.922,157.909,153.702,154.749,11148012.0,67.57,91.713,2.173,0.003,-0.019
2026-01-28,IOC.NS,160.822,161.958,156.566,157.02,15795631.0,68.4,91.534,3.802,0.025,0.008
2026-01-29,IOC.NS,161.059,162.6,159.756,160.694,16100725.0,70.71,92.041,0.365,0.025,-0.02
2026-01-30,IOC.NS,161.208,161.78,158.828,160.97,11627532.0,70.69,91.782,0.237,0.046,-0.016
2026-02-02,IOC.NS,162.56,163.341,157.07,158.502,14590517.0,66.3,91.687,4.059,,-0.013
2026-02-03,IOC.NS,165.493,166.59,162.353,166.402,14585846.0,67.33,90.246,-0.909,0.055,0.016
2026-02-04,IOC.NS,170.629,171.537,164.249,164.921,28164545.0,69.46,90.423,5.708,0.061,0.054
2026-02-05,IOC.NS,173.581,175.685,170.273,172.071,34830200.0,67.55,90.125,1.511,0.078,0.081
2026-02-06,IOC.NS,173.019,178.648,171.122,174.786,34240417.0,68.05,90.315,-1.768,0.073,0.12
2026-02-09,IOC.NS,173.967,175.083,172.821,173.759,12380924.0,69.04,90.588,0.207,0.07,0.118
2026-02-10,IOC.NS,175.991,176.673,173.019,174.589,21506950.0,68.8,90.823,1.402,0.063,0.126
2026-02-11,IOC.NS,179.053,179.339,174.618,175.784,25578553.0,69.4,90.588,3.269,0.049,0.152
2026-02-12,IOC.NS,175.892,179.981,173.117,179.981,24014261.0,67.52,90.736,-4.088,0.013,0.119
2026-02-13,IOC.NS,174.569,175.685,173.848,175.073,9835632.0,67.75,90.564,-0.504,0.009,0.111
2026-02-16,IOC.NS,172.969,173.71,171.29,173.71,6184219.0,67.75,90.571,-0.741,-0.006,0.086
2026-02-17,IOC.NS,173.621,173.957,170.026,172.772,5249228.0,67.42,90.783,0.849,-0.013,0.093
2026-02-18,IOC.NS,176.515,176.771,173.67,173.67,8191312.0,70.35,90.626,2.844,-0.014,0.128
2026-02-19,IOC.NS,172.13,175.774,171.231,175.497,13677449.0,71.66,90.794,-3.368,-0.021,0.097
2026-02-20,IOC.NS,171.626,172.268,170.155,171.439,8935995.0,71.76,91.041,0.188,-0.017,0.093
2026-02-23,IOC.NS,174.263,175.092,171.508,172.712,11422407.0,71.49,90.727,1.55,0.007,0.131
2026-02-24,IOC.NS,177.946,178.746,174.312,174.786,22691029.0,70.77,91.02,3.16,0.025,
2026-02-25,IOC.NS,180.751,181.512,178.262,178.746,24353791.0,70.85,90.918,2.005,0.024,0.152
2026-02-26,IOC.NS,184.148,184.474,180.159,181.215,17206460.0,70.75,90.951,2.933,0.07,0.145
2026-02-27,IOC.NS,185.136,186.607,183.457,184.78,24422609.0,72.48,91.007,0.356,0.079,0.149
2026-03-02,IOC.NS,176.88,180.129,174.648,179.053,31464579.0,77.74,91.08,-2.173,0.015,0.097
2026-03-03,IOC.NS,,,,,,81.4,91.563,,,
2026-03-04,IOC.NS,168.318,173.977,167.103,172.821,27718538.0,81.4,92.009,-4.503,-0.069,0.017
2026-03-05,IOC.NS,169.404,173.236,167.172,168.871,32355154.0,85.41,92.123,0.533,-0.08,-0.007
2026-03-06,IOC.NS,166.58,170.787,165.958,169.918,20979104.0,92.69,91.787,-3.338,-0.1,-0.04
2026-03-09,IOC.NS,159.213,160.131,154.354,156.033,40458725.0,98.96,91.936,3.18,-0.1,-0.08
2026-03-10,IOC.NS,157.949,164.782,157.139,162.393,26772223.0,87.8,91.221,-4.444,,-0.092
2026-03-11,IOC.NS,158.63,160.961,157.672,158.502,22703344.0,91.98,92.165,0.128,-0.058,-0.099
2026-03-12,IOC.NS,160.16,162.25,154.06,157.4,21636039.0,100.46,92.229,2.76,-0.055,-0.106
2026-03-13,IOC.NS,156.54,160.34,155.8,158.99,11958819.0,103.14,92.39,-2.45,-0.06,-0.11
2026-03-16,IOC.NS,148.96,154.6,146.88,153.01,35687077.0,100.21,92.564,-4.05,-0.064,-0.147
2026-03-17,IOC.NS,146.68,149.8,145.51,149.0,19101788.0,103.42,92.283,-2.32,-0.071,-0.152
2026-03-18,IOC.NS,148.27,149.08,145.96,146.8,20318430.0,107.38,92.391,1.47,-0.065,-0.146
2026-03-19,IOC.NS,142.73,146.63,142.05,145.89,20076945.0,108.65,93.247,-3.16,-0.109,-0.191
2026-03-20,IOC.NS,144.6,148.13,143.6,143.6,34636614.0,112.19,93.082,1.0,-0.076,-0.16
2026-03-23,IOC.NS,138.11,142.69,137.75,141.49,21048472.0,99.94,93.895,-3.38,-0.073,-0.195
2026-03-24,IOC.NS,138.7,142.5,137.02,141.58,30509694.0,104.49,93.244,-2.88,-0.054,-0.204
2026-03-25,IOC.NS,140.52,141.69,139.0,141.32,22848464.0,102.22,94.3,-0.8,-0.052,-0.21
2026-03-26,IOC.NS,,,,,,108.01,94.694,,,
2026-03-27,IOC.NS,137.76,144.37,137.35,142.99,29985724.0,112.57,94.31,-5.23,-0.047,-0.252
2026-03-30,IOC.NS,135.4,138.63,134.04,135.38,28375902.0,112.78,94.782,0.02,-0.02,-0.269
2026-03-31,IOC.NS,,,,,,118.35,94.356,,,
2026-04-01,IOC.NS,135.72,140.0,134.5,140.0,26367709.0,101.16,93.484,-4.28,-0.034,
2026-04-02,IOC.NS,134.13,134.67,130.22,134.2,22834708.0,109.03,92.643,-0.07,,-0.203
2026-04-03,IOC.NS,,,,,,109.03,92.974,,,
2026-04-06,IOC.NS,134.05,134.8,130.51,134.13,25356388.0,109.77,92.971,-0.08,-0.01,-0.195
2026-04-07,IOC.NS,134.44,134.85,131.7,132.3,20626751.0,109.27,92.817,2.14,,-0.156
2026-04-08,IOC.NS,143.35,144.3,141.1,143.0,45807508.0,94.75,92.86,0.35,0.056,-0.092
2026-04-09,IOC.NS,141.67,142.89,140.5,142.89,22052191.0,95.92,92.275,-1.22,0.056,-0.107
2026-04-10,IOC.NS,142.96,144.1,141.91,142.26,13681094.0,95.2,92.47,0.7,,-0.107
2026-04-13,IOC.NS,141.08,141.4,137.56,139.1,21941388.0,99.36,94.509,1.98,0.052,-0.099
2026-04-14,IOC.NS,,,,,,94.79,94.947,,,
2026-04-15,IOC.NS,145.22,145.67,144.1,144.95,16020870.0,94.93,93.165,0.27,0.013,-0.01
2026-04-16,IOC.NS,144.19,146.43,143.5,146.0,13154143.0,99.39,93.387,-1.81,0.018,-0.028
2026-04-17,IOC.NS,145.88,146.33,143.41,144.4,11855228.0,90.38,93.048,1.48,0.02,0.022
2026-04-20,IOC.NS,146.87,147.87,144.3,145.01,14174808.0,95.48,92.603,1.86,0.041,0.016
2026-04-21,IOC.NS,147.31,148.34,147.0,147.06,8952350.0,98.48,93.124,0.25,,0.067
2026-04-22,IOC.NS,147.36,147.9,146.1,146.44,7680576.0,101.91,93.623,0.92,0.015,0.062
2026-04-23,IOC.NS,145.48,147.35,145.1,146.4,11146793.0,105.07,93.8,-0.92,0.009,0.035
2026-04-24,IOC.NS,143.47,145.6,142.9,145.0,8204012.0,105.33,94.113,-1.53,-0.017,
2026-04-27,IOC.NS,146.26,146.6,143.69,144.0,8409968.0,108.23,94.25,2.26,-0.004,0.062
2026-04-28,IOC.NS,145.39,146.19,144.31,146.15,11294936.0,111.26,94.258,-0.76,-0.013,0.074
2026-04-29,IOC.NS,144.19,147.29,143.94,146.11,12575213.0,118.03,94.646,-1.92,-0.022,
2026-04-30,IOC.NS,142.25,143.4,141.12,142.5,16384926.0,114.01,94.917,-0.25,-0.022,0.048
2026-05-01,IOC.NS,142.25,142.25,142.25,142.25,0.0,108.17,94.759,0.0,-0.009,0.061
2026-05-04,IOC.NS,142.26,144.42,142.0,143.5,9094894.0,114.44,94.903,-1.24,-0.027,
2026-05-05,IOC.NS,142.14,142.62,140.5,142.0,8418500.0,109.87,95.259,0.14,-0.022,0.06
2026-05-06,IOC.NS,148.21,148.75,143.22,143.5,16440452.0,101.27,95.183,4.71,0.028,0.102
2026-05-07,IOC.NS,146.89,149.3,145.13,148.9,17332587.0,100.06,94.608,-2.01,0.033,0.025
2026-05-08,IOC.NS,144.69,146.3,144.19,145.8,9904272.0,101.29,94.253,-1.11,0.017,0.021
2026-05-11,IOC.NS,140.37,143.0,140.04,143.0,11542960.0,104.21,94.425,-2.63,-0.013,-0.018
2026-05-12,IOC.NS,137.65,139.76,137.25,139.39,13482227.0,107.77,95.391,-1.74,-0.032,-0.024
2026-05-13,IOC.NS,141.69,142.6,137.84,138.0,15901973.0,105.63,95.633,3.69,-0.044,
2026-05-14,IOC.NS,140.26,143.0,139.1,143.0,14516032.0,105.72,95.696,-2.74,-0.045,-0.034
2026-05-15,IOC.NS,134.48,141.2,134.04,140.5,30353032.0,109.26,95.71,-6.02,-0.071,-0.067
2026-05-18,IOC.NS,131.81,134.0,130.53,134.0,15772188.0,112.1,95.97,-2.19,-0.061,-0.096
2026-05-19,IOC.NS,135.0,136.19,133.34,134.1,22333093.0,111.28,96.27,0.9,-0.019,-0.081
2026-05-20,IOC.NS,138.04,138.52,133.0,134.67,24216502.0,105.02,96.566,3.37,-0.026,-0.063
2026-05-21,IOC.NS,140.53,141.0,138.24,139.6,26345901.0,102.58,96.528,0.93,0.002,-0.046
2026-05-22,IOC.NS,139.47,140.56,138.03,140.53,12077225.0,103.54,96.174,-1.06,0.037,-0.041
2026-05-25,IOC.NS,143.95,145.3,143.15,144.06,24525241.0,103.54,95.719,-0.11,0.092,0.003
2026-05-26,IOC.NS,142.38,144.11,141.57,143.7,9355269.0,99.58,95.253,-1.32,0.055,-0.027
2026-05-27,IOC.NS,143.94,144.85,141.42,142.09,10981894.0,94.29,95.905,1.85,0.043,-0.01
2026-05-28,IOC.NS,143.94,143.94,143.94,143.94,0.0,93.71,96.049,0.0,0.024,-0.002
2026-05-29,IOC.NS,140.24,147.0,139.63,146.0,36212028.0,92.05,96.048,-5.76,0.006,-0.014
2026-06-01,IOC.NS,138.8,141.48,138.6,140.5,13055381.0,94.98,95.003,-1.7,-0.036,-0.024
2026-06-02,IOC.NS,138.83,139.64,137.31,137.99,9425916.0,96.0,95.551,0.84,-0.025,-0.024
2026-06-03,IOC.NS,137.38,138.33,136.6,138.19,14280727.0,97.81,95.263,-0.81,-0.046,-0.033
2026-06-04,IOC.NS,138.95,139.99,136.8,137.69,10664527.0,95.03,96.164,1.26,-0.035,-0.062
2026-06-05,IOC.NS,138.26,139.39,137.64,139.0,10644029.0,93.09,95.79,-0.74,-0.014,-0.059
2026-06-08,IOC.NS,135.6,136.99,135.25,136.74,9213602.0,94.25,94.95,-1.14,-0.023,-0.063
2026-06-09,IOC.NS,138.13,138.44,136.35,137.0,12417792.0,91.45,95.688,1.13,-0.005,-0.016
2026-06-10,IOC.NS,136.88,139.72,136.5,138.13,10347575.0,93.1,95.36,-1.25,-0.004,-0.006
2026-06-11,IOC.NS,134.24,135.65,133.55,135.0,11817601.0,90.38,95.645,-0.76,-0.034,-0.053
2026-06-12,IOC.NS,140.94,141.45,136.73,137.0,18813847.0,87.33,95.76,3.94,0.019,0.005
2026-06-15,IOC.NS,144.49,148.47,144.21,147.0,23010555.0,83.17,95.11,-2.51,0.066,0.074
2026-06-16,IOC.NS,145.11,145.45,143.73,144.95,10255674.0,78.96,94.742,0.16,0.051,0.101
2026-06-17,IOC.NS,145.42,147.47,144.95,147.0,14039760.0,79.55,94.889,-1.58,0.062,0.077
2026-06-18,IOC.NS,146.11,147.25,145.18,145.8,10920308.0,79.85,94.859,0.31,0.088,0.058
2026-06-19,IOC.NS,143.43,145.74,142.67,144.98,15764700.0,79.85,94.34,-1.55,0.018,0.021
2026-06-22,IOC.NS,144.38,145.43,143.54,145.43,10482678.0,77.9,94.33,-1.05,-0.001,0.035
2026-06-23,IOC.NS,143.17,145.95,142.8,145.0,14059612.0,77.08,94.701,-1.83,-0.013,-0.005
2026-06-24,IOC.NS,146.3,146.8,143.25,143.99,17387166.0,73.74,95.184,2.31,0.006,0.028
2026-06-25,IOC.NS,143.89,148.24,143.38,148.0,14235354.0,75.26,94.441,-4.11,-0.015,-0.0
2026-06-26,IOC.NS,143.89,143.89,143.89,143.89,0.0,71.99,94.4,0.0,0.003,-0.0
2026-06-29,IOC.NS,139.18,143.41,138.9,143.3,14942414.0,73.15,94.36,-4.12,-0.036,-0.008
2026-06-30,IOC.NS,139.38,140.23,138.38,139.51,19013315.0,72.92,94.79,-0.13,-0.026,0.004
2026-07-01,IOC.NS,139.83,140.32,138.42,139.7,10736348.0,71.57,94.918,0.13,-0.044,0.007
2026-07-02,IOC.NS,141.62,143.77,140.3,140.3,23991977.0,71.8,95.418,1.32,-0.016,0.031
2026-07-03,IOC.NS,141.56,142.32,141.01,142.32,5661461.0,71.8,95.527,-0.76,-0.016,0.019
2026-07-06,IOC.NS,141.68,143.75,140.92,141.6,8310545.0,71.99,95.215,0.08,0.018,0.025
2026-07-07,IOC.NS,142.18,144.11,141.8,142.75,16961635.0,74.16,95.604,-0.57,0.02,0.049
2026-07-08,IOC.NS,137.63,140.35,136.6,139.7,33976686.0,78.02,95.593,-2.07,-0.016,-0.004
2026-07-09,IOC.NS,138.26,138.69,136.6,137.63,14352065.0,76.3,95.862,0.63,-0.024,0.01
2026-07-10,IOC.NS,138.96,140.55,138.7,139.38,8402022.0,76.01,95.39,-0.42,-0.018,0.035
2026-07-13,IOC.NS,139.95,140.17,136.62,137.0,11620086.0,83.3,95.325,2.95,-0.012,-0.007
2026-07-14,IOC.NS,137.05,138.69,136.7,137.99,14151551.0,84.73,96.299,-0.94,-0.036,-0.051
2026-07-15,IOC.NS,140.24,140.5,137.16,137.9,21309498.0,84.95,96.425,2.34,0.019,-0.034
2026-07-16,IOC.NS,141.8,143.39,139.34,140.5,22023161.0,84.23,96.499,1.3,0.026,-0.025
2026-07-17,IOC.NS,141.49,142.3,140.19,141.7,7121545.0,84.68,96.353,-0.21,0.018,-0.032
2025-01-01,RELIANCE.NS,1210.794,1215.8,1201.226,1204.448,5892590.0,75.93,85.786,6.345,,
2025-01-02,RELIANCE.NS,1231.168,1233.795,1209.554,1210.794,15486276.0,75.93,85.786,20.374,,
2025-01-03,RELIANCE.NS,1240.438,1251.244,1224.922,1233.25,15521102.0,76.51,85.804,7.188,,
2025-01-06,RELIANCE.NS,1207.571,1251.195,1204.597,1243.214,14816766.0,76.3,85.759,-35.642,,
2025-01-07,RELIANCE.NS,1230.226,1233.844,1210.794,1211.537,10070505.0,77.05,85.681,18.689,,
2025-01-08,RELIANCE.NS,1254.665,1260.167,1234.687,1238.306,19346579.0,76.16,85.807,16.359,0.036,
2025-01-09,RELIANCE.NS,1244.007,1258.878,1237.364,1256.152,12794704.0,76.92,85.908,-12.145,0.01,
2025-01-10,RELIANCE.NS,1231.267,1245.99,1225.417,1243.114,8120332.0,79.76,85.92,-11.848,-0.007,
2025-01-13,RELIANCE.NS,1229.234,1234.588,1215.9,1219.469,13764861.0,81.01,86.188,9.766,0.018,
2025-01-14,RELIANCE.NS,1228.144,1242.619,1216.742,1233.448,13095266.0,79.92,86.651,-5.304,-0.002,
2025-01-15,RELIANCE.NS,1241.479,1246.237,1231.217,1234.291,9578856.0,82.03,86.535,7.188,-0.011,
2025-01-16,RELIANCE.NS,1255.607,1264.083,1240.586,1248.121,14117603.0,81.29,86.431,7.485,0.009,
2025-01-17,RELIANCE.NS,1291.199,1314.647,1273.998,1310.929,29366277.0,80.79,86.606,-19.73,0.049,
2025-01-20,RELIANCE.NS,1294.273,1304.732,1289.117,1304.732,14040244.0,80.79,86.569,-10.46,0.053,
2025-01-21,RELIANCE.NS,1262.795,1301.758,1259.325,1299.28,14562976.0,79.29,86.211,-36.485,0.028,
2025-01-22,RELIANCE.NS,1266.165,1271.916,1257.837,1267.355,10273590.0,79.0,86.452,-1.19,0.02,
2025-01-23,RELIANCE.NS,1252.831,1266.413,1250.798,1259.126,8720682.0,78.29,86.473,-6.296,-0.002,
2025-01-24,RELIANCE.NS,1235.629,1262.101,1232.853,1255.161,14235970.0,78.5,86.44,-19.531,-0.043,
2025-01-27,RELIANCE.NS,1218.824,1229.829,1209.554,1228.491,9536019.0,77.08,86.203,-9.667,-0.058,
2025-01-28,RELIANCE.NS,1223.831,1234.093,1208.067,1227.4,10568025.0,77.49,86.468,-3.569,-0.031,
2025-01-29,RELIANCE.NS,1224.922,1232.11,1217.535,1225.417,5928156.0,76.58,86.585,-0.496,-0.033,
2025-01-30,RELIANCE.NS,1242.321,1246.238,1221.848,1224.971,9269259.0,76.87,86.641,17.35,-0.008,0.026
2025-01-31,RELIANCE.NS,1254.268,1256.152,1238.306,1245.097,6584612.0,76.76,86.647,9.171,0.015,0.019
2025-02-01,RELIANCE.NS,1253.772,1259.672,1230.375,1254.268,7118453.0,76.76,86.647,-0.496,0.029,0.011
2025-02-03,RELIANCE.NS,1235.233,1245.246,1226.954,1240.289,9252345.0,75.96,86.554,-5.056,0.009,0.023
2025-02-04,RELIANCE.NS,1274.196,1277.765,1235.927,1237.364,16691069.0,76.2,86.943,36.832,0.04,0.036
2025-02-05,RELIANCE.NS,1267.256,1279.451,1265.769,1271.668,10112028.0,74.61,87.13,-4.412,0.02,0.01
2025-02-06,RELIANCE.NS,1270.577,1276.972,1259.473,1262.795,9956001.0,74.29,87.334,7.783,0.013,0.021
2025-02-07,RELIANCE.NS,1255.854,1272.709,1251.195,1265.224,8764283.0,74.66,87.588,-9.369,0.002,0.02
2025-02-10,RELIANCE.NS,1242.916,1255.656,1234.886,1253.673,6970972.0,75.87,87.513,-10.757,0.006,0.011
2025-02-11,RELIANCE.NS,1224.277,1253.723,1219.568,1253.723,8859714.0,77.0,87.49,-29.446,-0.039,-0.003
2025-02-12,RELIANCE.NS,1206.134,1216.395,1183.132,1209.009,21131654.0,75.18,86.811,-2.875,-0.048,-0.028
2025-02-13,RELIANCE.NS,1205.688,1217.486,1201.623,1206.63,8511216.0,75.02,86.874,-0.942,-0.051,-0.04
2025-02-14,RELIANCE.NS,1206.828,1213.52,1195.129,1208.563,10298145.0,74.74,86.754,-1.735,-0.039,-0.065
2025-02-17,RELIANCE.NS,1214.412,1216.99,1194.187,1200.73,8166683.0,74.74,86.435,13.682,-0.023,-0.062
2025-02-18,RELIANCE.NS,1214.908,1219.37,1205.688,1214.363,6673250.0,75.84,86.855,0.545,-0.008,-0.038
2025-02-19,RELIANCE.NS,1216.941,1222.195,1207.125,1209.059,6217338.0,76.04,86.887,7.882,0.009,-0.039
2025-02-20,RELIANCE.NS,1222.443,1228.739,1211.537,1213.47,7795582.0,76.48,86.873,8.973,0.014,-0.024
2025-02-21,RELIANCE.NS,1217.635,1229.383,1211.686,1218.18,6904025.0,74.43,86.451,-0.545,0.009,-0.015
2025-02-24,RELIANCE.NS,1204.151,1212.776,1200.136,1206.134,7172498.0,74.78,86.529,-1.983,-0.008,-0.012
2025-02-25,RELIANCE.NS,1193.691,1210.546,1191.213,1200.631,11552182.0,73.02,86.69,-6.94,-0.017,-0.025
2025-02-26,RELIANCE.NS,,,,,,72.53,87.081,,,
2025-02-27,RELIANCE.NS,1196.765,1204.597,1190.37,1202.416,11509215.0,74.04,87.162,-5.651,-0.021,-0.037
2025-02-28,RELIANCE.NS,1189.825,1206.927,1183.083,1191.708,23007298.0,73.18,87.327,-1.884,-0.023,-0.051
2025-03-03,RELIANCE.NS,1161.222,1196.12,1146.102,1193.691,17944938.0,71.62,87.464,-32.47,-0.036,-0.074
2025-03-04,RELIANCE.NS,1151.952,1163.948,1149.622,1152.249,11377373.0,71.04,87.33,-0.297,-0.035,-0.067
2025-03-05,RELIANCE.NS,1165.535,1172.871,1147.094,1151.06,8664095.0,69.3,87.217,14.475,,-0.085
2025-03-06,RELIANCE.NS,1199.243,1203.556,1175.003,1186.751,14468014.0,69.46,86.889,12.492,0.002,-0.054
2025-03-07,RELIANCE.NS,1239.099,1244.056,1201.623,1205.589,16474965.0,70.36,87.129,33.511,0.041,-0.025
2025-03-10,RELIANCE.NS,1227.797,1247.229,1224.822,1234.34,11931051.0,69.28,87.074,-6.543,0.057,-0.022
2025-03-11,RELIANCE.NS,1236.621,1238.802,1219.221,1229.383,10089838.0,69.56,87.355,7.238,0.074,-0.005
2025-03-12,RELIANCE.NS,1246.287,1252.186,1233.349,1247.229,11977555.0,70.95,87.2,-0.942,0.069,0.018
2025-03-13,RELIANCE.NS,1237.216,1253.326,1233.2,1249.262,9505270.0,69.88,87.341,-12.046,0.032,0.026
2025-03-14,RELIANCE.NS,,,,,,70.58,86.922,,,
2025-03-17,RELIANCE.NS,1228.243,1246.634,1222.542,1231.515,16640917.0,71.07,86.939,-3.272,0.0,0.018
2025-03-18,RELIANCE.NS,1228.243,1228.243,1228.243,1228.243,0.0,70.56,86.916,0.0,-0.007,0.011
2025-03-19,RELIANCE.NS,1236.472,1242.52,1228.193,1230.424,16162399.0,70.78,86.576,6.048,-0.008,0.018
2025-03-20,RELIANCE.NS,1258.284,1262.101,1239.347,1241.132,15971477.0,72.0,86.337,17.152,0.017,0.034
2025-03-21,RELIANCE.NS,1265.422,1270.032,1259.225,1264.083,21780769.0,72.16,86.336,1.338,,0.035
2025-03-24,RELIANCE.NS,1290.951,1294.818,1273.254,1279.946,20299319.0,73.0,85.987,11.005,0.051,0.06
2025-03-25,RELIANCE.NS,1274.444,1296.503,1271.618,1296.503,13713899.0,73.02,85.532,-22.059,0.038,0.058
2025-03-26,RELIANCE.NS,1262.15,1282.722,1257.887,1279.946,12074747.0,73.79,85.59,-17.796,0.021,0.057
2025-03-27,RELIANCE.NS,1267.256,1273.998,1260.415,1267.206,15028056.0,74.03,86.095,0.049,0.007,
2025-03-28,RELIANCE.NS,1264.182,1284.656,1258.135,1269.041,18147129.0,73.63,85.695,-4.858,-0.001,0.056
2025-03-31,RELIANCE.NS,,,,,,74.74,85.539,,,
2025-04-01,RELIANCE.NS,1241.875,1266.959,1238.603,1253.772,12099648.0,74.49,85.468,-11.897,-0.026,0.069
2025-04-02,RELIANCE.NS,1240.438,1244.8,1233.25,1236.869,10142590.0,74.95,85.61,3.569,-0.017,0.077
2025-04-03,RELIANCE.NS,1238.009,1241.082,1222.493,1222.493,7434366.0,70.14,85.651,15.516,-0.023,0.062
2025-04-04,RELIANCE.NS,1194.385,1234.786,1182.934,1230.474,17908652.0,65.58,85.283,-36.088,-0.055,-0.004
2025-04-07,RELIANCE.NS,1155.719,1161.222,1105.305,1122.506,22156106.0,64.21,85.529,33.213,,-0.067
2025-04-08,RELIANCE.NS,1172.078,1186.355,1153.34,1161.965,19555040.0,62.82,86.027,10.113,-0.056,-0.045
2025-04-09,RELIANCE.NS,1175.201,1179.613,1158.0,1159.487,10223104.0,65.48,86.435,15.714,-0.053,-0.05
2025-04-10,RELIANCE.NS,,,,,,63.33,86.209,,,
2025-04-11,RELIANCE.NS,1208.513,1212.182,1184.917,1184.917,11224242.0,64.76,86.26,23.596,0.012,-0.023
2025-04-14,RELIANCE.NS,,,,,,64.88,86.193,,,
2025-04-15,RELIANCE.NS,1229.482,1240.289,1226.508,1240.289,13378535.0,64.67,86.045,-10.807,0.049,0.001
2025-04-16,RELIANCE.NS,1228.689,1230.275,1218.477,1223.534,8248464.0,65.85,85.727,5.156,0.046,0.0
2025-04-17,RELIANCE.NS,1263.588,1269.239,1217.089,1229.581,15398401.0,67.96,85.62,34.006,,0.022
2025-04-21,RELIANCE.NS,1284.408,1289.762,1256.152,1259.126,10429964.0,66.26,85.62,25.282,0.063,0.021
2025-04-22,RELIANCE.NS,1280.145,1292.736,1275.287,1288.869,13051707.0,67.44,85.159,-8.725,,0.012
2025-04-23,RELIANCE.NS,1288.869,1294.818,1274.394,1285.895,10480888.0,66.12,85.232,2.974,0.048,-0.002
2025-04-24,RELIANCE.NS,1290.456,1293.331,1279.253,1281.335,10468940.0,66.55,85.5,9.121,0.05,0.013
2025-04-25,RELIANCE.NS,1289.266,1313.854,1277.071,1292.339,14431012.0,66.87,85.257,-3.073,0.02,0.021
2025-04-28,RELIANCE.NS,1357.08,1362.831,1308.896,1328.527,31104496.0,65.86,85.385,28.553,0.057,0.071
2025-04-29,RELIANCE.NS,1387.716,1398.82,1358.27,1359.261,32538970.0,64.25,85.16,28.454,0.084,0.098
2025-04-30,RELIANCE.NS,1392.97,1400.307,1357.279,1389.996,25480745.0,63.12,85.171,2.974,0.081,
2025-05-01,RELIANCE.NS,,,,,,62.13,84.531,,,
2025-05-02,RELIANCE.NS,1407.644,1414.485,1397.035,1401.893,13007841.0,61.29,84.697,5.75,0.092,0.135
2025-05-05,RELIANCE.NS,1419.045,1427.175,1414.683,1418.748,12685649.0,60.23,84.526,0.297,0.046,0.146
2025-05-06,RELIANCE.NS,1408.734,1419.739,1398.522,1418.748,14084117.0,62.15,84.221,-10.013,0.015,0.179
2025-05-07,RELIANCE.NS,1393.962,1412.204,1390.69,1408.734,13440169.0,61.12,84.793,-14.772,0.001,0.206
2025-05-08,RELIANCE.NS,1394.953,1408.635,1386.03,1392.078,16106175.0,62.84,84.817,2.875,,0.19
2025-05-09,RELIANCE.NS,1365.408,1382.858,1362.731,1373.637,13668904.0,63.91,86.082,-8.229,-0.03,0.162
2025-05-12,RELIANCE.NS,1424.201,1426.679,1388.013,1388.013,10674081.0,64.96,85.408,36.187,0.004,
2025-05-13,RELIANCE.NS,1403.579,1435.305,1400.307,1421.226,11407896.0,66.63,84.966,-17.648,-0.004,0.161
2025-05-14,RELIANCE.NS,1412.204,1417.657,1403.381,1407.842,5570160.0,66.09,85.06,4.362,0.013,
2025-05-15,RELIANCE.NS,1441.749,1448.888,1400.604,1412.799,20177211.0,64.53,85.488,28.95,0.034,0.173
2025-05-16,RELIANCE.NS,1443.93,1448.491,1434.908,1440.758,9036695.0,65.41,85.445,3.173,0.058,0.175
2025-05-19,RELIANCE.NS,1428.464,1442.146,1425.886,1439.667,6195791.0,65.54,85.5,-11.203,0.003,0.13
2025-05-20,RELIANCE.NS,1412.402,1432.628,1409.627,1425.886,11270560.0,65.38,85.372,-13.484,0.006,0.1
2025-05-21,RELIANCE.NS,1416.963,1423.903,1405.958,1411.708,6136364.0,64.91,85.536,5.255,0.003,0.107
2025-05-22,RELIANCE.NS,1397.333,1411.609,1384.94,1409.032,12134466.0,64.44,85.6,-11.699,-0.031,0.084
2025-05-23,RELIANCE.NS,1414.584,1421.524,1394.557,1394.557,6474883.0,64.78,85.975,20.027,-0.02,0.096
2025-05-26,RELIANCE.NS,1422.515,1428.662,1412.898,1419.739,4842944.0,64.78,85.199,2.776,-0.004,0.103
2025-05-27,RELIANCE.NS,1409.924,1424.696,1401.794,1413.89,12640414.0,64.09,85.158,-3.966,-0.002,0.039
2025-05-28,RELIANCE.NS,1400.803,1410.42,1398.622,1407.941,5944611.0,64.9,85.36,-7.138,-0.011,0.009
2025-05-29,RELIANCE.NS,1405.661,1407.842,1396.54,1400.01,13771917.0,64.15,85.386,5.651,0.006,0.009
2025-05-30,RELIANCE.NS,1408.734,1418.351,1397.63,1405.859,13788484.0,63.9,85.361,2.875,-0.004,
2025-06-02,RELIANCE.NS,1401.596,1405.363,1383.651,1400.01,8098668.0,64.63,85.524,1.586,-0.015,-0.004
2025-06-03,RELIANCE.NS,1393.466,1414.286,1391.384,1410.122,11252626.0,65.63,85.364,-16.656,-0.012,-0.018
2025-06-04,RELIANCE.NS,1411.312,1413.493,1394.061,1402.587,8126827.0,64.86,85.709,8.725,0.008,0.002
2025-06-05,RELIANCE.NS,1430.05,1442.245,1411.411,1415.773,13716817.0,65.34,85.904,14.277,0.017,0.026
2025-06-06,RELIANCE.NS,1431.141,1439.072,1424.696,1428.662,8182161.0,66.47,85.878,2.479,0.016,0.026
2025-06-09,RELIANCE.NS,1436.395,1445.021,1432.925,1444.525,7885125.0,67.04,85.785,-8.13,0.025,0.052
2025-06-10,RELIANCE.NS,1426.183,1441.452,1423.705,1437.585,7913181.0,66.87,85.756,-11.402,0.023,0.001
2025-06-11,RELIANCE.NS,1436.495,1456.026,1430.744,1433.421,8195700.0,69.77,85.653,3.073,0.018,0.023
2025-06-12,RELIANCE.NS,1429.257,1444.525,1422.119,1441.055,8828114.0,69.36,85.47,-11.798,-0.001,0.012
2025-06-13,RELIANCE.NS,1415.674,1423.209,1402.191,1411.808,9757276.0,74.23,85.688,3.867,-0.011,-0.018
2025-06-16,RELIANCE.NS,1425.49,1430.05,1412.204,1414.683,8458093.0,73.23,86.249,10.807,-0.008,-0.013
2025-06-17,RELIANCE.NS,1418.946,1435.602,1413.592,1435.602,10366599.0,76.45,86.104,-16.656,-0.005,-0.007
2025-06-18,RELIANCE.NS,1417.855,1430.447,1413.493,1417.756,6681735.0,76.7,86.363,0.099,-0.013,0.004
2025-06-19,RELIANCE.NS,1421.028,1427.572,1413.493,1417.855,10007230.0,76.7,86.614,3.173,-0.006,0.003
2025-06-20,RELIANCE.NS,1453.646,1458.405,1415.873,1418.748,29010635.0,77.01,86.584,34.899,0.027,0.04
2025-06-23,RELIANCE.NS,1444.327,1451.267,1429.654,1440.559,5989078.0,71.48,86.58,3.768,0.013,0.021
2025-06-24,RELIANCE.NS,1438.378,1462.371,1430.744,1452.457,16402744.0,67.14,86.233,-14.078,0.014,0.011
2025-06-25,RELIANCE.NS,1454.737,1459.793,1447.995,1451.465,7525851.0,67.68,85.905,3.272,0.026,0.032
2025-06-26,RELIANCE.NS,1482.497,1485.967,1452.556,1456.521,14657893.0,67.73,86.006,25.976,0.043,0.058
2025-06-27,RELIANCE.NS,1502.425,1508.969,1484.083,1486.562,11117052.0,67.77,85.666,15.863,0.034,0.069
2025-06-30,RELIANCE.NS,1487.752,1511.745,1483.191,1500.839,8409527.0,67.61,85.455,-13.087,0.03,0.056
2025-07-01,RELIANCE.NS,1515.314,1518.288,1487.256,1487.752,10368523.0,67.11,85.714,27.562,0.053,0.081
2025-07-02,RELIANCE.NS,1505.796,1516.9,1495.783,1515.314,6361002.0,69.11,85.643,-9.518,0.035,0.081
2025-07-03,RELIANCE.NS,1504.805,1518.784,1500.046,1507.779,11283291.0,68.8,85.694,-2.974,0.015,0.066
2025-07-04,RELIANCE.NS,1514.223,1516.9,1504.21,1510.952,6603501.0,68.29,85.319,3.272,0.008,0.059
2025-07-07,RELIANCE.NS,1528.302,1531.573,1511.943,1513.529,7251074.0,69.58,85.496,14.772,0.027,0.068
2025-07-08,RELIANCE.NS,1524.435,1531.673,1517.098,1522.849,7171261.0,70.15,85.892,1.586,0.006,0.061
2025-07-09,RELIANCE.NS,1505.994,1537.72,1497.17,1523.543,8870660.0,70.19,85.707,-17.548,0.0,0.056
2025-07-10,RELIANCE.NS,1504.21,1511.646,1494.593,1506.688,10047129.0,68.64,85.709,-2.479,-0.0,0.047
2025-07-11,RELIANCE.NS,1482.398,1502.029,1477.54,1499.054,7234991.0,70.36,85.735,-16.656,-0.021,0.037
2025-07-14,RELIANCE.NS,1470.996,1487.157,1466.436,1479.424,10311846.0,69.21,85.821,-8.427,-0.037,0.039
2025-07-15,RELIANCE.NS,1472.682,1483.687,1469.708,1473.475,8132454.0,68.71,85.968,-0.793,-0.034,0.033
2025-07-16,RELIANCE.NS,1472.88,1478.234,1458.901,1460.388,10409983.0,68.52,85.993,12.492,-0.022,0.038
2025-07-17,RELIANCE.NS,1463.759,1476.846,1461.28,1474.665,11854613.0,69.52,85.885,-10.906,-0.027,0.032
2025-07-18,RELIANCE.NS,1463.362,1472.087,1456.521,1472.087,10296318.0,69.28,86.047,-8.725,-0.013,0.03
2025-07-21,RELIANCE.NS,1416.368,1463.362,1410.915,1452.457,22442744.0,69.21,86.149,-36.088,-0.037,-0.026
2025-07-22,RELIANCE.NS,1400.704,1419.64,1398.621,1415.179,20396320.0,68.59,86.195,-14.475,-0.049,-0.03
2025-07-23,RELIANCE.NS,1412.402,1413.791,1402.29,1413.791,8354596.0,68.51,86.343,-1.388,-0.041,-0.018
2025-07-24,RELIANCE.NS,1390.888,1410.816,1384.047,1407.049,14740507.0,69.18,86.399,-16.16,-0.05,-0.044
2025-07-25,RELIANCE.NS,1379.784,1389.005,1372.249,1386.923,11854722.0,68.44,86.43,-7.138,-0.057,-0.069
2025-07-28,RELIANCE.NS,1375.719,1395.746,1373.142,1380.379,7748361.0,70.04,86.506,-4.66,-0.029,-0.084
2025-07-29,RELIANCE.NS,1404.967,1408.04,1371.159,1371.159,10750072.0,72.51,86.778,33.808,0.003,-0.056
2025-07-30,RELIANCE.NS,1398.027,1411.114,1389.302,1405.958,7209849.0,73.24,87.063,-7.932,-0.01,-0.077
2025-07-31,RELIANCE.NS,1378.297,1390.591,1370.365,1376.215,17065827.0,72.53,87.715,2.082,-0.009,-0.085
2025-08-01,RELIANCE.NS,1381.767,1393.863,1372.448,1375.025,10321171.0,69.67,87.489,6.742,0.001,-0.082
2025-08-04,RELIANCE.NS,1399.415,1403.975,1379.784,1383.155,6312820.0,68.76,87.245,16.26,0.017,-0.076
2025-08-05,RELIANCE.NS,1379.784,1398.919,1376.215,1398.919,9315972.0,67.64,87.893,-19.135,-0.018,-0.097
2025-08-06,RELIANCE.NS,1380.875,1383.948,1371.456,1379.983,5834312.0,66.89,87.723,0.892,-0.012,-0.094
2025-08-07,RELIANCE.NS,1377.504,1381.767,1354.304,1375.818,9976705.0,66.43,87.762,1.686,-0.001,-0.085
2025-08-08,RELIANCE.NS,1356.089,1385.237,1353.313,1373.142,8793606.0,66.59,87.433,-17.053,-0.019,-0.098
2025-08-11,RELIANCE.NS,1374.331,1376.116,1349.545,1358.27,9997486.0,66.63,87.488,16.061,-0.018,-0.073
2025-08-12,RELIANCE.NS,1368.581,1389.897,1363.426,1370.068,12244664.0,66.12,87.664,-1.487,-0.008,-0.07
2025-08-13,RELIANCE.NS,1370.762,1379.883,1365.706,1376.116,7457021.0,65.63,87.596,-5.354,-0.007,-0.069
2025-08-14,RELIANCE.NS,1367.477,1374.346,1363.794,1370.961,7126128.0,66.84,87.45,-3.484,-0.007,-0.072
2025-08-15,RELIANCE.NS,,,,,,65.85,87.692,,,
2025-08-18,RELIANCE.NS,1375.341,1388.48,1370.663,1383.603,11785109.0,66.6,87.513,-8.262,0.001,-0.06
2025-08-19,RELIANCE.NS,1413.564,1414.46,1382.707,1383.603,14384719.0,65.79,87.295,29.961,0.033,-0.002
2025-08-20,RELIANCE.NS,1406.497,1418.342,1403.511,1406.497,8725641.0,66.84,87.079,0.0,0.026,0.004
2025-08-21,RELIANCE.NS,1418.243,1425.31,1413.763,1418.442,11021323.0,67.67,87.018,-0.199,0.037,0.004
2025-08-22,RELIANCE.NS,1402.714,1416.849,1401.42,1413.465,5818868.0,67.73,87.293,-10.75,,0.009
2025-08-25,RELIANCE.NS,1406.099,1412.967,1399.23,1408.189,5979407.0,68.8,87.33,-2.09,0.022,0.019
2025-08-26,RELIANCE.NS,1378.526,1403.511,1375.241,1401.52,12145259.0,67.22,87.609,-22.994,-0.025,0.002
2025-08-27,RELIANCE.NS,,,,,,68.05,87.601,,,
2025-08-28,RELIANCE.NS,1379.522,1385.793,1360.211,1383.503,13161813.0,68.62,87.659,-3.982,-0.027,-0.013
2025-08-29,RELIANCE.NS,1350.954,1397.041,1343.787,1374.744,18758842.0,68.12,87.592,-23.79,-0.037,-0.02
2025-09-01,RELIANCE.NS,1347.669,1356.926,1334.43,1349.759,11232238.0,68.12,88.174,-2.09,-0.042,-0.025
2025-09-02,RELIANCE.NS,1360.211,1378.128,1348.266,1348.565,11517006.0,69.14,88.001,11.646,-0.013,-0.028
2025-09-03,RELIANCE.NS,1366.283,1370.165,1354.239,1363.396,7847563.0,67.6,87.998,2.887,,-0.01
2025-09-04,RELIANCE.NS,1353.044,1367.676,1350.854,1365.487,13223177.0,66.99,88.073,-12.442,-0.019,-0.02
2025-09-05,RELIANCE.NS,1368.672,1374.644,1353.044,1356.727,5777575.0,65.5,88.193,11.945,0.013,-0.006
2025-09-08,RELIANCE.NS,1372.156,1379.621,1366.084,1373.649,6986720.0,66.02,88.186,-1.493,0.018,0.012
2025-09-09,RELIANCE.NS,1369.866,1374.843,1362.401,1370.264,9754452.0,66.39,87.98,-0.398,0.007,-0.003
2025-09-10,RELIANCE.NS,1370.663,1382.11,1367.776,1377.531,7790815.0,67.49,88.218,-6.868,0.003,0.002
2025-09-11,RELIANCE.NS,1376.934,1379.124,1368.672,1369.667,9766072.0,66.37,88.053,7.266,0.018,0.005
2025-09-12,RELIANCE.NS,1388.58,1389.874,1374.147,1376.934,7403368.0,66.99,88.268,11.646,0.015,0.015
2025-09-15,RELIANCE.NS,1392.86,1394.353,1382.209,1386.589,5396697.0,67.44,88.277,6.271,0.015,
2025-09-16,RELIANCE.NS,1398.832,1401.52,1391.765,1398.235,8686961.0,68.47,88.123,0.597,0.021,0.017
2025-09-17,RELIANCE.NS,1407.293,1409.682,1400.425,1400.525,7519417.0,67.95,87.885,6.769,0.027,-0.004
2025-09-18,RELIANCE.NS,1408.488,1415.455,1404.207,1413.863,9332642.0,67.44,87.911,-5.375,0.023,0.001
2025-09-19,RELIANCE.NS,1400.923,1410.479,1397.14,1408.388,13461373.0,66.68,88.207,-7.465,0.009,-0.012
2025-09-22,RELIANCE.NS,1384.2,1404.207,1381.612,1397.439,7757970.0,66.57,88.099,-13.239,-0.006,-0.013
2025-09-23,RELIANCE.NS,1383.404,1388.58,1370.464,1384.598,14014702.0,67.63,88.304,-1.194,-0.011,-0.016
2025-09-24,RELIANCE.NS,1376.635,1389.575,1374.047,1378.924,5922759.0,69.31,88.808,-2.289,-0.022,-0.001
2025-09-25,RELIANCE.NS,1366.084,1378.128,1362.699,1374.943,11411143.0,69.42,88.779,-8.859,-0.03,
2025-09-26,RELIANCE.NS,1371.26,1376.336,1359.713,1365.686,9879109.0,70.13,88.773,5.574,-0.021,-0.006
2025-09-29,RELIANCE.NS,1366.482,1382.607,1361.704,1375.241,14231999.0,67.97,88.677,-8.759,-0.013,0.011
2025-09-30,RELIANCE.NS,1357.722,1370.762,1356.528,1370.762,14604684.0,67.02,88.704,-13.04,-0.019,0.007
2025-10-01,RELIANCE.NS,1362.401,1372.255,1356.428,1360.709,12045916.0,65.35,88.841,1.692,-0.01,0.002
2025-10-02,RELIANCE.NS,,,,,,64.11,88.683,,,
2025-10-03,RELIANCE.NS,1357.125,1365.287,1350.655,1356.926,12842347.0,64.53,88.72,0.199,-0.01,0.003
2025-10-06,RELIANCE.NS,1368.672,1371.061,1352.746,1353.741,12396580.0,65.47,88.735,14.931,0.002,0.0
2025-10-07,RELIANCE.NS,1378.427,1389.476,1369.568,1369.667,11244040.0,65.45,88.721,8.76,0.015,0.005
2025-10-08,RELIANCE.NS,1361.107,1382.607,1358.22,1378.427,8525081.0,66.25,88.743,-17.32,-0.001,-0.006
2025-10-09,RELIANCE.NS,1371.459,1373.649,1362.799,1367.676,8826633.0,65.22,88.777,3.783,,0.001
2025-10-10,RELIANCE.NS,1375.341,1381.612,1368.771,1371.459,6373084.0,62.73,88.865,3.882,0.013,-0.001
2025-10-13,RELIANCE.NS,1368.672,1371.359,1361.505,1370.563,7600682.0,63.32,88.757,-1.891,0.0,-0.014
2025-10-14,RELIANCE.NS,1369.568,1381.612,1363.794,1373.649,9768174.0,62.39,88.665,-4.081,-0.006,-0.017
2025-10-15,RELIANCE.NS,1367.975,1377.63,1366.382,1376.635,10882743.0,61.91,88.783,-8.66,0.005,-0.022
2025-10-16,RELIANCE.NS,1391.865,1394.054,1368.672,1368.771,12315932.0,61.06,87.81,23.093,0.015,-0.011
2025-10-17,RELIANCE.NS,1410.28,1416.75,1392.661,1394.552,19335561.0,61.29,87.991,15.727,0.025,0.001
2025-10-20,RELIANCE.NS,1460.049,1467.017,1426.703,1433.373,24721978.0,61.01,88.002,26.677,0.067,0.042
2025-10-21,RELIANCE.NS,1458.457,1467.216,1453.281,1461.244,2066169.0,61.32,87.88,-2.787,0.065,0.054
2025-10-22,RELIANCE.NS,,,,,,62.59,88.002,,,
2025-10-23,RELIANCE.NS,1441.734,1476.075,1437.951,1468.212,18707090.0,65.99,87.74,-26.478,0.036,0.047
2025-10-24,RELIANCE.NS,1444.919,1453.082,1434.368,1443.327,9700837.0,65.94,87.779,1.593,0.025,0.058
2025-10-27,RELIANCE.NS,1477.27,1478.166,1451.29,1456.267,14113867.0,65.62,87.829,21.003,0.012,0.077
2025-10-28,RELIANCE.NS,1480.057,1485.133,1470.8,1477.27,17631577.0,64.4,88.222,2.787,0.015,0.083
2025-10-29,RELIANCE.NS,1497.277,1501.358,1481.251,1483.143,11884745.0,64.92,88.226,14.135,,0.103
2025-10-30,RELIANCE.NS,1481.649,1496.182,1477.17,1493.096,9318663.0,65.0,88.346,-11.447,0.028,0.088
2025-10-31,RELIANCE.NS,1479.559,1490.608,1475.478,1483.541,8758053.0,65.07,88.634,-3.982,0.024,
2025-11-03,RELIANCE.NS,1477.867,1488.12,1472.492,1479.161,8452085.0,64.89,88.775,-1.294,0.0,0.089
2025-11-04,RELIANCE.NS,1466.32,1485.93,1463.334,1477.071,10007806.0,64.44,88.723,-10.75,-0.009,0.071
2025-11-05,RELIANCE.NS,,,,,,63.52,88.732,,,
2025-11-06,RELIANCE.NS,1489.214,1494.689,1469.406,1477.17,16772678.0,63.38,88.557,12.044,0.005,0.094
2025-11-07,RELIANCE.NS,1471.198,1491.504,1469.107,1487.721,7821765.0,63.63,88.673,-16.524,-0.006,0.073
2025-11-10,RELIANCE.NS,1482.446,1494.092,1468.709,1471.098,7068438.0,64.06,88.658,11.348,0.003,0.078
2025-11-11,RELIANCE.NS,1486.527,1491.902,1473.388,1490.11,7127506.0,65.16,88.707,-3.583,0.014,0.086
2025-11-12,RELIANCE.NS,1504.544,1517.683,1493.097,1498.073,12384459.0,62.71,88.466,6.47,,0.099
2025-11-13,RELIANCE.NS,1503.946,1515.095,1499.865,1508.028,7196443.0,63.01,88.594,-4.081,0.01,0.099
2025-11-14,RELIANCE.NS,1511.91,1513.9,1498.571,1498.571,7682823.0,64.39,88.816,13.338,0.028,0.086
2025-11-17,RELIANCE.NS,1511.312,1516.687,1504.544,1513.9,5871416.0,64.2,88.682,-2.588,0.019,0.072
2025-11-18,RELIANCE.NS,1512.407,1520.769,1503.548,1514.697,11045042.0,64.89,88.636,-2.289,0.017,0.036
2025-11-19,RELIANCE.NS,1511.91,1515.294,1505.041,1510.416,5692366.0,63.51,88.557,1.493,0.005,0.037
2025-11-20,RELIANCE.NS,1541.971,1543.762,1519.674,1522.959,18171724.0,63.38,88.487,19.012,0.025,
2025-11-21,RELIANCE.NS,1539.482,1550.631,1533.012,1533.908,9615271.0,62.56,88.692,5.574,0.018,0.068
2025-11-24,RELIANCE.NS,1528.831,1542.866,1524.75,1542.866,18433951.0,63.37,89.634,-14.035,0.012,0.058
2025-11-25,RELIANCE.NS,1532.614,1552.422,1518.081,1528.831,15033482.0,62.48,89.148,3.782,0.013,0.037
2025-11-26,RELIANCE.NS,1562.675,1564.367,1533.41,1535.202,14054299.0,63.13,89.151,27.473,0.034,0.056
2025-11-27,RELIANCE.NS,1556.205,1568.249,1548.839,1567.751,9794643.0,63.13,89.163,-11.547,0.009,0.039
2025-11-28,RELIANCE.NS,1560.286,1574.022,1555.807,1560.784,8959508.0,63.2,89.365,-0.498,0.014,0.053
2025-12-01,RELIANCE.NS,1558.892,1570.24,1556.404,1567.751,8920233.0,63.17,89.35,-8.859,0.02,0.054
2025-12-02,RELIANCE.NS,1539.183,1560.286,1534.903,1553.915,11389150.0,62.45,89.613,-14.732,0.004,0.041
2025-12-03,RELIANCE.NS,1531.718,1545.255,1525.945,1538.088,6090883.0,62.67,89.917,-6.37,-0.02,0.045
2025-12-04,RELIANCE.NS,1528.533,1553.318,1510.616,1528.931,11867930.0,63.26,90.171,-0.398,-0.018,
2025-12-05,RELIANCE.NS,1533.51,1538.686,1513.602,1523.357,10183266.0,63.75,89.836,10.153,-0.017,0.03
2025-12-08,RELIANCE.NS,1535.899,1543.862,1527.935,1532.116,11301491.0,62.49,89.938,3.783,-0.015,0.044
2025-12-09,RELIANCE.NS,1522.361,1535.401,1513.104,1533.211,11503971.0,61.94,90.13,-10.85,-0.011,0.027
2025-12-10,RELIANCE.NS,1529.827,1540.378,1524.352,1526.94,7991629.0,62.21,89.917,2.887,-0.001,0.029
2025-12-11,RELIANCE.NS,1537.889,1542.866,1516.986,1529.827,4706197.0,61.28,89.793,8.063,0.006,0.022
2025-12-12,RELIANCE.NS,1549.337,1552.621,1538.984,1543.663,5106655.0,61.12,90.253,5.674,0.01,0.03
2025-12-15,RELIANCE.NS,1549.038,1551.427,1539.383,1544.061,5774543.0,60.56,90.577,4.977,0.009,0.025
2025-12-16,RELIANCE.NS,1535.202,1544.559,1531.718,1537.889,11731856.0,58.92,90.777,-2.688,0.008,0.016
2025-12-17,RELIANCE.NS,1537.292,1542.866,1532.216,1542.866,7116649.0,59.68,90.949,-5.574,0.005,0.016
2025-12-18,RELIANCE.NS,1537.292,1544.36,1528.135,1528.135,6580829.0,59.82,90.414,9.158,-0.0,0.017
2025-12-19,RELIANCE.NS,1557.897,1566.955,1543.862,1547.246,13937275.0,60.47,90.256,10.651,0.006,0.01
2025-12-22,RELIANCE.NS,1568.15,1570.24,1558.096,1566.258,10184852.0,62.07,89.57,1.891,0.012,0.019
2025-12-23,RELIANCE.NS,1563.471,1573.624,1560.883,1573.624,7506564.0,62.38,89.604,-10.153,0.018,0.023
2025-12-24,RELIANCE.NS,1551.029,1568.448,1546.45,1565.462,8815745.0,62.24,89.508,-14.433,0.009,0.012
2025-12-26,RELIANCE.NS,1552.024,1553.816,1547.147,1547.545,2311495.0,60.64,90.106,4.479,0.01,-0.007
2025-12-29,RELIANCE.NS,1538.487,1550.929,1536.496,1547.744,5972105.0,61.94,89.829,-9.257,-0.012,-0.011
2025-12-30,RELIANCE.NS,1532.713,1546.45,1530.723,1539.88,8815884.0,61.92,89.9,-7.167,-0.023,-0.018
2025-12-31,RELIANCE.NS,1563.173,1569.742,1533.908,1533.908,5771830.0,60.85,89.769,29.265,-0.0,0.003
2026-01-01,RELIANCE.NS,1568.349,1585.171,1563.869,1566.457,6408128.0,60.85,89.769,1.891,0.011,0.019
2026-01-02,RELIANCE.NS,1584.972,1587.261,1570.937,1572.728,6602230.0,60.75,89.962,12.243,0.021,0.035
2026-01-05,RELIANCE.NS,1570.837,1604.382,1568.05,1585.668,8704973.0,61.76,90.007,-14.831,0.021,0.028
2026-01-06,RELIANCE.NS,1500.661,1561.779,1489.414,1561.779,27417125.0,60.7,90.233,-61.117,-0.021,-0.021
2026-01-07,RELIANCE.NS,1497.277,1513.004,1491.106,1503.05,11199340.0,59.96,90.166,-5.773,-0.042,-0.025
2026-01-08,RELIANCE.NS,1463.832,1496.979,1462.04,1493.097,16518684.0,61.99,89.864,-29.265,-0.067,-0.038
2026-01-09,RELIANCE.NS,1468.51,1473.089,1458.258,1458.258,8335311.0,63.34,89.905,10.253,-0.073,-0.04
2026-01-12,RELIANCE.NS,1476.374,1478.464,1444.322,1468.51,8883745.0,63.87,90.236,7.864,-0.06,-0.04
2026-01-13,RELIANCE.NS,1446.114,1478.962,1438.051,1478.166,13499760.0,65.47,90.133,-32.052,-0.036,-0.067
2026-01-14,RELIANCE.NS,1452.086,1460.248,1433.572,1437.354,8321764.0,66.52,90.273,14.732,-0.03,-0.063
2026-01-15,RELIANCE.NS,1452.086,1452.086,1452.086,1452.086,0.0,63.76,90.183,0.0,-0.008,-0.054
2026-01-16,RELIANCE.NS,1451.19,1473.189,1448.403,1452.086,17167161.0,64.13,90.362,-0.896,-0.012,-0.056
2026-01-19,RELIANCE.NS,1407.094,1443.924,1396.842,1443.924,20392765.0,64.13,90.702,-36.83,-0.047,-0.085
2026-01-20,RELIANCE.NS,1387.584,1409.483,1383.603,1404.207,13189498.0,64.92,90.905,-16.623,-0.04,-0.109
2026-01-21,RELIANCE.NS,1398.136,1406.397,1366.681,1383.105,17352720.0,65.24,91.118,15.03,-0.037,-0.108
2026-01-22,RELIANCE.NS,1396.045,1412.967,1388.58,1403.61,15721693.0,64.06,91.537,-7.565,-0.039,-0.107
2026-01-23,RELIANCE.NS,1379.721,1400.525,1374.644,1395.349,9837802.0,65.88,91.558,-15.628,-0.049,-0.11
2026-01-26,RELIANCE.NS,,,,,,65.59,91.501,,,
2026-01-27,RELIANCE.NS,1374.146,1385.195,1361.704,1373.649,26302396.0,67.57,91.713,0.498,-0.01,-0.107
2026-01-28,RELIANCE.NS,1390.272,1403.411,1378.526,1378.626,11121657.0,68.4,91.534,11.646,-0.006,-0.093
2026-01-29,RELIANCE.NS,1384.598,1396.443,1377.63,1396.443,20846683.0,70.71,92.041,-11.845,-0.008,-0.114
2026-01-30,RELIANCE.NS,1388.978,1391.566,1372.156,1376.237,11239835.0,70.69,91.782,12.741,0.007,-0.114
2026-02-02,RELIANCE.NS,1384.001,1386.489,1329.354,1333.833,15711165.0,66.3,91.687,50.168,,-0.127
2026-02-03,RELIANCE.NS,1430.486,1482.645,1423.618,1467.117,25456171.0,67.33,90.246,-36.631,0.041,-0.089
2026-02-04,RELIANCE.NS,1450.095,1457.262,1433.671,1437.354,8333387.0,69.46,90.423,12.741,0.043,-0.034
2026-02-05,RELIANCE.NS,1436.757,1454.774,1432.875,1450.294,11763658.0,67.55,90.125,-13.537,0.038,-0.04
2026-02-06,RELIANCE.NS,1444.123,1446.114,1426.903,1434.866,8277304.0,68.05,90.315,9.257,0.04,-0.013
2026-02-09,RELIANCE.NS,1454.873,1459.154,1446.313,1451.29,5775864.0,69.04,90.588,3.583,0.051,-0.009
2026-02-10,RELIANCE.NS,1451.787,1464.23,1445.516,1464.23,10259630.0,68.8,90.823,-12.442,0.015,-0.017
2026-02-11,RELIANCE.NS,1461.941,1463.235,1446.91,1452.882,7106877.0,69.4,90.588,9.058,0.008,0.011
2026-02-12,RELIANCE.NS,1442.232,1466.221,1438.847,1463.235,11135399.0,67.52,90.736,-21.003,0.004,-0.007
2026-02-13,RELIANCE.NS,1413.067,1444.023,1409.782,1438.847,10755693.0,67.75,90.564,-25.781,-0.022,-0.027
2026-02-16,RELIANCE.NS,1430.486,1432.974,1402.814,1413.564,5896514.0,67.75,90.571,16.922,-0.017,-0.014
2026-02-17,RELIANCE.NS,1416.451,1425.21,1412.071,1424.514,10731630.0,67.42,90.783,-8.063,-0.024,0.007
2026-02-18,RELIANCE.NS,1434.667,1435.463,1412.668,1420.433,5521096.0,70.35,90.626,14.234,-0.019,0.034
2026-02-19,RELIANCE.NS,1403.013,1436.359,1393.557,1436.359,11884664.0,71.66,90.794,-33.346,-0.027,0.003
2026-02-20,RELIANCE.NS,1412.868,1420.831,1399.629,1403.013,8177670.0,71.76,91.041,9.854,-0.0,0.012
2026-02-23,RELIANCE.NS,1421.428,1428.296,1411.773,1418.442,7758856.0,71.49,90.727,2.986,-0.006,0.03
2026-02-24,RELIANCE.NS,1422.224,1426.704,1408.488,1418.74,12529409.0,70.77,91.02,3.484,0.004,
2026-02-25,RELIANCE.NS,1392.064,1433.87,1387.087,1428.396,10728792.0,70.85,90.918,-36.332,-0.03,0.013
2026-02-26,RELIANCE.NS,1400.326,1406.397,1385.494,1392.064,16683858.0,70.75,90.951,8.262,-0.002,0.007
2026-02-27,RELIANCE.NS,1387.485,1403.909,1381.712,1391.566,12031440.0,72.48,91.007,-4.081,-0.018,0.002
2026-03-02,RELIANCE.NS,1351.75,1372.255,1335.326,1369.169,23728722.0,77.74,91.08,-17.419,-0.049,-0.027
2026-03-03,RELIANCE.NS,,,,,,81.4,91.563,,,
2026-03-04,RELIANCE.NS,1338.81,1346.574,1300.985,1323.879,32495007.0,81.4,92.009,14.931,-0.038,-0.064
2026-03-05,RELIANCE.NS,1383.006,1392.561,1346.873,1346.873,25957532.0,85.41,92.123,36.133,-0.012,-0.046
2026-03-06,RELIANCE.NS,1398.335,1417.745,1383.901,1390.073,19311971.0,92.69,91.787,8.262,0.008,-0.027
2026-03-09,RELIANCE.NS,1417.446,1422.821,1363.695,1368.672,24870822.0,98.96,91.936,48.774,0.049,-0.018
2026-03-10,RELIANCE.NS,1402.316,1424.912,1394.154,1424.016,18071259.0,87.8,91.221,-21.7,,-0.036
2026-03-11,RELIANCE.NS,1383.802,1427.4,1377.232,1418.342,21848087.0,91.98,92.165,-34.54,0.034,-0.047
2026-03-12,RELIANCE.NS,1385.793,1404.407,1374.744,1383.603,20939959.0,100.46,92.229,2.19,0.002,-0.052
2026-03-13,RELIANCE.NS,1374.346,1394.353,1372.056,1378.825,17265090.0,103.14,92.39,-4.479,-0.017,-0.047
2026-03-16,RELIANCE.NS,1388.679,1390.869,1357.225,1373.649,22837802.0,100.21,92.564,15.03,-0.02,-0.017
2026-03-17,RELIANCE.NS,1391.168,1399.43,1381.811,1392.561,19007744.0,103.42,92.283,-1.394,-0.008,-0.027
2026-03-18,RELIANCE.NS,1401.62,1406.397,1390.77,1390.77,9559327.0,107.38,92.391,10.85,0.013,-0.01
2026-03-19,RELIANCE.NS,1378.427,1409.184,1369.767,1381.612,16498373.0,108.65,93.247,-3.185,-0.005,-0.039
2026-03-20,RELIANCE.NS,1407.891,1423.419,1389.675,1391.566,22994918.0,112.19,93.082,16.325,0.024,0.003
2026-03-23,RELIANCE.NS,1401.321,1409.085,1384.598,1393.557,18979554.0,99.94,93.895,7.764,0.009,-0.008
2026-03-24,RELIANCE.NS,1405.302,1415.854,1400.126,1413.465,18620893.0,104.49,93.244,-8.162,0.01,-0.011
2026-03-25,RELIANCE.NS,1406.596,1423.916,1401.918,1413.465,19041331.0,102.22,94.3,-6.868,0.004,-0.011
2026-03-26,RELIANCE.NS,,,,,,108.01,94.694,,,
2026-03-27,RELIANCE.NS,1341.896,1398.235,1338.81,1394.552,23266517.0,112.57,94.31,-52.657,-0.047,-0.042
2026-03-30,RELIANCE.NS,1337.715,1358.718,1327.96,1328.856,24393861.0,112.78,94.782,8.859,-0.045,-0.036
2026-03-31,RELIANCE.NS,,,,,,118.35,94.356,,,
2026-04-01,RELIANCE.NS,1362.898,1378.029,1356.628,1377.829,14404619.0,101.16,93.484,-14.931,-0.031,
2026-04-02,RELIANCE.NS,1344.285,1351.949,1321.888,1350.755,21280051.0,109.03,92.643,-6.47,,0.004
2026-04-03,RELIANCE.NS,,,,,,109.03,92.974,,,
2026-04-06,RELIANCE.NS,1298.695,1352.745,1284.063,1352.745,29274881.0,109.77,92.971,-54.05,-0.029,-0.071
2026-04-07,RELIANCE.NS,1298.596,1302.279,1285.058,1289.04,28388922.0,109.27,92.817,9.556,,-0.084
2026-04-08,RELIANCE.NS,1341.597,1344.384,1320.096,1342.791,21817543.0,94.75,92.86,-1.194,-0.016,-0.043
2026-04-09,RELIANCE.NS,1323.879,1343.787,1320.196,1339.805,20725390.0,95.92,92.275,-15.926,-0.015,-0.043
2026-04-10,RELIANCE.NS,1343.986,1346.076,1325.372,1330.847,19364461.0,95.2,92.47,13.139,,-0.03
2026-04-13,RELIANCE.NS,1309.047,1321.49,1303.971,1315.119,28753269.0,99.36,94.509,-6.072,0.008,-0.048
2026-04-14,RELIANCE.NS,,,,,,94.79,94.947,,,
2026-04-15,RELIANCE.NS,1337.914,1340.801,1328.06,1330.847,15313779.0,94.93,93.165,7.067,-0.003,-0.038
2026-04-16,RELIANCE.NS,1337.118,1347.569,1323.879,1345.778,30211012.0,99.39,93.387,-8.66,0.01,-0.046
2026-04-17,RELIANCE.NS,1358.718,1362.102,1333.833,1333.833,13869105.0,90.38,93.048,24.885,0.011,-0.014
2026-04-20,RELIANCE.NS,1357.026,1366.681,1346.574,1356.926,13614733.0,95.48,92.603,0.1,0.037,-0.036
2026-04-21,RELIANCE.NS,1347.072,1363.496,1343.886,1352.745,27293629.0,98.48,93.124,-5.674,,-0.039
2026-04-22,RELIANCE.NS,1355.831,1359.713,1342.891,1344.086,9525953.0,101.91,93.623,11.746,0.013,-0.035
2026-04-23,RELIANCE.NS,1337.217,1349.262,1334.53,1339.805,16385079.0,105.07,93.8,-2.588,0.0,-0.049
2026-04-24,RELIANCE.NS,1321.689,1339.706,1318.902,1333.833,11744802.0,105.33,94.113,-12.144,-0.027,
2026-04-27,RELIANCE.NS,1359.514,1365.287,1304.966,1306.957,24673098.0,108.23,94.25,52.557,0.002,0.013
2026-04-28,RELIANCE.NS,1382.508,1388.779,1350.755,1351.75,41027699.0,111.26,94.258,30.758,0.026,0.033
2026-04-29,RELIANCE.NS,1418.84,1427.201,1384.897,1385.594,30542143.0,118.03,94.646,33.246,0.046,
2026-04-30,RELIANCE.NS,1424.215,1430.387,1386.689,1402.515,30957881.0,114.01,94.917,21.7,0.065,0.045
2026-05-01,RELIANCE.NS,1424.215,1424.215,1424.215,1424.215,0.0,108.17,94.759,0.0,0.078,0.059
2026-05-04,RELIANCE.NS,1456.366,1460.647,1426.803,1426.803,24035700.0,114.44,94.903,29.563,0.071,
2026-05-05,RELIANCE.NS,1456.864,1466.619,1443.327,1453.281,23543341.0,109.87,95.259,3.583,0.054,0.122
2026-05-06,RELIANCE.NS,1431.282,1466.519,1420.93,1456.267,14221786.0,101.27,95.183,-24.984,0.009,0.102
2026-05-07,RELIANCE.NS,1429.59,1442.829,1423.717,1432.178,19816903.0,100.06,94.608,-2.588,0.004,0.066
2026-05-08,RELIANCE.NS,1428.595,1436.16,1410.976,1419.437,8663105.0,101.29,94.253,9.158,0.003,0.079
2026-05-11,RELIANCE.NS,1381.811,1421.428,1375.64,1413.465,15261787.0,104.21,94.425,-31.654,-0.051,0.028
2026-05-12,RELIANCE.NS,1357.722,1387.087,1354.039,1385.594,24357500.0,107.77,95.391,-27.871,-0.068,0.037
2026-05-13,RELIANCE.NS,1352.546,1366.084,1346.176,1355.134,13797989.0,105.63,95.633,-2.588,-0.055,
2026-05-14,RELIANCE.NS,1355.533,1371.658,1352.148,1358.917,17303059.0,105.72,95.696,-3.384,-0.052,0.013
2026-05-15,RELIANCE.NS,1330.25,1358.519,1323.083,1350.556,19976192.0,109.26,95.71,-20.306,-0.069,-0.005
2026-05-18,RELIANCE.NS,1329.752,1335.824,1312.631,1327.861,13022473.0,112.1,95.97,1.891,-0.038,-0.021
2026-05-19,RELIANCE.NS,1316.612,1337.814,1312.332,1332.539,21665501.0,111.28,96.27,-15.926,-0.03,-0.03
2026-05-20,RELIANCE.NS,1353.442,1356.627,1306.559,1312.631,13248515.0,105.02,96.566,40.811,0.001,0.005
2026-05-21,RELIANCE.NS,1343.389,1364.591,1339.009,1360.908,17150630.0,102.58,96.528,-17.519,-0.009,-0.009
2026-05-22,RELIANCE.NS,1348.266,1361.107,1342.891,1343.787,7105813.0,103.54,96.174,4.479,0.014,0.008
2026-05-25,RELIANCE.NS,1360.709,1364.79,1350.755,1360.51,6750071.0,103.54,95.719,0.199,0.023,0.03
2026-05-26,RELIANCE.NS,1350.058,1362.202,1346.176,1353.84,13769747.0,99.58,95.253,-3.782,0.025,-0.007
2026-05-27,RELIANCE.NS,1344.285,1354.736,1342.393,1346.773,13215138.0,94.29,95.905,-2.488,-0.007,-0.028
2026-05-28,RELIANCE.NS,1344.285,1344.285,1344.285,1344.285,0.0,93.71,96.049,0.0,0.001,-0.053
2026-05-29,RELIANCE.NS,1315.119,1362.699,1310.939,1357.722,42634247.0,92.05,96.048,-42.603,-0.025,-0.077
2026-06-01,RELIANCE.NS,1313.925,1329.354,1312.432,1326.367,10700603.0,94.98,95.003,-12.442,-0.034,-0.077
2026-06-02,RELIANCE.NS,1308.55,1321.689,1294.316,1301.682,23302785.0,96.0,95.551,6.868,-0.031,-0.101
2026-06-03,RELIANCE.NS,1307.156,1317.907,1295.012,1308.948,20012293.0,97.81,95.263,-1.792,-0.028,-0.103
2026-06-04,RELIANCE.NS,1297.7,1305.165,1287.149,1295.012,23474327.0,95.03,96.164,2.688,-0.035,-0.093
2026-06-05,RELIANCE.NS,1291.0,1306.0,1288.0,1304.5,17785223.0,93.09,95.79,-13.5,-0.018,-0.097
2026-06-08,RELIANCE.NS,1263.3,1282.6,1259.2,1277.0,16494759.0,94.25,94.95,-13.7,-0.039,-0.116
2026-06-09,RELIANCE.NS,1269.2,1274.2,1257.5,1269.0,23620214.0,91.45,95.688,0.2,-0.03,-0.081
2026-06-10,RELIANCE.NS,1258.8,1300.5,1254.4,1275.0,21012796.0,93.1,95.36,-16.2,-0.037,-0.073
2026-06-11,RELIANCE.NS,1263.0,1276.0,1253.2,1258.0,13117486.0,90.38,95.645,5.0,-0.027,-0.066
2026-06-12,RELIANCE.NS,1293.0,1297.0,1262.5,1277.0,11988785.0,87.33,95.76,16.0,0.002,-0.046
2026-06-15,RELIANCE.NS,1307.0,1325.0,1303.3,1315.3,18633321.0,83.17,95.11,-8.3,0.035,-0.017
2026-06-16,RELIANCE.NS,1328.8,1333.4,1306.4,1313.4,18513223.0,78.96,94.742,15.4,0.047,-0.001
2026-06-17,RELIANCE.NS,1332.7,1334.0,1317.0,1333.0,10029170.0,79.55,94.889,-0.3,0.059,0.012
2026-06-18,RELIANCE.NS,1328.1,1333.9,1322.0,1330.0,15494549.0,79.85,94.859,-1.9,0.052,-0.019
2026-06-19,RELIANCE.NS,1309.5,1338.2,1305.3,1328.0,24887034.0,79.85,94.34,-18.5,0.013,-0.025
2026-06-22,RELIANCE.NS,1326.5,1344.9,1314.1,1316.7,12931213.0,77.9,94.33,9.8,0.015,-0.016
2026-06-23,RELIANCE.NS,1309.5,1333.0,1304.0,1328.9,15400184.0,77.08,94.701,-19.4,-0.015,-0.038
2026-06-24,RELIANCE.NS,1313.6,1322.0,1297.5,1305.7,11030917.0,73.74,95.184,7.9,-0.014,-0.027
2026-06-25,RELIANCE.NS,1318.1,1328.0,1314.6,1318.0,12694362.0,75.26,94.441,0.1,-0.008,-0.019
2026-06-26,RELIANCE.NS,1318.1,1318.1,1318.1,1318.1,0.0,71.99,94.4,0.0,0.007,-0.019
2026-06-29,RELIANCE.NS,1301.0,1313.7,1292.6,1308.0,13757656.0,73.15,94.36,-7.0,-0.019,-0.011
2026-06-30,RELIANCE.NS,1293.9,1306.9,1290.0,1306.9,15695263.0,72.92,94.79,-13.0,-0.012,-0.015
2026-07-01,RELIANCE.NS,1308.0,1312.2,1296.5,1298.9,7001401.0,71.57,94.918,9.1,-0.004,-0.0
2026-07-02,RELIANCE.NS,1303.5,1313.2,1299.0,1310.0,17795024.0,71.8,95.418,-6.5,-0.011,-0.003
2026-07-03,RELIANCE.NS,1304.0,1312.0,1302.0,1312.0,7839550.0,71.8,95.527,-8.0,-0.011,0.005
2026-07-06,RELIANCE.NS,1321.3,1325.6,1299.4,1304.0,7610709.0,71.99,95.215,17.3,0.016,0.023
2026-07-07,RELIANCE.NS,1308.4,1328.0,1304.1,1323.5,14335554.0,74.16,95.604,-15.1,0.011,0.036
2026-07-08,RELIANCE.NS,1275.9,1302.3,1271.6,1297.0,19960868.0,78.02,95.593,-21.1,-0.025,0.005
2026-07-09,RELIANCE.NS,1279.8,1296.5,1274.2,1277.1,14651963.0,76.3,95.862,2.7,-0.018,0.017
2026-07-10,RELIANCE.NS,1307.8,1311.1,1287.8,1291.9,8412537.0,76.01,95.39,15.9,0.003,0.035
2026-07-13,RELIANCE.NS,1296.9,1306.4,1295.0,1300.0,9488352.0,83.3,95.325,-3.1,-0.018,0.003
2026-07-14,RELIANCE.NS,1293.0,1308.0,1286.9,1290.0,13511284.0,84.73,96.299,3.0,-0.012,-0.011
2026-07-15,RELIANCE.NS,1295.5,1310.9,1294.1,1294.1,9577965.0,84.95,96.425,1.4,0.015,-0.025
2026-07-16,RELIANCE.NS,1296.6,1309.4,1291.8,1295.5,15631046.0,84.23,96.499,1.1,0.013,-0.027
2026-07-17,RELIANCE.NS,1320.8,1323.7,1296.1,1300.0,8793443.0,84.68,96.353,20.8,0.01,-0.005
