Price,Adj Close,Adj Close,Close,Close,Close,Close,Close,Close,High,High,High,High,High,High,Low,Low,Low,Low,Low,Low,Open,Open,Open,Open,Open,Open,Volume,Volume,Volume,Volume,Volume,Volume
Ticker,HPCL.NS,IOCL.NS,BPCL.NS,BZ=F,HPCL.NS,IOCL.NS,RELIANCE.NS,USDINR=X,BPCL.NS,BZ=F,HPCL.NS,IOCL.NS,RELIANCE.NS,USDINR=X,BPCL.NS,BZ=F,HPCL.NS,IOCL.NS,RELIANCE.NS,USDINR=X,BPCL.NS,BZ=F,HPCL.NS,IOCL.NS,RELIANCE.NS,USDINR=X,BPCL.NS,BZ=F,HPCL.NS,IOCL.NS,RELIANCE.NS,USDINR=X
Date,,,,,,,,,,,,,,,,,,,,,,,,,,,,,,,,
2025-01-01,,,271.8003234863281,,,,1210.7935791015625,,272.35258173140346,,,,1215.800389087432,,267.19821825906877,,,,1201.2261788160188,,269.0390603499725,,,,1204.4483521073844,,3545200.0,,,,5892590.0,
2025-01-02,,,273.2730407714844,75.93000030517578,,,1231.167724609375,85.78569793701172,274.00939456363784,76.54000091552734,,,1233.7949384205442,86.03399658203125,268.57888716922207,74.7300033569336,,,1209.554328364606,85.5739974975586,271.8003612762026,74.87999725341797,,,1210.7936258321927,85.78569793701172,6846413.0,41474.0,,,15486276.0,0.0
2025-01-03,,,272.8128356933594,76.51000213623047,,,1240.4376220703125,85.80400085449219,275.34399397138134,76.73999786376953,,,1251.2443199889096,86.07230377197266,270.9259834853533,75.52999877929688,,,1224.9215938636924,85.706298828125,272.4446728343613,75.9000015258789,,,1233.2496968938563,85.80400085449219,4806469.0,38822.0,,,15521102.0,0.0
2025-01-06,,,262.18194580078125,76.30000305175781,,,1207.571533203125,85.75900268554688,273.59516138104226,77.5,,,1251.1948069805778,85.84100341796875,261.49163000251116,75.94000244140625,,,1204.597219081935,85.58429718017578,272.81279785853184,76.58999633789062,,,1243.2136823453243,85.75900268554688,7361716.0,49229.0,,,14816766.0,0.0
2025-01-07,,,260.2950744628906,77.05000305175781,,,1230.2257080078125,85.68070220947266,267.38232813088456,77.2699966430664,,,1233.8444805890147,85.7938003540039,258.36221263436744,75.91999816894531,,,1210.7935491517349,84.9395980834961,264.2529020252984,76.23999786376953,,,1211.5371275851955,85.68070220947266,8306436.0,37188.0,,,10070505.0,0.0
2025-01-08,,,263.9767761230469,76.16000366210938,,,1254.664794921875,85.80650329589844,264.9892450117532,77.88999938964844,,,1260.167324257905,85.98560333251953,258.1781340798577,76.02999877929688,,,1234.6872949225542,85.70600128173828,260.29509150158725,77.23999786376953,,,1238.3060678446636,85.80650329589844,6037032.0,46650.0,,,19346579.0,0.0
2025-01-09,,,257.7179260253906,76.91999816894531,,,1244.0068359375,85.90750122070312,264.9432377835503,77.2699966430664,,,1258.878406002503,86.18499755859375,256.84351468362314,75.69999694824219,,,1237.3642497185242,85.82530212402344,264.1608741760254,76.16000366210938,,,1256.1519514905858,85.90750122070312,6215902.0,31706.0,,,12794704.0,0.0
2025-01-10,,,255.55491638183594,79.76000213623047,,,1231.266845703125,85.91999816894531,260.9393855101679,80.76000213623047,,,1245.9896754309787,86.16079711914062,253.6680643359784,77.04000091552734,,,1225.4173374439545,85.84110260009766,258.1781221714359,77.20999908447266,,,1243.114481097643,85.91999816894531,9073218.0,92049.0,,,8120332.0,0.0
2025-01-13,,,244.1876983642578,81.01000213623047,,,1229.234375,86.18800354003906,252.83967888386863,81.66999816894531,,,1234.5881643828388,86.7260971069336,243.22126747743965,79.54000091552734,,,1215.899582365329,86.09919738769531,249.66421496028573,79.55000305175781,,,1219.4687349455062,86.18800354003906,10488655.0,77109.0,,,13764861.0,0.0
2025-01-14,,,248.69776916503906,79.91999816894531,,,1228.143798828125,86.65059661865234,249.8943052473742,81.13999938964844,,,1242.6187691440975,86.85530090332031,244.83198967146055,79.86000061035156,,,1216.742262047884,86.44409942626953,245.84445840444732,80.91000366210938,,,1233.4479678208604,86.65059661865234,6710730.0,67129.0,,,13095266.0,0.0
2025-01-15,,,245.75242614746094,82.02999877929688,,,1241.478515625,86.535400390625,253.94416806790525,82.62999725341797,,,1246.2374660533972,86.59880065917969,244.1416892719626,79.62999725341797,,,1231.2171573529768,86.10929870605469,252.10332592447858,80.31999969482422,,,1234.2905907014622,86.535400390625,13448052.0,69122.0,,,9578856.0,0.0
2025-01-16,,,245.660400390625,81.29000091552734,,,1255.6065673828125,86.43099975585938,247.54728060978445,82.55000305175781,,,1264.0834104275011,86.64219665527344,242.53097408475563,80.38999938964844,,,1240.586378973141,86.2520980834961,246.07460114554462,82.44000244140625,,,1248.1212833322295,86.43099975585938,13754046.0,69075.0,,,14117603.0,0.0
2025-01-17,,,251.82723999023438,80.79000091552734,,,1291.19921875,86.6061019897461,253.2999194932583,81.93000030517578,,,1314.6467509950228,86.66919708251953,245.9825598904669,80.55999755859375,,,1273.997794139219,86.0647964477539,247.4092014811626,81.30999755859375,,,1310.9288585996749,86.6061019897461,9300647.0,42284.0,,,29366277.0,0.0
2025-01-20,,,255.23275756835938,,,,1294.272705078125,86.56900024414062,256.2452263873336,,,,1304.7324245206253,86.57630157470703,247.4091782865933,,,,1289.1172758229052,86.14119720458984,253.1158002924317,,,,1304.7324245206253,86.56900024414062,9623368.0,,,,14040244.0,0.0
2025-01-21,,,257.9020080566406,79.29000091552734,,,1262.7945556640625,86.21109771728516,264.16086041269085,81.23999786376953,,,1301.7581181984158,86.61759948730469,256.0151279145646,78.47000122070312,,,1259.324522599558,86.20230102539062,256.38329074332813,80.94000244140625,,,1299.2795231523412,86.21109771728516,15304149.0,83935.0,,,14562976.0,0.0
2025-01-22,,,255.5089111328125,79.0,,,1266.16552734375,86.45189666748047,260.9853999991904,79.9000015258789,,,1271.9159165250771,86.59300231933594,252.24139927011052,78.80999755859375,,,1257.8374234010246,86.28900146484375,259.5587584842658,79.30999755859375,,,1267.355325635656,86.45189666748047,6301894.0,40868.0,,,10273590.0,0.0
2025-01-23,,,249.6642303466797,78.29000091552734,,,1252.8306884765625,86.47270202636719,262.3200208250828,79.58999633789062,,,1266.4133410521551,86.58799743652344,248.7898190416533,77.80000305175781,,,1250.7981921087953,86.36900329589844,260.4791785736787,78.91000366210938,,,1259.1262957502838,86.47270202636719,18806324.0,46348.0,,,8720682.0,0.0
2025-01-24,,,242.8070831298828,78.5,,,1235.6292724609375,86.44020080566406,257.16565839174245,78.95999908447266,,,1262.1006196074513,86.48629760742188,242.070757460669,77.61000061035156,,,1232.8531975505623,86.1500015258789,252.19538990198976,77.87999725341797,,,1255.1605533566642,86.44020080566406,18480516.0,30464.0,,,14235970.0,0.0
2025-01-27,,,240.5060272216797,77.08000183105469,,,1218.82421875,86.2030029296875,242.7150603790733,78.98999786376953,,,1229.8291557820492,86.44400024414062,237.79080177333714,76.31999969482422,,,1209.5542981292017,86.18460083007812,242.7150603790733,78.55000305175781,,,1228.4907387555406,86.2030029296875,10083126.0,40623.0,,,9536019.0,0.0
2025-01-28,,,237.51466369628906,77.48999786376953,,,1223.8310546875,86.46839904785156,242.89913297753742,78.13999938964844,,,1234.0924134746083,86.58699798583984,234.06309846936293,76.83000183105469,,,1208.0671667554209,86.4020004272461,241.38044371590942,77.06999969482422,,,1227.4002071753887,86.46839904785156,13321189.0,29822.0,,,10568025.0,0.0
2025-01-29,,,241.22218322753906,76.58000183105469,,,1224.921630859375,86.58460235595703,242.11387201614954,77.69999694824219,,,1232.1095562529247,86.69529724121094,236.05984078492637,76.30000305175781,,,1217.53546627882,86.48799896240234,241.17526429931087,77.62999725341797,,,1225.4173498520336,86.58460235595703,9435973.0,19845.0,,,5928156.0,0.0
2025-01-30,,,241.3629608154297,76.87000274658203,,,1242.3214111328125,86.6406021118164,244.88273963923248,77.55000305175781,,,1246.237542749693,86.65299987792969,240.75287154811053,75.98999786376953,,,1221.8481926097397,86.54630279541016,243.94413195288507,76.86000061035156,,,1224.971246456504,86.6406021118164,9410974.0,8389.0,,,9269259.0,0.0
2025-01-31,,,245.07046508789062,76.76000213623047,,,1254.2681884765625,86.64700317382812,245.91520625078527,77.08000183105469,,,1256.1519448799122,86.71820068359375,238.64099690558075,76.51000213623047,,,1238.306060895825,86.54519653320312,242.06690912645124,77.0,,,1245.09738698474,86.64700317382812,8790578.0,50618.0,,,6584612.0,0.0
2025-02-01,,,239.95504760742188,,,,1253.7724609375,,245.96213102921902,,,,1259.6715896071485,,232.77470458589738,,,,1230.374548522757,,245.68056018289775,,,,1254.2681799336815,,11464565.0,,,,7118453.0,
2025-02-03,,,234.22955322265625,75.95999908447266,,,1235.232666015625,86.55400085449219,236.34142053704645,77.52999877929688,,,1245.2461659154887,87.32559967041016,227.33078093350827,75.04000091552734,,,1226.9541826685895,86.55400085449219,235.54359826724786,76.81999969482422,,,1240.2889757645512,86.55400085449219,21517136.0,75087.0,,,9252345.0,0.0
2025-02-04,,,240.23663330078125,76.19999694824219,,,1274.196044921875,86.94339752197266,240.8936558136611,76.66999816894531,,,1277.7653184740125,87.12419891357422,234.83963913024087,74.12999725341797,,,1235.9265630557768,86.93550109863281,235.26200972266244,75.5199966430664,,,1237.3642207434832,86.94339752197266,7000612.0,62716.0,,,16691069.0,0.0
2025-02-05,,,245.2112579345703,74.61000061035156,,,1267.2559814453125,87.13009643554688,249.34112602360904,76.3499984741211,,,1279.4507170461238,87.47859954833984,244.27265024869638,74.55000305175781,,,1265.7688244708304,87.08599853515625,244.27265024869638,76.08000183105469,,,1271.6679530846961,87.13009643554688,10088345.0,30739.0,,,10112028.0,0.0
2025-02-06,,,246.43142700195312,74.29000091552734,,,1270.577392578125,87.33409881591797,250.79597548882998,75.38999938964844,,,1276.9721191435924,87.6718978881836,245.58668584592388,74.08999633789062,,,1259.4732145791813,87.33409881591797,246.85381190198387,74.5999984741211,,,1262.7945076095025,87.33409881591797,14058587.0,41460.0,,,9956001.0,0.0
2025-02-07,,,248.07398986816406,74.66000366210938,,,1255.8544921875,87.58830261230469,248.63716018567828,75.08999633789062,,,1272.7089385364054,87.84269714355469,244.0849073648173,74.19000244140625,,,1251.1947819010975,87.31759643554688,246.00907022932154,74.19999694824219,,,1265.2236540965398,87.58830261230469,6557480.0,35634.0,,,8764283.0,0.0
2025-02-10,,,243.9441375732422,75.87000274658203,,,1242.916259765625,87.51309967041016,249.48191732147305,76.06999969482422,,,1255.6562137259161,88.07129669189453,241.69148480291506,74.54000091552734,,,1234.8856362555493,87.40859985351562,248.30865768650744,74.54000091552734,,,1253.673337746878,87.51309967041016,8052376.0,27341.0,,,6970972.0,0.0
2025-02-11,,,239.48573303222656,77.0,,,1224.2772216796875,87.49009704589844,243.8033338944868,77.2699966430664,,,1253.7230036544372,87.57170104980469,238.17168806824262,75.88999938964844,,,1219.567891058193,86.59259796142578,243.56868198505995,76.05000305175781,,,1253.7230036544372,87.49009704589844,6819100.0,37979.0,,,8859714.0,0.0
2025-02-12,,,239.9081268310547,75.18000030517578,,,1206.1339111328125,86.81120300292969,241.0344388516877,76.88999938964844,,,1216.3952699200001,87.0271987915039,233.76024371148813,74.94999694824219,,,1183.1324776076385,86.2886962890625,239.48574192079667,76.81999969482422,,,1209.0089844264594,86.81120300292969,6568833.0,47048.0,,,21131654.0,0.0
2025-02-13,,,240.0489044189453,75.0199966430664,,,1205.6876220703125,86.8740005493164,244.1318533900681,75.33000183105469,,,1217.4857574427408,87.01129913330078,239.34494868751148,74.05000305175781,,,1201.622750831109,86.68409729003906,240.47128931541846,74.97000122070312,,,1206.6295607029597,86.8740005493164,5514711.0,37759.0,,,8511216.0,0.0
2025-02-14,,,235.5905303955078,74.73999786376953,,,1206.827880859375,86.75409698486328,242.7239545745371,75.83000183105469,,,1213.5200872227356,86.88999938964844,232.2584702286979,74.48999786376953,,,1195.1288642881832,86.53810119628906,240.6590061971224,75.23999786376953,,,1208.56289732395,86.75409698486328,5205573.0,41397.0,,,10298145.0,0.0
2025-02-17,,,236.8107147216797,,,,1214.4124755859375,86.43460083007812,237.98397429291074,,,,1216.9901902768092,86.90609741210938,231.2260020270231,,,,1194.1871154284454,86.63259887695312,235.59052190319613,,,,1200.7305822668588,86.43460083007812,5899597.0,,,,8166683.0,0.0
2025-02-18,,,237.2330780029297,75.83999633789062,,,1214.908203125,86.85479736328125,237.98396696981493,76.05000305175781,,,1219.3696743222742,86.97599792480469,231.6952987259307,74.19000244140625,,,1205.6877809072391,86.84500122070312,236.7637741888784,74.63999938964844,,,1214.362863790828,86.85479736328125,5534272.0,50542.0,,,6673250.0,0.0
2025-02-19,,,239.9081268310547,76.04000091552734,,,1216.9404296875,86.88719940185547,240.70594908152367,76.81999969482422,,,1222.1950990873443,86.95230102539062,234.22954754776015,75.75,,,1207.125291073852,86.80169677734375,235.59052580854564,75.80000305175781,,,1209.0585466128707,86.88719940185547,6887175.0,30426.0,,,6217338.0,0.0
2025-02-20,,,242.7239532470703,76.4800033569336,,,1222.4429931640625,86.872802734375,243.70947985942672,77.13999938964844,,,1228.738599945727,86.91329956054688,237.65546315115876,75.70999908447266,,,1211.5371757067999,86.53060150146484,238.40635216411047,76.04000091552734,,,1213.4704313005311,86.872802734375,8155780.0,33347.0,,,7795582.0,0.0
2025-02-21,,,235.87210083007812,74.43000030517578,,,1217.634521484375,86.45120239257812,243.47481405748925,76.75,,,1229.3830367840985,86.76300048828125,235.2619972759546,74.20999908447266,,,1211.6858938870325,86.44640350341797,242.16076910125005,76.55999755859375,,,1218.1797397323817,86.45120239257812,9845416.0,28100.0,,,6904025.0,0.0
2025-02-24,,,235.5905303955078,74.77999877929688,,,1204.151123046875,86.52940368652344,237.93704962255472,74.91000366210938,,,1212.7765856074127,86.7510986328125,233.47866309116563,73.91000366210938,,,1200.1357505642943,86.50479888916016,235.8251823182125,73.91000366210938,,,1206.13399913207,86.52940368652344,6773845.0,17858.0,,,7172498.0,0.0
2025-02-25,,,233.19708251953125,73.0199966430664,,,1193.69140625,86.69010162353516,237.37388396166241,75.25,,,1210.5458530159883,87.25240325927734,232.49312673753104,72.69999694824219,,,1191.2128111373545,86.68199920654297,236.4352762523288,74.88999938964844,,,1200.631472565407,86.69010162353516,4172676.0,19080.0,,,11552182.0,0.0
2025-02-26,,,,72.52999877929688,,,,87.0811996459961,,73.33999633789062,,,,87.18879699707031,,72.38999938964844,,,,87.03099822998047,,73.13999938964844,,,,87.0811996459961,,11916.0,,,,0.0
2025-02-27,,,229.72422790527344,74.04000091552734,,,1196.7647705078125,87.16220092773438,234.08874785474885,74.26000213623047,,,1204.597154814102,87.42639923095703,227.23692330129566,72.4800033569336,,,1190.370043898487,87.09480285644531,233.19707343004077,72.69000244140625,,,1202.416039651657,87.16220092773438,7376510.0,7925.0,,,11509215.0,0.0
2025-02-28,,,222.7316131591797,73.18000030517578,,,1189.82470703125,87.3270034790039,229.06721522192615,73.73999786376953,,,1206.9270123506615,87.54199981689453,221.65220569602002,72.97000122070312,,,1183.0830013175257,87.26480102539062,229.06721522192615,73.7300033569336,,,1191.7084634163882,87.3270034790039,14066882.0,36432.0,,,23007298.0,0.0
2025-03-03,,,227.52789306640625,71.62000274658203,,,1161.2216796875,87.46399688720703,228.68237651238536,73.66000366210938,,,1196.1202465389174,87.46399688720703,219.64357989465313,71.16999816894531,,,1146.1022512006402,87.24169921875,224.32723741330892,73.06999969482422,,,1193.6912720117396,87.46399688720703,6864635.0,51816.0,,,17944938.0,0.0
2025-03-04,,,234.57684326171875,71.04000091552734,,,1151.9517822265625,87.32959747314453,235.534227160968,71.45999908447266,,,1163.948157257321,87.3949966430664,221.60529181980885,69.75,,,1149.6219272411693,87.1229019165039,226.20446398954448,71.44999694824219,,,1152.2491409974891,87.32959747314453,7201075.0,58867.0,,,11377373.0,0.0
2025-03-05,,,240.13339233398438,69.30000305175781,,,1165.534423828125,87.21700286865234,241.15647129738306,71.16000366210938,,,1172.8710888254677,87.33540344238281,234.558060262594,68.33999633789062,,,1147.093702257875,86.82479858398438,234.558060262594,71.13999938964844,,,1151.0594540375048,87.21700286865234,7802519.0,51721.0,,,8664095.0,0.0
2025-03-06,,,248.76858520507812,69.45999908447266,,,1199.2432861328125,86.88929748535156,249.62272162318806,69.87999725341797,,,1203.5560168880775,87.14189910888672,243.09938685047527,68.7300033569336,,,1175.0026773522586,86.82330322265625,244.03799452171262,69.44999694824219,,,1186.7511925218207,86.88929748535156,12828381.0,49024.0,,,14468014.0,0.0
2025-03-07,,,245.2206573486328,70.36000061035156,,,1239.0992431640625,87.12879943847656,249.4725490922036,71.37999725341797,,,1244.0564330934674,87.20469665527344,244.03800247822443,69.27999877929688,,,1201.622838887705,86.85759735107422,248.693488659018,69.37999725341797,,,1205.5885908312287,87.12879943847656,7057204.0,46468.0,,,16474965.0,0.0
2025-03-10,,,241.15646362304688,69.27999877929688,,,1227.796875,87.07379913330078,249.63208980221245,70.86000061035156,,,1247.2290360950196,87.36419677734375,240.33987952694642,69.05999755859375,,,1224.8225609234617,86.87249755859375,245.22065090589075,70.44000244140625,,,1234.340341763354,87.07379913330078,8487911.0,33488.0,,,11931051.0,0.0
2025-03-11,,,248.33682250976562,69.55999755859375,,,1236.62060546875,87.3551025390625,248.70289327641743,70.43000030517578,,,1238.801720552263,87.3917007446289,238.73488369020777,68.62999725341797,,,1219.2208210077197,87.14250183105469,240.2741998063646,69.41000366210938,,,1229.3830600118497,87.3551025390625,12306539.0,26933.0,,,10089838.0,0.0
2025-03-12,,,249.96998596191406,70.94999694824219,,,1246.2872314453125,87.20010375976562,255.30127032051018,71.08999633789062,,,1252.186239348891,87.30490112304688,247.22923913304078,69.47000122070312,,,1233.3489166666827,87.09880065917969,250.13892845741165,69.8499984741211,,,1247.2290491693625,87.20010375976562,10648004.0,30577.0,,,11977555.0,0.0
2025-03-13,,,248.17727661132812,69.87999725341797,,,1237.2154541015625,87.3405990600586,250.29853927529516,71.23999786376953,,,1253.326320946517,87.3405990600586,245.92462375832017,69.68000030517578,,,1233.2000819547634,86.92859649658203,249.97002083664012,70.9800033569336,,,1249.2614495168184,87.3405990600586,4545159.0,33450.0,,,9505270.0,0.0
2025-03-14,,,,70.58000183105469,,,,86.9220962524414,,70.75,,,,86.99569702148438,,69.94000244140625,,,,86.86630249023438,,70.08000183105469,,,,86.9220962524414,,24740.0,,,,0.0
2025-03-17,,,245.37083435058594,71.06999969482422,,,1228.242919921875,86.93900299072266,247.50146349006192,71.79000091552734,,,1246.6341428999226,86.96980285644531,242.4517495466004,70.68000030517578,,,1222.5421515247892,86.69049835205078,245.07983961485417,70.68000030517578,,,1231.514713672869,86.93900299072266,6482574.0,29314.0,,,16640917.0,0.0
2025-03-18,,,245.37083435058594,70.55999755859375,,,1228.242919921875,86.91639709472656,245.37083435058594,72.19000244140625,,,1228.242919921875,86.91809844970703,245.37083435058594,70.26000213623047,,,1228.242919921875,86.51290130615234,245.37083435058594,70.93000030517578,,,1228.242919921875,86.91639709472656,0.0,32008.0,,,0.0,0.0
2025-03-19,,,248.97508239746094,70.77999877929688,,,1236.471923828125,86.57610321044922,250.12955151184,71.22000122070312,,,1242.5196714129374,86.66000366210938,246.8632151171677,69.9000015258789,,,1228.1934407470596,86.27469635009766,247.33251895723288,70.36000061035156,,,1230.4241762433128,86.57610321044922,4955027.0,26898.0,,,16162399.0,0.0
2025-03-20,,,255.42330932617188,72.0,,,1258.283447265625,86.33709716796875,256.1741840031066,72.29000091552734,,,1262.1004590128364,86.39900207519531,248.49638015192286,70.52999877929688,,,1239.3470073959113,86.17639923095703,250.23281006687128,70.86000061035156,,,1241.1315230182402,86.33709716796875,10789615.0,33049.0,,,15971477.0,0.0
2025-03-21,,,262.49102783203125,72.16000366210938,,,1265.421875,86.33609771728516,268.30101167616596,72.54000091552734,,,1270.0320859338292,86.34120178222656,254.41899603659073,71.51000213623047,,,1259.225387461291,85.92990112304688,255.48902254339677,72.2300033569336,,,1264.0834578966683,86.33609771728516,26173451.0,23983.0,,,21780769.0,0.0
2025-03-24,,,263.22314453125,73.0,,,1290.951416015625,85.98699951171875,267.78476418421434,73.16000366210938,,,1294.8180484818179,86.03800201416016,262.8101548535289,71.80000305175781,,,1273.2542716407156,85.47200012207031,264.6873702453398,72.19999694824219,,,1279.946478246575,85.98699951171875,11376607.0,31456.0,,,20299319.0,0.0
2025-03-25,,,261.9747619628906,73.0199966430664,,,1274.4439697265625,85.53209686279297,266.527014698982,73.56999969482422,,,1296.50346593687,85.82869720458984,260.1632561108479,72.5,,,1271.6183955406093,85.53099822998047,263.3451497269308,73.08999633789062,,,1296.50346593687,85.53209686279297,12143699.0,30415.0,,,13713899.0,0.0
2025-03-26,,,256.2492980957031,73.79000091552734,,,1262.150146484375,85.59040069580078,265.9357078186867,74.16999816894531,,,1282.7224842048433,85.85980224609375,255.4233187342318,73.08999633789062,,,1257.8869148358597,85.59310150146484,260.9329413663683,73.18000030517578,,,1279.9464094999762,85.59040069580078,9475308.0,27419.0,,,12074747.0,0.0
2025-03-27,,,259.1120300292969,74.02999877929688,,,1267.2559814453125,86.09539794921875,262.66936110438195,74.06999969482422,,,1273.9978081396894,86.09629821777344,255.47022770154115,73.2300033569336,,,1260.4151561828103,85.63300323486328,256.60596360130137,73.98999786376953,,,1267.2064821612498,86.09539794921875,107524873.0,19183.0,,,15028056.0,0.0
2025-03-28,,,261.37408447265625,73.62999725341797,,,1264.1824951171875,85.69490051269531,266.87431178466,74.20999908447266,,,1284.6557128160619,85.78099822998047,259.3372931828185,73.12000274658203,,,1258.1347478785124,85.4186019897461,259.984934780175,74.05999755859375,,,1269.0405652360093,85.69490051269531,12687883.0,12292.0,,,18147129.0,0.0
2025-03-31,,,,74.73999786376953,,,,85.53880310058594,,74.79000091552734,,,,85.53939819335938,,73.37000274658203,,,,85.2654037475586,,73.41999816894531,,,,85.53880310058594,,53426.0,,,,0.0
2025-04-01,,,267.12774658203125,74.48999786376953,,,1241.8751220703125,85.46810150146484,269.3803992441163,75.27999877929688,,,1266.9585500115554,85.81729888916016,258.11710728965846,74.33999633789062,,,1238.603449529153,85.37519836425781,258.11710728965846,74.62999725341797,,,1253.7723771839194,85.46810150146484,20780255.0,54055.0,,,12099648.0,0.0
2025-04-02,,,269.1926574707031,74.94999694824219,,,1240.4376220703125,85.61009979248047,270.36591701101133,75.45999908447266,,,1244.7999732789833,85.7063980102539,260.6513509324847,73.70999908447266,,,1233.2496968938563,85.39569854736328,265.6728788497785,74.4000015258789,,,1236.868469635997,85.61009979248047,12058406.0,61062.0,,,10142590.0,0.0
2025-04-03,,,269.1926574707031,70.13999938964844,,,1238.008544921875,85.65119934082031,273.5102583078437,73.62000274658203,,,1241.0820994494682,85.910400390625,265.62595992577883,69.47000122070312,,,1222.4926375090713,85.20230102539062,265.62595992577883,73.58999633789062,,,1222.4926375090713,85.65119934082031,6663148.0,100212.0,,,7434366.0,0.0
2025-04-04,,,262.2939453125,65.58000183105469,,,1194.38525390625,85.28289794921875,277.5463211405261,70.05000305175781,,,1234.7863505024063,85.63829803466797,260.0412638134403,64.01000213623047,,,1182.9342181609516,84.92500305175781,274.21424646552083,69.80999755859375,,,1230.473619610667,85.28289794921875,18852567.0,121211.0,,,17908652.0,0.0
2025-04-07,,,256.8969421386719,64.20999908447266,,,1155.71923828125,85.529296875,261.96541805282345,67.41000366210938,,,1161.2217676393545,86.03240203857422,245.91522045464836,62.5099983215332,,,1105.3046397460778,83.23609924316406,245.91522045464836,64.79000091552734,,,1122.506064991245,85.529296875,15010047.0,114411.0,,,22156106.0,0.0
2025-04-08,,,268.3479309082031,62.81999969482422,,,1172.0780029296875,86.0270004272461,269.84970893018647,65.19000244140625,,,1186.3547349162204,86.31089782714844,258.21097938687376,61.279998779296875,,,1153.3399207865864,85.81120300292969,262.340847464303,64.44000244140625,,,1161.9653833278503,86.0270004272461,18994276.0,89690.0,,,19555040.0,0.0
2025-04-09,,,270.2720947265625,65.4800033569336,,,1175.2010498046875,86.435302734375,272.8063182931418,66.0199966430664,,,1179.613021672609,86.74299621582031,262.43471481718376,58.38999938964844,,,1157.9996241138485,86.1312026977539,270.9760504912845,61.54999923706055,,,1159.4867811653644,86.435302734375,14519066.0,127044.0,,,10223104.0,0.0
2025-04-10,,,,63.33000183105469,,,,86.20929718017578,,66.2300033569336,,,,86.3311996459961,,62.0099983215332,,,,85.60369873046875,,65.80999755859375,,,,86.20929718017578,,78111.0,,,,0.0
2025-04-11,,,275.1997985839844,64.76000213623047,,,1208.5133056640625,86.2603988647461,278.2502737141368,65.05000305175781,,,1212.1816988912137,86.26689910888672,268.9111153195946,62.7599983215332,,,1184.917153801556,85.93720245361328,278.2502737141368,63.45000076293945,,,1184.917153801556,86.2603988647461,14955235.0,58543.0,,,11224242.0,0.0
2025-04-14,,,,64.87999725341797,,,,86.19300079345703,,65.9000015258789,,,,86.20030212402344,,64.04000091552734,,,,85.78579711914062,,64.88999938964844,,,,86.19300079345703,,43786.0,,,,0.0
2025-04-15,,,276.3260803222656,64.66999816894531,,,1229.4822998046875,86.0447998046875,278.57873290365825,65.38999938964844,,,1240.288998738938,86.04499816894531,273.22868660335473,64.2300033569336,,,1226.5079856590305,85.59089660644531,278.57873290365825,64.93000030517578,,,1240.288998738938,86.0447998046875,8516322.0,40096.0,,,13378535.0,0.0
2025-04-16,,,280.4090270996094,65.8499984741211,,,1228.689208984375,85.72669982910156,282.09850936176014,66.30999755859375,,,1230.2754856402491,85.76329803466797,274.5896483850342,63.79999923706055,,,1218.477348782242,85.50800323486328,275.9506408946784,64.86000061035156,,,1223.5336585713449,85.72669982910156,9064723.0,50308.0,,,8248464.0,0.0
2025-04-17,,,280.0335998535156,67.95999908447266,,,1263.5877685546875,85.62049865722656,283.22486015462033,68.12999725341797,,,1269.238916912585,85.62560272216797,277.31164338033904,65.94999694824219,,,1217.0893007676923,85.29740142822266,279.70508144515946,66.01000213623047,,,1229.5813957339365,85.62049865722656,7510897.0,39781.0,,,15398401.0,0.0
2025-04-21,,,285.3836669921875,66.26000213623047,,,1284.407958984375,,286.79157857802767,67.77999877929688,,,1289.761748514388,,279.705101720246,65.68000030517578,,,1256.151975324742,,281.4415317382558,67.77999877929688,,,1259.126289394177,,6455955.0,38512.0,,,10429964.0,
2025-04-22,,,287.3078308105469,67.44000244140625,,,1280.1446533203125,85.15889739990234,289.5604836253407,68.04000091552734,,,1292.7359881039044,85.23139953613281,284.069622696507,66.55000305175781,,,1275.286704106908,84.972900390625,286.27535658258967,66.5999984741211,,,1288.8693558313819,85.15889739990234,7096150.0,46152.0,,,13051707.0,0.0
2025-04-23,,,282.0046691894531,66.12000274658203,,,1288.869384765625,85.2323989868164,287.82401921201233,68.63999938964844,,,1294.8180126953125,85.52120208740234,279.9866399033729,65.29000091552734,,,1274.3944143417477,85.19580078125,287.3077964817316,67.76000213623047,,,1285.8950708007812,85.2323989868164,7400827.0,58914.0,,,10480888.0,0.0
2025-04-24,,,283.45953369140625,66.55000305175781,,,1290.4556884765625,85.4999008178711,286.7446607374987,67.02999877929688,,,1293.3308829080645,85.66519927978516,281.8638890971189,65.80999755859375,,,1279.2525115884996,85.23690032958984,284.3512224901023,66.22000122070312,,,1281.3345072026398,85.4999008178711,5773985.0,36169.0,,,10468940.0,0.0
2025-04-25,,,277.5462951660156,66.87000274658203,,,1289.2659912109375,85.2573013305664,286.2284159786728,67.18000030517578,,,1313.85358083958,85.66290283203125,275.29361387777595,65.55999755859375,,,1277.071255478384,85.06079864501953,283.7880303457681,66.56999969482422,,,1292.3394247863746,85.2573013305664,7773037.0,30729.0,,,14431012.0,0.0
2025-04-28,,,290.9684143066406,65.86000061035156,,,1357.080322265625,85.38490295410156,291.86010316293687,67.52999877929688,,,1362.830589793996,85.45850372314453,275.10594841679557,65.25,,,1308.8963407951755,84.95379638671875,275.10594841679557,67.20999908447266,,,1328.5268607294433,85.38490295410156,14414879.0,21525.0,,,31104496.0,0.0
2025-04-29,,,292.56402587890625,64.25,,,1387.7156982421875,85.1603012084961,296.2245901091726,65.80999755859375,,,1398.8198762816546,85.37650299072266,290.78064836823387,63.88999938964844,,,1358.2700385179512,84.95500183105469,292.4232118114076,65.75,,,1359.2614765022709,85.1603012084961,9522966.0,17528.0,,,32538970.0,0.0
2025-04-30,,,291.0152893066406,63.119998931884766,,,1392.9703369140625,85.1707992553711,302.6540470371437,63.75,,,1400.3070020394923,85.26390075683594,290.0297627355405,63.0,,,1357.2785702742715,84.41529846191406,299.41583919947385,63.54999923706055,,,1389.9960230274132,85.1707992553711,21424437.0,79025.0,,,25480745.0,0.0
2025-05-01,,,,62.130001068115234,,,,84.53119659423828,,62.36000061035156,,,,84.716796875,,59.310001373291016,,,,84.3406982421875,,61.13999938964844,,,,84.53119659423828,,66984.0,,,,0.0
2025-05-02,,,292.28240966796875,61.290000915527344,,,1407.6436767578125,84.69670104980469,298.00792192831113,62.720001220703125,,,1414.4845019236116,84.74819946289062,290.87449822578776,60.70000076293945,,,1397.0352178747166,83.58270263671875,291.4845874552599,61.880001068115234,,,1401.8932881277126,84.69670104980469,6850147.0,58444.0,,,13007841.0,0.0
2025-05-05,,,301.3399963378906,60.22999954223633,,,1419.0452880859375,84.52629852294922,305.84533056968866,60.77000045776367,,,1427.1750314493302,84.55960083007812,296.6000388206802,58.40999984741211,,,1414.6829365878357,72.96710205078125,297.53864653846716,59.5099983215332,,,1418.747808269532,84.52629852294922,16037327.0,49504.0,,,12685649.0,0.0
2025-05-06,,,292.3293762207031,62.150001525878906,,,1408.7342529296875,84.2208023071289,302.41940887828287,62.79999923706055,,,1419.7391903256466,84.6167984008789,291.4846063853069,60.189998626708984,,,1398.5223933042987,84.2145004272461,301.38693469149126,60.279998779296875,,,1418.7477523435755,84.2208023071289,5444873.0,63444.0,,,14084117.0,0.0
2025-05-07,,,297.44476318359375,61.119998931884766,,,1393.9617919921875,84.79319763183594,298.0079335111615,63.209999084472656,,,1412.2042749259901,84.89129638671875,288.15255303283965,60.849998474121094,,,1390.6899982666434,84.47319793701172,288.15255303283965,62.06999969482422,,,1408.7342420156256,84.79319763183594,7970668.0,60579.0,,,13440169.0,0.0
2025-05-08,,,289.04425048828125,62.84000015258789,,,1394.9532470703125,84.81719970703125,300.5421947263903,63.209999084472656,,,1408.6351396947061,85.88359832763672,286.9323831792408,60.779998779296875,,,1386.030305191398,84.52200317382812,296.1307271121146,60.93000030517578,,,1392.0780527042998,84.81719970703125,5918739.0,56931.0,,,16106175.0,0.0
2025-05-09,,,288.01177978515625,63.90999984741211,,,1365.408447265625,86.08219909667969,288.481083637293,64.2699966430664,,,1382.8578539346386,86.08290100097656,282.84943741165154,62.849998474121094,,,1362.731612914777,85.27110290527344,283.97574947035946,63.25,,,1373.6374315703338,86.08219909667969,4955934.0,51994.0,,,13668904.0,0.0
2025-05-12,,,290.07672119140625,64.95999908447266,,,1424.20068359375,85.4083023071289,296.553137749341,66.37999725341797,,,1426.679278587822,85.40840148925781,288.2933721490336,63.88999938964844,,,1388.0131966802994,83.71240234375,295.6614489061366,64.2300033569336,,,1388.0131966802994,85.4083023071289,6844271.0,62946.0,,,10674081.0,0.0
2025-05-13,,,288.0586853027344,66.62999725341797,,,1403.5787353515625,84.9656982421875,291.53154510448786,66.80000305175781,,,1435.3047515134413,85.46720123291016,285.8060326461525,64.6500015258789,,,1400.307062549957,84.60399627685547,290.0766860441716,64.91999816894531,,,1421.2263802516663,84.9656982421875,7241358.0,55567.0,,,11407896.0,0.0
2025-05-14,,,293.3149108886719,66.08999633789062,,,1412.2042236328125,85.060302734375,294.30043753164415,66.58999633789062,,,1417.6571322938998,85.51100158691406,289.46661352900566,65.68000030517578,,,1403.380401776207,84.90249633789062,289.74821302987937,66.5199966430664,,,1407.8418724989147,85.060302734375,7733320.0,49980.0,,,5570160.0,0.0
2025-05-15,,,297.53863525390625,64.52999877929688,,,1441.7491455078125,85.48760223388672,300.5421912945243,65.83999633789062,,,1448.8875719918406,85.731201171875,294.25350836624483,63.439998626708984,,,1400.6044669576877,85.20330047607422,294.7228122073393,65.76000213623047,,,1412.7992032271827,85.48760223388672,7055032.0,70642.0,,,20177211.0,0.0
2025-05-16,,,300.4483337402344,65.41000366210938,,,1443.9302978515625,85.44490051269531,301.2930749505412,65.54000091552734,,,1448.4908883531898,85.67539978027344,296.41230340027084,64.16999816894531,,,1434.9082364412498,85.21700286865234,296.60003639990975,64.62999725341797,,,1440.757623701411,85.44490051269531,6861786.0,38629.0,,,9036695.0,0.0
2025-05-19,,,297.7263488769531,65.54000091552734,,,1428.4638671875,85.50029754638672,299.93205387136055,66.01000213623047,,,1442.1456384779733,85.62860107421875,296.740793688358,64.43000030517578,,,1425.886031660542,85.33300018310547,298.9934462502403,65.30999755859375,,,1439.667043567546,85.50029754638672,2956007.0,43539.0,,,6195791.0,0.0
2025-05-20,,,293.69036865234375,65.37999725341797,,,1412.402587890625,85.37210083007812,300.0259711677569,66.0,,,1432.6279478297215,85.63849639892578,292.6109754340806,64.8499984741211,,,1409.6266340324114,85.36109924316406,297.5386662794019,65.56999969482422,,,1425.8861208416395,85.37210083007812,5016433.0,42663.0,,,11270560.0,0.0
2025-05-21,,,296.459228515625,64.91000366210938,,,1416.963134765625,85.53610229492188,297.3039696619433,67.48999786376953,,,1423.9032007341596,85.68470001220703,290.35827886194664,64.61000061035156,,,1405.9581972205492,85.46710205078125,293.12715421065843,65.61000061035156,,,1411.7085860045363,85.53610229492188,5232094.0,58658.0,,,6136364.0,0.0
2025-05-22,,,293.83111572265625,64.44000244140625,,,1397.332763671875,85.60030364990234,299.3219762478358,65.0199966430664,,,1411.6094953044076,86.09980010986328,289.74819532775876,63.529998779296875,,,1384.9397884743898,85.4655990600586,295.56754561783714,64.63999938964844,,,1409.031659643212,85.60030364990234,4876801.0,45811.0,,,12134466.0,0.0
2025-05-23,,,299.3219909667969,64.77999877929688,,,1414.5838623046875,85.97489929199219,300.35446516962423,65.04000091552734,,,1421.5239286750705,86.02279663085938,292.84560354038365,63.310001373291016,,,1394.5567410207764,85.08219909667969,292.84560354038365,64.0199966430664,,,1394.5567410207764,85.97489929199219,4257721.0,29810.0,,,6474883.0,0.0
2025-05-26,,,303.12335205078125,,,,1422.5152587890625,85.19930267333984,304.06195970086077,,,,1428.6621258406371,85.19950103759766,299.4158403753544,,,,1412.898237790455,84.768798828125,299.4158403753544,,,,1419.7391840414937,85.19930267333984,5050848.0,,,,4842944.0,0.0
2025-05-27,,,297.53863525390625,64.08999633789062,,,1409.9239501953125,85.158203125,303.0764148500146,65.41000366210938,,,1424.696400543767,85.44840240478516,296.1307237306228,63.470001220703125,,,1401.794207036506,82.0958023071289,303.0764148500146,65.0199966430664,,,1413.8897021801247,85.158203125,4716473.0,34117.0,,,12640414.0,0.0
2025-05-28,,,301.9501037597656,64.9000015258789,,,1400.802734375,85.3604965209961,302.7948449475643,65.61000061035156,,,1410.4196342901241,85.72149658203125,294.4881612054718,64.02999877929688,,,1398.6214982222443,85.24729919433594,297.5386361821022,64.31999969482422,,,1407.9410393609537,85.3604965209961,7112876.0,17817.0,,,5944611.0,0.0
2025-05-29,,,299.556640625,64.1500015258789,,,1405.660888671875,85.38590240478516,302.7479010644619,66.12999725341797,,,1407.842003929875,85.61409759521484,298.1018101529616,63.779998779296875,,,1396.5395861721686,85.38590240478516,301.4808035893469,65.30000305175781,,,1400.0096192804465,85.38590240478516,4000772.0,10456.0,,,13771917.0,0.0
2025-05-30,,,298.8526611328125,63.900001525878906,,,1408.7342529296875,85.36129760742188,302.60709162102376,64.5199966430664,,,1418.3511529457182,85.64140319824219,297.53861619074485,63.70000076293945,,,1397.6300749154059,85.23860168457031,298.0548389252613,63.81999969482422,,,1405.8590585766528,85.36129760742188,9148638.0,63546.0,,,13788484.0,0.0
2025-06-02,,,297.1632080078125,64.62999725341797,,,1401.5958251953125,85.52429962158203,299.88516464984934,65.70999908447266,,,1405.3633379328091,85.62169647216797,296.27151922181895,62.970001220703125,,,1383.650821945961,85.28410339355469,298.8526904355501,63.040000915527344,,,1400.0095486308933,85.52429962158203,3086437.0,57349.0,,,8098668.0,0.0
2025-06-03,,,290.7337341308594,65.62999725341797,,,1393.4661865234375,85.36370086669922,301.2461517943344,65.94000244140625,,,1414.2863856817387,85.70449829101562,290.0297783581454,64.5199966430664,,,1391.384190812638,85.28520202636719,295.7083434670911,65.02999877929688,,,1410.1223942601396,85.36370086669922,7853488.0,43536.0,,,11252626.0,0.0
2025-06-04,,,292.4232177734375,64.86000061035156,,,1411.31201171875,85.70880126953125,293.4556919732895,65.95999908447266,,,1413.4931269376204,86.010498046875,289.65434224205455,64.27999877929688,,,1394.0609660849138,85.55130004882812,290.7337353693406,65.61000061035156,,,1402.5873087929724,85.70880126953125,5925942.0,56182.0,,,8126827.0,0.0
2025-06-05,,,290.7806396484375,65.33999633789062,,,1430.0501708984375,85.9041976928711,296.0368482377794,65.86000061035156,,,1442.244785474372,86.02770233154297,289.3258092428665,64.62999725341797,,,1411.4110884077945,85.61949920654297,292.00084678462406,64.91000366210938,,,1415.7734397380668,85.9041976928711,5900170.0,38658.0,,,13716817.0,0.0
2025-06-06,,,297.257080078125,66.47000122070312,,,1431.1407470703125,85.87750244140625,298.3364732407408,66.66999816894531,,,1439.0722510374496,85.94000244140625,290.029789086637,64.81999969482422,,,1424.6964000970136,85.47799682617188,290.029789086637,65.19999694824219,,,1428.6621520805822,85.87750244140625,5825337.0,39490.0,,,8182161.0,0.0
2025-06-09,,,300.7298889160156,67.04000091552734,,,1436.3953857421875,85.7853012084961,301.71544414668324,67.12999725341797,,,1445.0208477095387,85.85600280761719,295.6614132744038,66.08000183105469,,,1432.9253528317358,85.48880004882812,298.2895032681188,66.5999984741211,,,1444.5251287223314,85.77899932861328,3787426.0,35213.0,,,7885125.0,0.0
2025-06-10,,,300.4483337402344,66.87000274658203,,,1426.1834716796875,85.75599670410156,304.76593493562217,68.0,,,1441.4516401070769,85.75599670410156,299.7912968855323,66.4800033569336,,,1423.704876838395,85.50800323486328,301.4808079501801,67.11000061035156,,,1437.5850079496329,85.75599670410156,6489933.0,40266.0,,,7913181.0,0.0
2025-06-11,,,313.35418701171875,69.7699966430664,,,1436.4945068359375,85.65280151367188,313.964276289154,69.95999908447266,,,1456.0257865422643,85.6532974243164,300.6360354644074,66.47000122070312,,,1430.7441181682645,85.404296875,300.6360354644074,66.56999969482422,,,1433.4210733170682,85.65280151367188,21739121.0,58118.0,,,8195700.0,0.0
2025-06-12,,,299.0873718261719,69.36000061035156,,,1429.257080078125,85.46980285644531,310.67918396578733,70.61000061035156,,,1444.5252503749707,85.71289825439453,298.24263052909043,68.37000274658203,,,1422.1187744712338,85.38050079345703,310.20988006251577,70.36000061035156,,,1441.0552171722854,85.46980285644531,13568848.0,60336.0,,,8828114.0,0.0
2025-06-13,,,293.12713623046875,74.2300033569336,,,1415.67431640625,85.68840026855469,295.09821788032815,78.52999877929688,,,1423.2092208521976,86.20439910888672,280.9252376715669,69.91999816894531,,,1402.1907840779525,85.62039947509766,286.2753123434667,70.2699966430664,,,1411.8076840776937,85.68840026855469,13958229.0,175031.0,,,9757276.0,0.0
2025-06-16,,,296.9754638671875,73.2300033569336,,,1425.4896240234375,86.24919891357422,297.39784878029445,78.4800033569336,,,1430.0502146798779,86.24120330810547,289.56046893288305,70.63999938964844,,,1412.204330439343,85.77400207519531,290.9214615248648,76.80999755859375,,,1414.6829254727506,86.24919891357422,6893567.0,100509.0,,,8458093.0,0.0
2025-06-17,,,293.59649658203125,76.44999694824219,,,1418.946044921875,86.10420227050781,300.7768688786642,77.08000183105469,,,1435.6022520574631,86.38980102539062,292.5640509587572,72.52999877929688,,,1413.59237643736,85.88349914550781,294.7228373543756,72.80999755859375,,,1435.6022520574631,86.10420227050781,7219608.0,88748.0,,,10366599.0,0.0
2025-06-18,,,296.459228515625,76.69999694824219,,,1417.85546875,86.36270141601562,297.39783615465245,77.43000030517578,,,1430.4468040463896,86.54630279541016,290.68679726441263,74.44000244140625,,,1413.4931173168031,86.25260162353516,292.84558337656296,77.19000244140625,,,1417.7563491543892,86.36270141601562,10011198.0,0.0,,,6681735.0,0.0
2025-06-19,,,294.2065734863281,,,,1421.0281982421875,86.61360168457031,297.5386191198047,,,,1427.5716651338516,86.90170288085938,291.062232192691,,,,1413.4931722804179,86.32530212402344,297.5386191198047,,,,1417.8555238832446,86.61360168457031,5399948.0,,,,10007230.0,0.0
2025-06-20,,,294.2535095214844,77.01000213623047,,,1453.6463623046875,86.58380126953125,296.5061622387752,79.0199966430664,,,1458.4053131642288,86.76309967041016,290.9683826209255,75.52999877929688,,,1415.8725983169522,86.47100067138672,291.81312380940545,76.12000274658203,,,1418.7477927518771,86.58380126953125,8522458.0,98821.0,,,29010635.0,0.0
2025-06-23,,,294.2065734863281,71.4800033569336,,,1444.326904296875,86.5802993774414,296.1307076728656,81.4000015258789,,,1451.266970188698,87.02940368652344,289.27888342204113,69.54000091552734,,,1429.6535737155343,86.55180358886719,290.9683657007554,80.01000213623047,,,1440.5593915455418,86.5802993774414,6848410.0,100475.0,,,5989078.0,0.0
2025-06-24,,,299.6505126953125,67.13999938964844,,,1438.3782958984375,86.23300170898438,307.6755971924206,70.7300033569336,,,1462.3710470398119,86.35459899902344,297.53864533880676,66.80999755859375,,,1430.744150698803,85.9000015258789,305.5168109078284,70.5999984741211,,,1452.4566670598808,86.23300170898438,11172373.0,62358.0,,,16402744.0,0.0
2025-06-25,,,299.9790344238281,67.68000030517578,,,1454.737060546875,85.90480041503906,303.1702949577342,68.76000213623047,,,1459.7933702625824,86.1270980834961,297.1632112508461,67.31999969482422,,,1447.9952335758323,85.79019927978516,302.70099109557054,67.91999816894531,,,1451.4652666586912,85.90480041503906,6658747.0,23618.0,,,7525851.0,0.0
2025-06-26,,,309.5058898925781,67.7300033569336,,,1482.497314453125,86.006103515625,310.67914952067736,69.04000091552734,,,1485.9673475108061,86.11810302734375,299.2750716643596,67.38999938964844,,,1452.5558137403293,85.58699798583984,299.2750716643596,67.75,,,1456.5215658062507,86.006103515625,15528180.0,13057.0,,,14657893.0,0.0
2025-06-27,,,312.5563659667969,67.7699966430664,,,1502.4251708984375,85.66639709472656,313.6827066711377,68.41000366210938,,,1508.9686374999123,85.77970123291016,307.30015708659647,67.20999908447266,,,1484.083567880206,85.37249755859375,309.74054284997885,67.95999908447266,,,1486.5621628826696,85.66639709472656,9911738.0,8218.0,,,11117052.0,0.0
2025-06-30,,,311.5708312988281,67.61000061035156,,,1487.7518310546875,85.4552993774414,316.96782546688655,68.12000274658203,,,1511.7447031481738,85.92769622802734,310.06905327977915,67.11000061035156,,,1483.191240482831,85.24199676513672,313.49496558808784,67.16999816894531,,,1500.838885203447,85.4552993774414,5840638.0,32957.0,,,8409527.0,0.0
2025-07-01,,,311.6646728515625,67.11000061035156,,,1515.3138427734375,85.71399688720703,314.9028808484521,67.4800033569336,,,1518.2881567329412,85.74169921875,310.5852797339438,66.33999633789062,,,1487.256099345396,85.45929718017578,311.19536900529056,66.58999633789062,,,1487.7518183386467,85.71399688720703,3921773.0,29256.0,,,10368523.0,0.0
2025-07-02,,,311.42999267578125,69.11000061035156,,,1505.7960205078125,85.6427993774414,314.38662955429777,69.19999694824219,,,1516.900077238324,85.77100372314453,308.6141698535987,66.94000244140625,,,1495.7824003020085,85.510498046875,313.213370045055,67.20999908447266,,,1515.3138007089854,85.6427993774414,3799017.0,50268.0,,,6361002.0,0.0
2025-07-03,,,311.1484375,68.80000305175781,,,1504.8046875,85.69409942626953,314.94978704351826,69.12999725341797,,,1518.7839394915495,85.697998046875,310.25674877051677,68.30999755859375,,,1500.0457365549344,85.19270324707031,312.55634898190044,69.0199966430664,,,1507.7790015843786,85.69409942626953,5049883.0,0.0,,,11283291.0,0.0
2025-07-04,,,324.94598388671875,68.29000091552734,,,1514.223388671875,85.31909942626953,326.3538953790459,68.91000366210938,,,1516.900223008299,85.5530014038086,311.5238771401137,67.75,,,1504.2097675037892,85.30729675292969,313.49495895817824,68.80999755859375,,,1510.9515946827762,85.31909942626953,13743465.0,0.0,,,6603501.0,0.0
2025-07-07,,,328.98199462890625,69.58000183105469,,,1528.3016357421875,85.49629974365234,329.96752124364764,69.93000030517578,,,1531.5734294639212,86.03009796142578,322.3648218864232,67.36000061035156,,,1511.9429091838053,85.36100006103516,324.57052703789526,67.61000061035156,,,1513.5291857359532,85.49629974365234,8603937.0,59456.0,,,7251074.0,0.0
2025-07-08,,,333.7688903808594,70.1500015258789,,,1524.4349365234375,85.89199829101562,336.631632292731,70.66000366210938,,,1531.672481820406,85.89240264892578,327.2925032409956,69.05000305175781,,,1517.0982716385254,85.62799835205078,328.5126817441465,69.54000091552734,,,1522.8486600409224,85.89199829101562,12905482.0,34109.0,,,7171261.0,0.0
2025-07-09,,,327.1047668457031,70.19000244140625,,,1505.9942626953125,85.7073974609375,334.47284264549603,70.69999694824219,,,1537.7202774459709,85.91590118408203,326.30694461239494,69.61000061035156,,,1497.1704406377573,85.59719848632812,333.7688869062298,69.9000015258789,,,1523.5426661942138,85.7073974609375,8039090.0,42186.0,,,8870660.0,0.0
2025-07-10,,,329.4043884277344,68.63999938964844,,,1504.2095947265625,85.70850372314453,331.18773735412975,70.48999786376953,,,1511.6453792793734,85.76529693603516,326.6824031440404,68.52999877929688,,,1494.5926951149827,85.45500183105469,330.20218206878167,70.19000244140625,,,1506.6881895774993,85.70850372314453,6580919.0,52295.0,,,10047129.0,0.0
2025-07-11,,,323.6788635253906,70.36000061035156,,,1482.3980712890625,85.73480224609375,330.99999195704333,70.69000244140625,,,1502.0285923917668,85.9052963256836,322.22400443789866,68.55999755859375,,,1477.540121836759,85.65989685058594,330.2021697018423,68.98999786376953,,,1499.0542783474266,85.73480224609375,4803470.0,40262.0,,,7234991.0,0.0
2025-07-14,,,323.2565002441406,69.20999908447266,,,1470.9964599609375,85.82129669189453,326.8232268460588,71.51000213623047,,,1487.1569471972039,86.04319763183594,321.80166970332823,69.0199966430664,,,1466.4358695278945,84.55950164794922,324.6174929260891,70.52999877929688,,,1479.4236826617216,85.82129669189453,5372218.0,62179.0,,,10311846.0,0.0
2025-07-15,,,326.6824035644531,68.70999908447266,,,1472.6820068359375,85.96839904785156,328.98200392252386,69.4000015258789,,,1483.6869442622558,86.0281982421875,324.8990546357627,68.55999755859375,,,1469.7076928815193,85.7437973022461,326.3069662074711,69.0999984741211,,,1473.4750846086956,85.96839904785156,6270256.0,51233.0,,,8132454.0,0.0
2025-07-16,,,326.4946594238281,68.5199966430664,,,1472.8802490234375,85.99310302734375,330.10830441302187,69.06999969482422,,,1478.234038357326,86.07129669189453,326.0722745461705,67.70999908447266,,,1458.9009976142222,85.7249984741211,328.5595789576312,68.9000015258789,,,1460.388154594461,85.99310302734375,8426412.0,55511.0,,,10409983.0,0.0
2025-07-17,,,325.46221923828125,69.5199966430664,,,1463.7591552734375,85.88520050048828,328.41882775778186,69.62000274658203,,,1476.8460890701654,86.13200378417969,323.11569999359284,68.29000091552734,,,1461.2805601585153,85.79499816894531,328.13725690603275,68.69000244140625,,,1474.6649737790947,85.88520050048828,4026086.0,50817.0,,,11854613.0,0.0
2025-07-18,,,322.4117431640625,69.27999877929688,,,1463.362548828125,86.04650115966797,329.87368579534206,70.77999877929688,,,1472.0872520008465,86.22450256347656,321.09769812014815,69.13999938964844,,,1456.5216021387357,85.92539978027344,326.16617394326556,69.55999755859375,,,1472.0872520008465,86.04650115966797,5631392.0,52366.0,,,10296318.0,0.0
2025-07-21,,,321.5670166015625,69.20999908447266,,,1416.3682861328125,86.14859771728516,323.5380985791517,69.62000274658203,,,1463.362470991638,86.33920288085938,318.6104079571962,68.41999816894531,,,1410.9153771961905,85.64600372314453,322.4117578365193,69.22000122070312,,,1452.4566531183941,86.14859771728516,5051058.0,41204.0,,,22442744.0,0.0
2025-07-22,,,319.45513916015625,68.58999633789062,,,1400.70361328125,86.19529724121094,323.2095699923155,69.0999984741211,,,1419.640054314783,86.44239807128906,319.07970180574716,68.11000061035156,,,1398.6214967228645,86.04630279541016,321.5670065032458,69.02999877929688,,,1415.178583447059,86.19529724121094,4447293.0,50140.0,,,20396320.0,0.0
2025-07-23,,,323.3034362792969,68.51000213623047,,,1412.402587890625,86.3427963256836,323.8196590607656,69.08000183105469,,,1413.7906253323065,86.45800018310547,316.12306440228747,68.0,,,1402.2899684336514,86.23049926757812,320.86305051119155,68.72000122070312,,,1413.7906253323065,86.3427963256836,5089227.0,37734.0,,,8354596.0,0.0
2025-07-24,,,320.4406433105469,69.18000030517578,,,1390.888427734375,86.39869689941406,323.72577005816765,69.52999877929688,,,1410.81630780687,86.44139862060547,318.84502750526457,68.5,,,1384.0474811654185,86.23580169677734,323.3034138056071,68.72000122070312,,,1407.0487949065318,86.39869689941406,3270996.0,39597.0,,,14740507.0,0.0
2025-07-25,,,312.4624938964844,68.44000244140625,,,1379.7841796875,86.4302978515625,320.4406592518913,69.88999938964844,,,1389.0046012536307,86.62740325927734,310.72606394326556,68.30000305175781,,,1372.2492752918665,86.3844985961914,319.2204807139719,69.26000213623047,,,1386.9226057137396,86.4302978515625,3514659.0,27384.0,,,11854722.0,0.0
2025-07-28,,,312.9317932128906,70.04000091552734,,,1375.71923828125,86.506103515625,317.5779126631895,70.44999694824219,,,1395.7463569486692,86.72109985351562,310.67914052100116,68.38999938964844,,,1373.1415238854815,86.39959716796875,311.94626661144935,68.47000122070312,,,1380.3790691362324,86.506103515625,5630809.0,31485.0,,,7748361.0,0.0
2025-07-29,,,314.38665771484375,72.51000213623047,,,1404.9666748046875,86.77760314941406,316.5923628745669,73.06999969482422,,,1408.04010820105,87.17400360107422,312.74409425477467,69.88999938964844,,,1371.1586653944225,86.72570037841797,315.37218433327183,70.38999938964844,,,1371.1586653944225,86.77760314941406,7809814.0,24345.0,,,10750072.0,0.0
2025-07-30,,,316.3576965332031,73.23999786376953,,,1398.026611328125,87.06320190429688,322.4586462496853,73.62999725341797,,,1411.113664716939,87.78589630126953,309.74052406755465,71.75,,,1389.3020300940545,86.98619842529297,313.49495466231286,72.68000030517578,,,1405.9581148273558,87.06320190429688,11366010.0,15242.0,,,7209849.0,0.0
2025-07-31,,,313.7376403808594,72.52999877929688,,,1378.2969970703125,87.714599609375,315.59549720207644,73.48999786376953,,,1390.5908519212596,87.77639770507812,307.83066285957113,72.41999816894531,,,1370.365493427784,87.2865982055664,314.40457079754026,73.4000015258789,,,1376.215001569177,87.714599609375,6867024.0,56020.0,,,17065827.0,0.0
2025-08-01,,,302.82879638671875,69.66999816894531,,,1381.76708984375,87.4894027709961,313.7376656869692,71.98999786376953,,,1393.8627060383,87.74120330810547,301.5902153808861,69.41000366210938,,,1372.4476694796913,87.143798828125,313.4518549569677,71.7699966430664,,,1375.025384070285,87.4894027709961,4105518.0,68855.0,,,10321171.0,0.0
2025-08-04,,,302.82879638671875,68.76000213623047,,,1399.4146728515625,87.24530029296875,305.5917400530316,69.9800033569336,,,1403.975263237478,87.98999786376953,300.0181982151697,67.98999786376953,,,1379.7841529413568,87.06950378417969,305.0200895176745,69.0,,,1383.155066191865,87.24530029296875,3536322.0,41788.0,,,6312820.0,0.0
2025-08-05,,,300.2087707519531,67.63999938964844,,,1379.7841796875,87.89330291748047,302.97171453484134,68.8499984741211,,,1398.918980991344,88.07949829101562,294.9210394209904,67.52999877929688,,,1376.2150271869518,87.6729965209961,302.01897329416573,68.75,,,1398.918980991344,87.89330291748047,6730701.0,47388.0,,,9315972.0,0.0
2025-08-06,,,300.8280334472656,66.88999938964844,,,1380.874755859375,87.72309875488281,303.11460650875364,69.19000244140625,,,1383.9481891450812,87.84300231933594,299.5418270141305,66.22000122070312,,,1371.4560958071288,87.6238021850586,300.5898481476241,67.76000213623047,,,1379.9824375441353,87.72309875488281,3601019.0,62159.0,,,5834312.0,0.0
2025-08-07,,,295.6832275390625,66.43000030517578,,,1377.5040283203125,87.76249694824219,299.2083524182546,67.63999938964844,,,1381.7671392504185,87.79180145263672,292.6344441688962,66.2699966430664,,,1354.3043541251445,87.33300018310547,298.49379654168627,66.87999725341797,,,1375.818511047819,87.76249694824219,5018154.0,44063.0,,,9976705.0,0.0
2025-08-08,,,304.3531799316406,66.58999633789062,,,1356.0888671875,87.43319702148438,306.0681024162049,67.19000244140625,,,1385.2370458989403,87.73799896240234,294.0159323695946,65.5,,,1353.312792536344,87.39430236816406,295.8261347867132,66.37999725341797,,,1373.1415514013454,87.43319702148438,10028343.0,52157.0,,,8793606.0,0.0
2025-08-11,,,305.78228759765625,66.62999725341797,,,1374.331298828125,87.48829650878906,314.40458348428103,67.11000061035156,,,1376.1159356273254,87.75579833984375,302.20950823988034,65.83000183105469,,,1349.5453489789295,87.46640014648438,307.0208394782108,66.2300033569336,,,1358.2700517359046,87.48829650878906,7957794.0,31132.0,,,9997486.0,0.0
2025-08-12,,,308.40234375,66.12000274658203,,,1368.5810546875,87.66449737548828,311.07000752898887,67.04000091552734,,,1389.8969719255274,87.73989868164062,305.54412009735995,65.97000122070312,,,1363.4255044148417,87.53690338134766,305.82993083248215,66.72000122070312,,,1370.0682117041065,87.66449737548828,4392686.0,33110.0,,,12244664.0,0.0
2025-08-13,,,307.2590637207031,65.62999725341797,,,1370.7620849609375,87.59559631347656,310.8794689654091,66.33000183105469,,,1379.8833867126677,87.71700286865234,305.8775772304209,65.0,,,1365.7057756228248,87.37590026855469,309.64091692784035,66.05000305175781,,,1376.115874093997,87.59559631347656,2707971.0,40497.0,,,7457021.0,0.0
2025-08-14,,,303.0193176269531,66.83999633789062,,,1367.4774169921875,87.44999694824219,315.7384180673412,66.9800033569336,,,1374.3455639562076,87.68060302734375,302.1618563886315,65.56999969482422,,,1363.794372575189,87.38790130615234,311.54636273249446,65.7699966430664,,,1370.961308962897,87.44999694824219,10549386.0,34810.0,,,7126128.0,0.0
2025-08-15,,,,65.8499984741211,,,,87.69180297851562,,67.08000183105469,,,,87.70819854736328,,65.7300033569336,,,,87.39689636230469,,66.80000305175781,,,,87.69180297851562,,35864.0,,,,0.0
2025-08-18,,,299.1607360839844,66.5999984741211,,,1375.3409423828125,87.51280212402344,305.87754989776664,66.80999755859375,,,1388.4802648218374,87.54039764404297,297.6839988576604,65.30999755859375,,,1370.6626218339861,87.3136978149414,305.8299244680222,65.94999694824219,,,1383.602791829514,87.51280212402344,8091527.0,35004.0,,,11785109.0,0.0
2025-08-19,,,306.2586669921875,65.79000091552734,,,1413.564208984375,87.29509735107422,306.97322288430615,66.58000183105469,,,1414.460091190419,87.37049865722656,297.9221815841368,65.5999984741211,,,1382.7068811681168,86.90910339355469,300.3040345578656,66.55999755859375,,,1383.6027633741608,87.29509735107422,4343312.0,32562.0,,,14384719.0,0.0
2025-08-20,,,304.8295593261719,66.83999633789062,,,1406.4969482421875,87.0791015625,307.2590377620558,67.05000305175781,,,1418.342205158243,87.1666030883789,303.92444355378547,65.81999969482422,,,1403.510755146132,86.9800033569336,304.8771847561484,65.93000030517578,,,1406.4969482421875,87.0791015625,3670375.0,39505.0,,,8725641.0,0.0
2025-08-21,,,304.8295593261719,67.66999816894531,,,1418.24267578125,87.01820373535156,308.49758969498606,67.77999877929688,,,1425.3099750709036,87.32649993896484,303.6862582531947,66.73999786376953,,,1413.7633861810953,86.92410278320312,305.8775513884879,66.94999694824219,,,1418.4417067156319,87.01820373535156,3790333.0,29950.0,,,11021323.0,0.0
2025-08-22,,,301.4949645996094,67.7300033569336,,,1402.71435546875,87.29340362548828,305.2106494673666,68.0199966430664,,,1416.84907536351,87.54810333251953,299.8276674983404,67.41999816894531,,,1401.4204113959267,87.177001953125,305.0677441023286,67.62000274658203,,,1413.464698965694,87.29340362548828,3007303.0,27481.0,,,5818868.0,0.0
2025-08-25,,,300.87567138671875,68.80000305175781,,,1406.0987548828125,87.3301010131836,303.8768295472661,69.05999755859375,,,1412.9670232567023,87.60800170898438,299.6371194072284,67.58000183105469,,,1399.230486508923,87.23400115966797,303.8768295472661,67.83999633789062,,,1408.1890657335161,87.3301010131836,2841339.0,19094.0,,,5979407.0,0.0
2025-08-26,,,297.35052490234375,67.22000122070312,,,1378.5262451171875,87.60859680175781,303.25750270974675,68.7300033569336,,,1403.5107021083375,87.79000091552734,296.3501292288665,67.11000061035156,,,1375.241384232256,87.52279663085938,302.3047615399702,68.7300033569336,,,1401.519906786198,87.60859680175781,10819770.0,21046.0,,,12145259.0,0.0
2025-08-27,,,,68.05000305175781,,,,87.60070037841797,,68.0999984741211,,,,87.9885025024414,,66.91999816894531,,,,87.60070037841797,,67.23999786376953,,,,87.60070037841797,,16597.0,,,,0.0
2025-08-28,,,296.0167236328125,68.62000274658203,,,1379.521728515625,87.65910339355469,300.6851500314944,68.66000366210938,,,1385.7926612650012,87.68299865722656,295.3497931149911,67.4000015258789,,,1360.2109883890075,87.50920104980469,300.6851500314944,67.70999908447266,,,1383.50331940736,87.65910339355469,8888325.0,8829.0,,,13161813.0,0.0
2025-08-29,,,293.6348571777344,68.12000274658203,,,1350.9537353515625,87.5916976928711,297.54107293998504,68.36000061035156,,,1397.0406983353935,88.28939819335938,292.49155607758235,68.02999877929688,,,1343.7869203796088,87.51010131835938,296.0167102402554,68.26000213623047,,,1374.7437651325777,87.5916976928711,4334416.0,0.0,,,18758842.0,0.0
2025-09-01,,,299.87530517578125,,,,1347.6689453125,88.17430114746094,300.6374865373488,,,,1356.9260708455383,88.32150268554688,292.3010006905241,,,,1334.430107544873,87.9302978515625,293.9206724280493,,,,1349.759256141992,88.17430114746094,3672180.0,,,,11232238.0,0.0
2025-09-02,,,300.06585693359375,69.13999938964844,,,1360.2109375,88.00140380859375,302.30477552586814,69.51000213623047,,,1378.128095842481,88.18800354003906,297.96981463297226,67.08999633789062,,,1348.2661652716795,87.81549835205078,300.9709436415428,67.43000030517578,,,1348.5648331807902,88.00140380859375,3405312.0,55307.0,,,11517006.0,0.0
2025-09-03,,,299.9705810546875,67.5999984741211,,,1366.2828369140625,87.99829864501953,305.353563170707,69.2300033569336,,,1370.1649121838109,88.17980194091797,299.20837062808124,67.37999725341797,,,1354.2385492379765,87.9749984741211,300.06586099243265,69.05999755859375,,,1363.3961593284287,87.99829864501953,6616690.0,45108.0,,,7847563.0,0.0
2025-09-04,,,298.11273193359375,66.98999786376953,,,1353.0440673828125,88.072998046875,304.7342952650886,67.48999786376953,,,1367.6763641601647,88.36029815673828,297.73164124786757,66.31999969482422,,,1350.8541196588233,87.9749984741211,304.7342952650886,67.44000244140625,,,1365.4865379446771,88.072998046875,5225640.0,42152.0,,,13223177.0,0.0
2025-09-05,,,297.73162841796875,65.5,,,1368.671875,88.19290161132812,301.4949678313136,67.05000305175781,,,1374.6442613636364,88.35340118408203,296.77888720703123,65.08000183105469,,,1353.0441792852228,87.80010223388672,298.2079990234375,66.83999633789062,,,1356.7271022727273,88.19290161132812,6159420.0,38287.0,,,5777575.0,0.0
2025-09-08,,,301.4949645996094,66.0199966430664,,,1372.15576171875,88.1863021850586,303.1146071956297,67.02999877929688,,,1379.6212446443146,88.2229995727539,298.7319918572233,65.5199966430664,,,1366.0838599076599,87.82779693603516,299.0654570925479,65.80999755859375,,,1373.6488583038629,88.1863021850586,2002604.0,29078.0,,,6986720.0,0.0
2025-09-09,,,299.1131286621094,66.38999938964844,,,1369.8662109375,87.98049926757812,305.0201069983841,67.38999938964844,,,1374.843199236951,88.21929931640625,298.73200889979336,66.13999938964844,,,1362.4007284883235,87.90010070800781,302.78115923387793,66.16999816894531,,,1370.2643943031567,87.98049926757812,6476251.0,38860.0,,,9754452.0,0.0
2025-09-10,,,302.924072265625,67.48999786376953,,,1370.66259765625,88.21829986572266,303.2098829917995,67.7699966430664,,,1382.1096709119122,88.24929809570312,299.87528883478046,66.44000244140625,,,1367.7759200987732,87.97789764404297,300.58984472557023,66.44000244140625,,,1377.5308659113482,88.21829986572266,5214899.0,38789.0,,,7790815.0,0.0
2025-09-11,,,304.877197265625,66.37000274658203,,,1376.9337158203125,88.05339813232422,311.1652952742996,67.61000061035156,,,1379.1235422027225,88.49099731445312,302.4953441619873,66.16000366210938,,,1368.6718661340626,88.02660369873047,303.16227466114793,67.58000183105469,,,1369.6672638548873,88.05339813232422,7529271.0,34565.0,,,9766072.0,0.0
2025-09-12,,,302.9717102050781,66.98999786376953,,,1388.579833984375,88.2676010131836,307.925976215932,68.1500015258789,,,1389.873899637371,88.40850067138672,302.0665944092292,65.72000122070312,,,1374.146566892781,88.21690368652344,305.87755931746915,66.30999755859375,,,1376.9337291414593,88.2676010131836,4705998.0,50762.0,,,7403368.0,0.0
2025-09-15,,,302.7335205078125,67.44000244140625,,,1392.8599853515625,88.27729797363281,305.5441187170197,67.83999633789062,,,1394.3530818320328,88.2970962524414,300.7804126508071,66.79000091552734,,,1382.2091575524387,88.1260986328125,303.2575165449541,67.22000122070312,,,1386.5889315301856,88.27729797363281,4653626.0,26320.0,,,5396697.0,0.0
2025-09-16,,,303.2098693847656,68.47000122070312,,,1398.8323974609375,88.12349700927734,305.9251874629832,68.69000244140625,,,1401.5199225726963,88.15509796142578,301.54257238107874,67.0,,,1391.7649767809332,87.97969818115234,304.2578904592964,67.48999786376953,,,1398.2350616507645,88.12349700927734,5381837.0,34128.0,,,8686961.0,0.0
2025-09-17,,,308.2594299316406,67.94999694824219,,,1407.2933349609375,87.88459777832031,309.4027310993327,68.58999633789062,,,1409.6821922648512,87.91310119628906,304.16265405223083,67.62000274658203,,,1400.4250664409112,87.7157974243164,304.7343046360769,68.41000366210938,,,1400.5245819104894,87.88459777832031,7035565.0,30515.0,,,7519417.0,0.0
2025-09-18,,,310.3078308105469,67.44000244140625,,,1408.4876708984375,87.91069793701172,310.7365469196206,68.41000366210938,,,1415.4554544293837,88.28880310058594,305.8299353911881,67.19000244140625,,,1404.2074124117412,87.80690002441406,309.54562037993526,67.88999938964844,,,1413.8628424954393,87.91069793701172,5615664.0,29610.0,,,9332642.0,0.0
2025-09-19,,,313.9758605957031,66.68000030517578,,,1400.9227294921875,88.20690155029297,318.21557069771586,67.55999755859375,,,1410.4785229891424,88.32949829101562,309.4503397549422,66.43000030517578,,,1397.1401696768169,88.0625991821289,310.2125501838622,67.45999908447266,,,1408.3882121473878,88.20690155029297,10022009.0,24400.0,,,13461373.0,0.0
2025-09-22,,,310.02197265625,66.56999969482422,,,1384.199951171875,88.09919738769531,316.5958809513579,67.30000305175781,,,1404.2074196840813,88.33670043945312,307.21140363406676,65.94000244140625,,,1381.6119415772491,88.09919738769531,313.45184670271817,66.66999816894531,,,1397.4387885526373,88.09919738769531,4768219.0,23634.0,,,7757970.0,0.0
2025-09-23,,,314.78570556640625,67.62999725341797,,,1383.40380859375,88.30439758300781,319.35888104621745,68.08000183105469,,,1388.5798281670254,88.80809783935547,311.4034857334606,66.12000274658203,,,1370.4636381520502,88.23500061035156,313.16606287436633,66.58999633789062,,,1384.5982372618869,88.30439758300781,7992615.0,27893.0,,,14014702.0,0.0
2025-09-24,,,314.7380676269531,69.30999755859375,,,1376.635009765625,88.80799865722656,316.6911754964764,69.36000061035156,,,1389.5751797778832,88.9312973022461,311.54637872706365,67.5199966430664,,,1374.0470000648747,88.67250061035156,314.8333475639589,67.86000061035156,,,1378.9244730635044,88.80799865722656,5489995.0,28459.0,,,5922759.0,0.0
2025-09-25,,,314.0711364746094,69.41999816894531,,,1366.0838623046875,88.77860260009766,316.7864547590435,69.66999816894531,,,1378.128150477363,88.80039978027344,311.5463780637811,68.44000244140625,,,1362.6994857374575,88.59010314941406,313.54714043522495,69.08999633789062,,,1374.942926360271,88.77860260009766,5798602.0,21388.0,,,11411143.0,0.0
2025-09-26,,,309.0216064453125,70.12999725341797,,,1371.2598876953125,88.77310180664062,314.4045882780324,70.7699966430664,,,1376.3363918134596,88.77909851074219,307.687774613143,69.11000061035156,,,1359.7132983361805,88.61430358886719,314.21402841257105,69.69999694824219,,,1365.685684712474,88.77310180664062,5692665.0,11917.0,,,9879109.0,0.0
2025-09-29,,,322.1217956542969,67.97000122070312,,,1366.48193359375,88.67680358886719,322.9792568929243,69.93000030517578,,,1382.6073268149732,88.79399871826172,310.11725108745384,67.55000305175781,,,1361.7039763015719,88.5875015258789,311.2128976187752,69.47000122070312,,,1375.2413599514077,88.67680358886719,12616059.0,8229.0,,,14231999.0,0.0
2025-09-30,,,323.5985412597656,67.0199966430664,,,1357.722412109375,88.70449829101562,326.1232996129513,67.58999633789062,,,1370.7620971908361,88.87529754638672,321.2166882708444,66.91000366210938,,,1356.5279835173724,88.64579772949219,323.69382119439325,67.58999633789062,,,1370.7620971908361,88.70449829101562,6762730.0,46335.0,,,14604684.0,0.0
2025-10-01,,,323.6462097167969,65.3499984741211,,,1362.4007568359375,88.8406982421875,331.26813960991797,66.56999969482422,,,1372.255218175594,88.8541030883789,322.59818854142173,65.04000091552734,,,1356.4283707523282,88.6323013305664,324.884761694287,66.08999633789062,,,1360.7086293823172,88.8406982421875,9814406.0,44601.0,,,12045916.0,0.0
2025-10-02,,,,64.11000061035156,,,,88.68299865722656,,66.12000274658203,,,,88.92150115966797,,64.0,,,,88.57060241699219,,65.4000015258789,,,,88.68299865722656,,52074.0,,,,0.0
2025-10-03,,,325.40875244140625,64.52999877929688,,,1357.125244140625,88.72019958496094,328.6004413472097,65.0,,,1365.287456651113,88.7957992553711,321.645442063218,64.20999908447266,,,1350.6551591113212,88.6635971069336,327.74298006327786,64.30000305175781,,,1356.926091696157,88.72019958496094,5833883.0,38970.0,,,12842347.0,0.0
2025-10-06,,,327.36187744140625,65.47000122070312,,,1368.671875,88.73509979248047,329.17207988038103,65.7699966430664,,,1371.0608538471567,88.87969970703125,322.5505170051784,64.76000213623047,,,1352.7455113636363,88.69200134277344,325.83748572819195,64.81999969482422,,,1353.740909090909,88.73509979248047,5914399.0,38055.0,,,12396580.0,0.0
2025-10-07,,,325.7422180175781,65.44999694824219,,,1378.4267578125,88.72109985351562,329.88664814874153,65.83000183105469,,,1389.47564777439,88.77249908447266,324.9323821637305,64.5199966430664,,,1369.5676941462978,88.68180084228516,327.3618897252734,65.54000091552734,,,1369.667209612737,88.72109985351562,5934834.0,36191.0,,,11244040.0,0.0
2025-10-08,,,328.7909851074219,66.25,,,1361.1068115234375,88.74259948730469,333.4594110470093,66.52999877929688,,,1382.6073771032557,88.91950225830078,323.45562871559906,65.77999877929688,,,1358.2201339506064,88.71910095214844,325.1229257708341,65.80999755859375,,,1378.426755451918,88.74259948730469,7955678.0,38630.0,,,8525081.0,0.0
2025-10-09,,,327.7429504394531,65.22000122070312,,,1371.458984375,88.7771987915039,334.412138384442,66.55999755859375,,,1373.6488106871855,88.86080169677734,326.885489233025,64.95999908447266,,,1362.7989515764332,88.70439910888672,330.839359128198,66.08999633789062,,,1367.676424553763,88.7771987915039,7028656.0,40845.0,,,8826633.0,0.0
2025-10-10,,,322.6934509277344,62.72999954223633,,,1375.3409423828125,88.86540222167969,330.88700185687964,65.3499984741211,,,1381.6119964455866,88.8656005859375,321.26433915050853,62.130001068115234,,,1368.7713419175536,88.4928970336914,329.17207935435005,65.16999816894531,,,1371.45898859096,88.86540222167969,5737637.0,54929.0,,,6373084.0,0.0
2025-10-13,,,321.9788818359375,63.31999969482422,,,1368.671875,88.7573013305664,325.8374718460791,63.95000076293945,,,1371.3594002602317,88.80269622802734,319.31118918262956,62.66999816894531,,,1361.505059967041,88.56159973144531,324.4083601274559,62.66999816894531,,,1370.5631549835205,88.7573013305664,6785828.0,35368.0,,,7600682.0,0.0
2025-10-14,,,316.73883056640625,62.38999938964844,,,1369.5677490234375,88.66510009765625,324.2178258913223,63.619998931884766,,,1381.612037149334,88.81790161132812,315.02387892331325,61.5,,,1363.7943936365562,88.60079956054688,322.16943808114746,63.439998626708984,,,1373.6488553790207,88.66510009765625,4343927.0,44016.0,,,9768174.0,0.0
2025-10-15,,,321.9312438964844,61.90999984741211,,,1367.97509765625,88.78250122070312,324.6465621166393,63.02000045776367,,,1377.6304066718624,88.78269958496094,316.35770209203037,61.790000915527344,,,1366.382364141153,87.95980072021484,319.1206748171359,62.279998779296875,,,1376.6350089791804,88.78250122070312,16271995.0,40209.0,,,10882743.0,0.0
2025-10-16,,,320.0257568359375,61.060001373291016,,,1391.8646240234375,87.80950164794922,322.9316348827738,62.75,,,1394.0544503152107,88.00150299072266,317.7868092458449,60.84000015258789,,,1368.671809484766,87.53189849853516,322.9316348827738,62.439998626708984,,,1368.7713249510273,87.80950164794922,6279302.0,46229.0,,,12315932.0,0.0
2025-10-17,,,319.9781494140625,61.290000915527344,,,1410.279541015625,87.9906997680664,322.3123479933173,61.45000076293945,,,1416.7496262080865,88.09400177001953,316.97702034053196,60.150001525878906,,,1392.6609284325848,87.689697265625,320.21633472268167,61.11000061035156,,,1394.5522084059296,87.9906997680664,7824777.0,50372.0,,,19335561.0,0.0
2025-10-20,,,321.74072265625,61.0099983215332,,,1460.04931640625,88.0022964477539,323.9796412701485,61.54999923706055,,,1467.0170999313523,88.01129913330078,319.6446803353843,60.06999969482422,,,1426.7034952504036,87.49960327148438,320.3592362526765,61.43000030517578,,,1433.3726108781723,88.0022964477539,6134873.0,33883.0,,,24721978.0,0.0
2025-10-21,,,323.0268859863281,61.31999969482422,,,1458.4566650390625,87.87999725341797,324.17018703437174,62.09000015258789,,,1467.2162134241023,88.08360290527344,321.7407086514708,60.34000015258789,,,1453.2806455896807,87.84190368652344,323.36035121495365,60.90999984741211,,,1461.2438272093502,87.87999725341797,404063.0,45150.0,,,2066169.0,0.0
2025-10-22,,,,62.59000015258789,,,,88.00160217285156,,63.91999816894531,,,,87.99810028076172,,61.400001525878906,,,,87.61039733886719,,61.619998931884766,,,,88.00160217285156,,46114.0,,,,0.0
2025-10-23,,,315.64312744140625,65.98999786376953,,,1441.7340087890625,87.74030303955078,324.0748923291697,66.33999633789062,,,1476.0752283864208,88.03109741210938,314.4522010187095,63.849998474121094,,,1437.9514490416038,87.71610260009766,323.9319869735165,64.25,,,1468.2115624957596,87.74030303955078,8457356.0,87705.0,,,18707090.0,0.0
2025-10-24,,,314.8333435058594,65.94000244140625,,,1444.9193115234375,87.77899932861328,318.5966538285666,66.7699966430664,,,1453.0816457634617,87.8582992553711,311.73693458288744,65.44000244140625,,,1434.3681199531734,87.63600158691406,314.5475036985263,65.87000274658203,,,1443.3266994671071,87.77899932861328,8260920.0,38354.0,,,9700837.0,0.0
2025-10-27,,,326.79022216796875,65.62000274658203,,,1477.2696533203125,87.8290023803711,327.2665927542194,66.5999984741211,,,1478.16553552233,88.31719970703125,315.5955133910777,65.08000183105469,,,1451.289798512833,87.70939636230469,316.9769997213459,66.26000213623047,,,1456.266786847925,87.8290023803711,11767585.0,32237.0,,,14113867.0,0.0
2025-10-28,,,324.5513000488281,64.4000015258789,,,1480.056884765625,88.22209930419922,329.17210091289354,65.79000091552734,,,1485.1333888036675,88.41649627685547,323.5509333693942,64.0,,,1470.79963742504,88.15979766845703,327.7429890420706,65.79000091552734,,,1477.26972256393,88.22209930419922,6156249.0,33807.0,,,17631577.0,0.0
2025-10-29,,,331.64923095703125,64.91999816894531,,,1497.277099609375,88.22550201416016,332.50669225666223,65.37999725341797,,,1501.3583271895798,88.45020294189453,324.74185697748743,63.93000030517578,,,1481.2512217130793,88.13819885253906,325.742223647831,64.48999786376953,,,1483.1425015536738,88.22550201416016,9756868.0,16478.0,,,11884745.0,0.0
2025-10-30,,,340.70025634765625,65.0,,,1481.6494140625,88.34559631347656,342.7962695265259,65.16000366210938,,,1496.1821955688695,88.7511978149414,328.98152223144064,64.05999755859375,,,1477.1701246011085,88.29679870605469,333.4594174675753,64.8499984741211,,,1493.0964871305005,88.34559631347656,14807100.0,10024.0,,,9318663.0,0.0
2025-10-31,,,339.93804931640625,65.06999969482422,,,1479.5592041015625,88.6344985961914,343.51082882467296,65.5,,,1490.6080945575152,88.9115982055664,338.31840671787114,64.5199966430664,,,1475.4780977270138,88.5636978149414,341.08135038919323,64.75,,,1483.540795005222,88.6344985961914,7532962.0,44972.0,,,8758053.0,0.0
2025-11-03,,,349.94183349609375,64.88999938964844,,,1477.866943359375,88.77539825439453,352.03787578040834,65.30999755859375,,,1488.1195884585134,88.91500091552734,339.4140547950486,64.33000183105469,,,1472.4918928888083,88.68930053710938,344.8446913019111,65.06999969482422,,,1479.1610089962214,88.77539825439453,20107281.0,0.0,,,8452085.0,0.0
2025-11-04,,,355.3248596191406,64.44000244140625,,,1466.3203125,88.72339630126953,356.27760086592707,64.83999633789062,,,1485.9297198935935,88.77449798583984,350.7516841893525,63.83000183105469,,,1463.334119430687,88.30650329589844,352.3713559390316,64.81999969482422,,,1477.07065615293,88.72339630126953,12649509.0,36655.0,,,10007806.0,0.0
2025-11-05,,,,63.52000045776367,,,,88.73200225830078,,64.94000244140625,,,,88.78450012207031,,63.43000030517578,,,,88.54920196533203,,64.26000213623047,,,,88.73200225830078,,42320.0,,,,0.0
2025-11-06,,,350.5611572265625,63.380001068115234,,,1489.2144775390625,88.55690002441406,362.0416777459972,64.33000183105469,,,1494.6891648996161,88.68170166015625,349.89422671636174,62.83000183105469,,,1469.406038969176,88.4114990234375,362.0416777459972,63.58000183105469,,,1477.1701896475465,88.55690002441406,11803637.0,43138.0,,,16772678.0,0.0
2025-11-07,,,357.0773010253906,63.630001068115234,,,1471.19775390625,88.6729965209961,357.7581085256681,64.37999725341797,,,1491.5038906434634,88.72039794921875,349.8803246067937,63.2400016784668,,,1469.1074431042953,88.6001968383789,350.12346590255936,63.63999938964844,,,1487.7213309001133,88.6729965209961,11711108.0,36620.0,,,7821765.0,0.0
2025-11-10,,,355.1321716308594,64.05999755859375,,,1482.44580078125,88.65799713134766,359.65459380840673,64.30999755859375,,,1494.0919049344996,88.74230194091797,353.67332385227417,63.33000183105469,,,1468.7092643110286,88.51419830322266,356.25061565837456,63.689998626708984,,,1471.0982430243503,88.65799713134766,6934285.0,30891.0,,,7068438.0,0.0
2025-11-11,,,363.88525390625,65.16000366210938,,,1486.5269775390625,88.70709991455078,364.56606140016515,65.29000091552734,,,1491.9021495222175,88.71649932861328,350.17207901715193,63.61000061035156,,,1473.3876547459602,88.41960144042969,354.986288500456,63.970001220703125,,,1490.1103850249956,88.70709991455078,10689646.0,41959.0,,,7127506.0,0.0
2025-11-12,,,365.14959716796875,62.709999084472656,,,1504.5435791015625,88.46649932861328,368.6994540267611,65.20999908447266,,,1517.6827797499902,88.65370178222656,363.3503457057408,62.560001373291016,,,1493.0965058897411,88.46649932861328,364.9064558806496,65.20999908447266,,,1498.0734942427068,88.46649932861328,9316462.0,42279.0,,,12384459.0,0.0
2025-11-13,,,364.663330078125,63.0099983215332,,,1503.9464111328125,88.59400177001953,368.35906593017523,63.439998626708984,,,1515.0948167835015,88.79910278320312,361.89151334892017,62.34000015258789,,,1499.8653048593553,88.58209991455078,366.7543393017938,62.66999816894531,,,1508.0275174062697,88.59390258789062,9719258.0,36603.0,,,7196443.0,0.0
2025-11-14,,,360.9675598144531,64.38999938964844,,,1511.9095458984375,88.81610107421875,369.3316262798328,64.8499984741211,,,1513.900341239272,88.81620025634766,359.3142168203474,63.04999923706055,,,1498.5711928131457,88.63249969482422,363.73937650732705,63.04999923706055,,,1498.5711928131457,88.81620025634766,6848609.0,58912.0,,,7682823.0,0.0
2025-11-17,,,363.9825134277344,64.19999694824219,,,1511.3123779296875,88.68199920654297,371.08222726841984,64.72000122070312,,,1516.6874283079178,88.74349975585938,361.79424180392033,63.65999984741211,,,1504.5436249599409,88.56430053710938,362.37778683967076,64.0199966430664,,,1513.900387650411,88.68199920654297,9063998.0,33667.0,,,5871416.0,0.0
2025-11-18,,,361.64837646484375,64.88999938964844,,,1512.4072265625,88.63590240478516,366.5598188650518,65.08000183105469,,,1520.7685911952462,88.69400024414062,360.48128634977724,63.61000061035156,,,1503.5481631005248,88.53569793701172,365.5386372746195,64.0,,,1514.696568271851,88.63590240478516,7729409.0,36791.0,,,11045042.0,0.0
2025-11-19,,,355.6184387207031,63.5099983215332,,,1511.9095458984375,88.55680084228516,362.66953600980906,64.86000061035156,,,1515.2939222795571,88.6082992553711,354.84039847817627,62.869998931884766,,,1505.0412776708577,88.40899658203125,361.64835448145095,64.7300033569336,,,1510.4164493928117,88.55699920654297,7056032.0,38776.0,,,5692366.0,0.0
2025-11-20,,,355.034912109375,63.380001068115234,,,1541.9705810546875,88.48719787597656,358.682031585969,64.38999938964844,,,1543.7623455509595,88.73829650878906,353.33292302029776,62.95000076293945,,,1519.6736478639639,88.4635009765625,356.9314261093376,63.59000015258789,,,1522.9585089376258,88.48729705810547,9025414.0,42345.0,,,18171724.0,0.0
2025-11-21,,,354.5486145019531,62.560001373291016,,,1539.4820556640625,88.69219970703125,357.7580973136764,63.13999938964844,,,1550.6305827884978,89.72579956054688,353.4301705125494,61.869998931884766,,,1533.0119706260582,88.60279846191406,355.03489707824457,63.130001068115234,,,1533.9078528560988,88.69229888916016,7177944.0,43029.0,,,9615271.0,0.0
2025-11-24,,,349.7830505371094,63.369998931884766,,,1528.831298828125,89.63400268554688,357.1745516190015,63.529998779296875,,,1542.8663816107544,89.64129638671875,347.9837990721247,61.93000030517578,,,1524.7501927010492,89.01580047607422,354.5486138397987,62.560001373291016,,,1542.8663816107544,89.63400268554688,13807356.0,30888.0,,,18433951.0,0.0
2025-11-25,,,346.0873107910156,62.47999954223633,,,1532.61376953125,89.14779663085938,349.10226865921743,63.40999984741211,,,1552.4222077972818,89.26200103759766,343.9963016773754,61.61000061035156,,,1518.0809876078647,88.96649932861328,349.10226865921743,63.40999984741211,,,1528.8313312270848,89.14779663085938,4113590.0,26580.0,,,15033482.0,0.0
2025-11-26,,,357.5635681152344,63.130001068115234,,,1562.6748046875,89.15059661865234,357.90397185061533,63.20000076293945,,,1564.3669320995493,89.28790283203125,346.3304526099908,62.119998931884766,,,1533.4100892950657,89.1532974243164,347.01123040042006,62.599998474121094,,,1535.2018536795324,89.1532974243164,7651793.0,21288.0,,,14054299.0,0.0
2025-11-27,,,354.69451904296875,,,,1556.2047119140625,89.16300201416016,358.82792089511037,,,,1568.2489991897637,89.40630340576172,351.58229871745846,,,,1548.8387449947777,89.13800048828125,358.82792089511037,,,,1567.7513003642512,89.1624984741211,5180488.0,,,,9794643.0,0.0
2025-11-28,,,349.2481689453125,63.20000076293945,,,1560.285888671875,89.36479949951172,356.9314280824092,63.459999084472656,,,1574.0224254817672,89.61869812011719,348.76188634574515,62.810001373291016,,,1555.806599039324,89.05500030517578,355.76433797131386,63.0099983215332,,,1560.7835875199362,89.36489868164062,3459790.0,31795.0,,,8959508.0,0.0
2025-12-01,,,344.2880859375,63.16999816894531,,,1558.892333984375,89.3499984741211,351.5823250463453,63.810001373291016,,,1570.2398922139623,89.7970962524414,342.73197565821266,62.689998626708984,,,1556.403839701944,89.31659698486328,351.5823250463453,62.689998626708984,,,1567.7513979315313,89.3572998046875,4470807.0,31203.0,,,8920233.0,0.0
2025-12-02,,,348.9077453613281,62.45000076293945,,,1539.1834716796875,89.61270141601562,351.24189577053596,63.43000030517578,,,1560.2858537619331,89.99299621582031,344.5312022139386,62.16999816894531,,,1534.9032130787248,89.5802993774414,345.9900499297351,63.29999923706055,,,1553.9152843475838,89.61270141601562,9468149.0,39539.0,,,11389150.0,0.0
2025-12-03,,,348.5673522949219,62.66999816894531,,,1531.718017578125,89.91719818115234,351.0960276824411,63.349998474121094,,,1545.2554018922647,90.30400085449219,346.03867690740265,62.16999816894531,,,1525.9446623591427,89.8427963256836,349.15089733517,62.43000030517578,,,1538.0884656023031,89.91719818115234,6169622.0,40622.0,,,6090883.0,0.0
2025-12-04,,,346.23321533203125,63.2599983215332,,,1528.53271484375,90.17050170898438,351.6795864530965,63.61000061035156,,,1553.3181423785347,90.45210266113281,343.8018023030142,62.529998779296875,,,1510.6155558800758,89.72579956054688,350.1234761784586,62.7599983215332,,,1528.9308982335338,90.17060089111328,5798181.0,32164.0,,,11867930.0,0.0
2025-12-05,,,350.41522216796875,63.75,,,1533.5096435546875,89.8364028930664,351.6795747090365,64.08000183105469,,,1538.685784402705,90.07720184326172,343.6072659140672,63.06999969482422,,,1513.6016899280953,89.6980972290039,346.2332037698485,63.29999923706055,,,1523.356635808528,89.8364028930664,3479044.0,26349.0,,,10183266.0,0.0
2025-12-08,,,347.74066162109375,62.4900016784668,,,1535.898681640625,89.93800354003906,353.04115362338536,63.959999084472656,,,1543.861863398969,90.23870086669922,345.40651116956775,62.349998474121094,,,1527.9354998822807,89.84819793701172,353.04115362338536,63.900001525878906,,,1532.1161217020071,89.93800354003906,6762135.0,38815.0,,,11301491.0,0.0
2025-12-09,,,345.30926513671875,61.939998626708984,,,1522.3612060546875,90.12999725341797,348.9077682774986,62.779998779296875,,,1535.4008911036892,90.16850280761719,343.266901944728,61.83000183105469,,,1513.1039592099478,89.8053970336914,347.7406781560741,62.5,,,1533.211064854301,90.12989807128906,5612269.0,32575.0,,,11503971.0,0.0
2025-12-10,,,345.4065246582031,62.209999084472656,,,1529.8267822265625,89.91690063476562,350.07485542389355,62.72999954223633,,,1540.3779737710465,90.0470962524414,343.0723741155251,61.349998474121094,,,1524.3520947592017,89.7531967163086,345.3092622021885,62.13999938964844,,,1526.9401045329791,89.91699981689453,8521964.0,45191.0,,,7991629.0,0.0
2025-12-11,,,341.6621398925781,61.279998779296875,,,1537.889404296875,89.79299926757812,346.5736119177208,62.619998931884766,,,1542.8663926602953,90.65029907226562,339.5225142795365,60.75,,,1516.9860531705099,89.79299926757812,345.4065218158187,62.619998931884766,,,1529.826707449835,89.79299926757812,4491115.0,48635.0,,,4706197.0,0.0
2025-12-12,,,355.034912109375,61.119998931884766,,,1549.3365478515625,90.25299835205078,356.5910223554553,61.849998474121094,,,1552.62140892391,90.64469909667969,342.8292307998406,60.810001373291016,,,1538.9843872841,90.17530059814453,342.8292307998406,61.599998474121094,,,1543.6628294631555,90.2509994506836,6101145.0,42931.0,,,5106655.0,0.0
2025-12-15,,,356.9314270019531,60.560001373291016,,,1549.037841796875,90.5770034790039,359.31422360475386,61.5,,,1551.4268205626304,90.77239990234375,351.1932982804954,60.130001068115234,,,1539.3825327747268,90.39340209960938,355.0835590652579,61.15999984741211,,,1544.060853330096,90.5770034790039,6128925.0,42976.0,,,5774543.0,0.0
2025-12-16,,,358.04986572265625,58.91999816894531,,,1535.201904296875,90.77690124511719,358.92516845015825,60.40999984741211,,,1544.5585453663573,91.072998046875,351.7768381086136,58.720001220703125,,,1531.7180123854912,90.75279998779297,356.6882804042827,60.33000183105469,,,1537.8894294536826,90.77690124511719,4332510.0,48212.0,,,11731856.0,0.0
2025-12-17,,,358.244384765625,59.68000030517578,,,1537.292236328125,90.94889831542969,362.6209280118121,60.65999984741211,,,1542.8664391614582,91.06549835205078,355.95885068988287,58.90999984741211,,,1532.2157323461342,89.82060241699219,359.84911135316025,58.939998626708984,,,1542.8664391614582,90.9489974975586,6872112.0,50078.0,,,7116649.0,0.0
2025-12-18,,,353.3815612792969,59.81999969482422,,,1537.292236328125,90.4136962890625,359.0710734731258,60.720001220703125,,,1544.3595357154854,90.4573974609375,351.5823097745361,59.54999923706055,,,1528.1345045583196,90.0458984375,357.9039833942719,60.63999938964844,,,1528.1345045583196,90.41629791259766,3880069.0,31064.0,,,6580829.0,0.0
2025-12-19,,,355.9102478027344,60.470001220703125,,,1557.8968505859375,90.25579833984375,357.36909560679476,60.63999938964844,,,1566.9549449740825,90.29299926757812,352.1658658362458,59.40999984741211,,,1543.8617679066683,89.21189880371094,353.9651173973205,59.77000045776367,,,1547.2461442463334,90.26129913330078,6515994.0,36104.0,,,13937275.0,0.0
2025-12-22,,,359.7518615722656,62.06999969482422,,,1568.1495361328125,89.56999969482422,360.52993154052757,62.15999984741211,,,1570.2398469681211,89.77189636230469,354.54863181578895,60.560001373291016,,,1558.0960438231807,89.3949966430664,355.9102468401638,60.56999969482422,,,1566.2582562309594,89.56999969482422,3949754.0,35138.0,,,10184852.0,0.0
2025-12-23,,,359.84912109375,62.380001068115234,,,1563.4710693359375,89.60389709472656,363.25309926625846,62.54999923706055,,,1573.6241984599117,89.83300018310547,358.43888969300565,61.72999954223633,,,1560.8830596994947,89.43090057373047,359.7518586384686,61.9900016784668,,,1573.6241984599117,89.60399627685547,3379297.0,26231.0,,,7506564.0,0.0
2025-12-24,,,355.8616027832031,62.2400016784668,,,1551.0286865234375,89.50789642333984,361.2593574823357,62.720001220703125,,,1568.448146711295,89.8656997680664,354.79177512100557,62.02000045776367,,,1546.4498812900458,89.4229965209961,359.75186360549634,62.43000030517578,,,1565.4619535362338,89.50789642333984,2339154.0,14966.0,,,8815745.0,0.0
2025-12-26,,,355.9588623046875,60.63999938964844,,,1552.0240478515625,90.10590362548828,358.0985176114396,62.689998626708984,,,1553.8158123179846,90.10900115966797,351.77684382734,60.59000015258789,,,1547.1466963201515,89.54869842529297,355.42396331816667,62.349998474121094,,,1547.5447581940155,90.10590362548828,2997958.0,9687.0,,,2311495.0,0.0
2025-12-29,,,361.40521240234375,61.939998626708984,,,1538.4866943359375,89.82929992675781,361.7942325227533,62.150001525878906,,,1550.9291658570105,90.3550033569336,354.7917516340508,60.95000076293945,,,1536.495898892566,89.76360321044922,355.9588416756121,61.040000915527344,,,1547.7439417510202,89.81430053710938,4666863.0,9170.0,,,5972105.0,0.0
2025-12-30,,,359.3628234863281,61.91999816894531,,,1532.71337890625,89.9000015258789,365.8303758078639,62.33000183105469,,,1546.449793829553,89.99009704589844,358.0985006614864,61.5099983215332,,,1530.7225835687998,89.68579864501953,361.59971146268896,61.70000076293945,,,1539.8801935176687,89.90019989013672,8567519.0,30567.0,,,8815884.0,0.0
2025-12-31,,,373.46502685546875,60.849998474121094,,,1563.172607421875,89.76940155029297,375.4101572036743,61.90999984741211,,,1569.7422080874378,89.93800354003906,358.876549243927,60.619998931884766,,,1533.9078900841737,89.64399719238281,359.3628318309784,61.27000045776367,,,1533.9078900841737,89.76969909667969,12051156.0,30919.0,,,5771830.0,0.0
2026-01-01,,,371.0335998535156,,,,1568.3485107421875,,377.5011520800333,,,,1585.1707553042595,,368.74806584495695,,,,1563.8692213237453,,375.7991630898796,,,,1566.457230908256,,6554899.0,,,,6408128.0,
2026-01-02,,,370.9849853515625,60.75,,,1584.9718017578125,89.96189880371094,375.02112475548716,61.36000061035156,,,1587.2611435561273,90.3147964477539,367.53236128867167,60.0,,,1570.9365970213464,89.83650207519531,371.51988430762106,60.91999816894531,,,1572.7283614795997,89.96189880371094,3614573.0,33381.0,,,6602230.0,0.0
2026-01-05,,,367.5323791503906,61.7599983215332,,,1570.8370361328125,90.00700378417969,374.8752641388048,61.880001068115234,,,1604.3820104615531,90.30829620361328,364.1284009873777,59.7599983215332,,,1568.049995566515,90.00700378417969,369.5747719842653,60.88999938964844,,,1585.6684856930358,90.00700378417969,5243413.0,45681.0,,,8704973.0,0.0
2026-01-06,,,360.6271667480469,60.70000076293945,,,1500.6614990234375,90.23300170898438,367.4351231944904,62.31999969482422,,,1561.77894010158,90.25700378417969,354.0137352150642,60.400001525878906,,,1489.4135782872731,90.05999755859375,367.3865068062925,61.790000915527344,,,1561.77894010158,90.23290252685547,6881934.0,48263.0,,,27417125.0,0.0
2026-01-07,,,358.0985107421875,59.959999084472656,,,1497.277099609375,90.16609954833984,363.15583186425414,60.90999984741211,,,1513.004431115157,90.21800231933594,356.44513806592823,59.45000076293945,,,1491.1056827700695,89.74700164794922,361.356580347227,60.61000061035156,,,1503.0504545946628,90.14739990234375,6613161.0,71788.0,,,11199340.0,0.0
2026-01-08,,,344.8229675292969,61.9900016784668,,,1463.831787109375,89.8644027709961,356.4937495143967,63.0099983215332,,,1496.9785780764303,90.12329864501953,342.53746313481486,59.95000076293945,,,1462.040144211037,89.72899627685547,356.1533754507647,60.349998474121094,,,1493.0965028672745,89.83799743652344,7714421.0,64136.0,,,16518684.0,0.0
2026-01-09,,,344.4339599609375,63.34000015258789,,,1468.51025390625,89.90540313720703,349.7830685658606,63.90999984741211,,,1473.0890589574892,90.36399841308594,342.5374756273927,61.84000015258789,,,1458.2576091430024,89.81610107421875,343.315515915975,62.66999816894531,,,1458.2576091430024,89.90540313720703,5252007.0,56568.0,,,8335311.0,0.0
2026-01-12,,,348.9077453613281,63.869998931884766,,,1476.373779296875,90.23600006103516,349.24814909774716,64.27999877929688,,,1478.4642116159973,90.42919921875,339.9601341656432,62.7599983215332,,,1444.322022844729,90.12049865722656,343.89904080649336,63.40999984741211,,,1468.5102348906719,90.23600006103516,4474234.0,56900.0,,,8883745.0,0.0
2026-01-13,,,345.35791015625,65.47000122070312,,,1446.11376953125,90.13269805908203,350.26935256829506,65.91000366210938,,,1478.9618923221497,90.44860076904297,342.39156847344617,63.849998474121094,,,1438.050951275772,90.13269805908203,350.12347372364377,64.16999816894531,,,1478.165525590484,90.13269805908203,3681627.0,80180.0,,,13499760.0,0.0
2026-01-14,,,347.1084899902344,66.5199966430664,,,1452.086181640625,90.27300262451172,348.66460013891526,66.80999755859375,,,1460.2483939989072,90.4468002319336,341.5162404761513,63.470001220703125,,,1433.5716876182923,89.98500061035156,344.77433960737926,65.44000244140625,,,1437.3542473990606,90.27300262451172,7777436.0,96568.0,,,8321764.0,0.0
2026-01-15,,,347.1084899902344,63.7599983215332,,,1452.086181640625,90.18319702148438,347.1084899902344,65.69000244140625,,,1452.086181640625,90.42379760742188,347.1084899902344,63.279998779296875,,,1452.086181640625,90.18199920654297,347.1084899902344,65.69000244140625,,,1452.086181640625,90.18319702148438,0.0,54944.0,,,0.0,0.0
2026-01-16,,,353.2356872558594,64.12999725341797,,,1451.1903076171875,90.36160278320312,357.6608469778776,64.7699966430664,,,1473.1885721290346,90.86299896240234,348.1783364189808,63.45000076293945,,,1448.4031454989463,90.27570343017578,348.1783364189808,63.79999923706055,,,1452.0861898343726,90.36160278320312,6243090.0,35235.0,,,17167161.0,0.0
2026-01-19,,,351.33917236328125,,,,1407.0941162109375,90.7020034790039,356.93142216560335,,,,1443.9238298491432,91.00029754638672,349.102284314486,,,,1396.8415931572963,90.5958023071289,354.01372661656575,,,,1443.9238298491432,90.7020034790039,4545354.0,,,,20392765.0,0.0
2026-01-20,,,345.4551696777344,64.91999816894531,,,1387.5843505859375,90.90450286865234,351.0960359454443,65.12000274658203,,,1409.4830993039366,91.04810333251953,343.3155143732461,63.2599983215332,,,1383.6027599099377,90.86930084228516,351.0960359454443,63.560001373291016,,,1404.207443054835,90.90450286865234,6408732.0,78657.0,,,13189498.0,0.0
2026-01-21,,,342.2943115234375,65.23999786376953,,,1398.1356201171875,91.11840057373047,348.90774257680204,65.41000366210938,,,1406.3974698374059,91.80999755859375,336.0212545234428,63.630001068115234,,,1366.681076311502,91.00270080566406,344.28805818031475,64.01000213623047,,,1383.105138772638,91.11830139160156,6076732.0,52906.0,,,17352720.0,0.0
2026-01-22,,,344.4339599609375,64.05999755859375,,,1396.0452880859375,91.53690338134766,351.29056243544875,65.37000274658203,,,1412.9670491536458,91.66500091552734,344.0935562045573,63.560001373291016,,,1388.5798052619484,91.09310150146484,345.26064631776524,65.13999938964844,,,1403.610286379211,91.53700256347656,4615713.0,49453.0,,,15721693.0,0.0
2026-01-23,,,339.5711364746094,65.87999725341797,,,1379.720703125,91.55829620361328,351.9713428779779,66.20999908447266,,,1400.5245389866304,91.97599792480469,338.6472173351082,64.23999786376953,,,1374.6441992470054,91.4229965209961,346.23321408621155,64.27999877929688,,,1395.348519642108,91.55829620361328,5338663.0,34015.0,,,9837802.0,0.0
2026-01-26,,,,65.58999633789062,,,,91.5009994506836,,66.51000213623047,,,,91.78759765625,,65.27999877929688,,,,91.38400268554688,,66.06999969482422,,,,91.5927963256836,,25795.0,,,,0.0
2026-01-27,,,347.59478759765625,67.56999969482422,,,1374.146484375,91.71309661865234,350.02620053507735,67.77999877929688,,,1385.195374217857,91.88800048828125,340.93271021305566,65.0,,,1361.7040134914885,91.5031967163086,348.17833263870403,65.7300033569336,,,1373.6487855396595,91.71309661865234,11887552.0,34327.0,,,26302396.0,0.0
2026-01-28,,,352.40899658203125,68.4000015258789,,,1390.2718505859375,91.5343017578125,355.86159107609944,68.69999694824219,,,1403.4111724845945,92.32749938964844,347.59478710068703,67.12999725341797,,,1378.526231208921,91.41809844970703,350.60974507484536,67.7699966430664,,,1378.6257466723232,91.5343017578125,12428097.0,23555.0,,,11121657.0,0.0
2026-01-29,,,356.8828125,70.70999908447266,,,1384.59814453125,92.04080200195312,357.8067316330623,71.87999725341797,,,1396.4434009824272,92.13009643554688,347.4489181749699,68.61000061035156,,,1377.6303609139109,91.80560302734375,352.40900663781736,68.66999816894531,,,1396.4434009824272,92.04080200195312,14186586.0,26980.0,,,20846683.0,0.0
2026-01-30,,,354.5,70.69000244140625,,,1388.9779052734375,91.78189849853516,357.9039780521262,70.91999816894531,,,1391.5659148620384,92.0177993774414,349.6371742112483,69.11000061035156,,,1372.1556606847782,91.78199768066406,356.639655219184,70.16000366210938,,,1376.236766748553,91.78199768066406,12639803.0,85305.0,,,11239835.0,0.0
2026-02-02,,,366.70001220703125,66.30000305175781,,,1384.0009765625,91.68699645996094,367.6000061035156,68.80999755859375,,,1386.4894707948447,92.01950073242188,351.0,65.45999908447266,,,1329.35361891851,90.90809631347656,353.0,68.72000122070312,,,1333.8329085367304,91.68240356445312,12038292.0,80104.0,,,15711165.0,0.0
2026-02-03,,,373.45001220703125,67.33000183105469,,,1430.4859619140625,90.24559783935547,374.70001220703125,68.2699966430664,,,1482.6448239290096,90.5322036743164,358.29998779296875,65.19000244140625,,,1423.6176937150067,90.02780151367188,372.0,66.30000305175781,,,1467.1166446366906,90.24559783935547,12411365.0,83736.0,,,25456171.0,0.0
2026-02-04,,,382.45001220703125,69.45999908447266,,,1450.095458984375,90.42289733886719,383.20001220703125,69.75,,,1457.2622740237098,90.52799987792969,370.3500061035156,66.98999786376953,,,1433.6713964697635,90.23600006103516,373.0,67.94000244140625,,,1437.3543194605445,90.42289733886719,8138573.0,98236.0,,,8333387.0,0.0
2026-02-05,,,382.04998779296875,67.55000305175781,,,1436.757080078125,90.125,391.6499938964844,68.94000244140625,,,1454.7737543419996,90.51580047607422,378.3500061035156,66.91999816894531,,,1432.8750047042822,90.0708999633789,386.0,68.83000183105469,,,1450.2944646433757,90.125,8446290.0,65248.0,,,11763658.0,0.0
2026-02-06,,,386.3500061035156,68.05000305175781,,,1444.123046875,90.3147964477539,386.8999938964844,68.81999969482422,,,1446.113842295832,90.81999969482422,381.3500061035156,66.58000183105469,,,1426.9026178813986,90.17729949951172,382.5,67.41000366210938,,,1434.865799564727,90.3147964477539,7988984.0,79538.0,,,8277304.0,0.0
2026-02-09,,,388.29998779296875,69.04000091552734,,,1454.873291015625,90.58799743652344,389.5,69.44000244140625,,,1459.153549837875,90.79100036621094,382.8999938964844,67.02999877929688,,,1446.3128948796364,90.3655014038086,386.5,67.51000213623047,,,1451.2898835062008,90.58899688720703,5171617.0,51346.0,,,5775864.0,0.0
2026-02-10,,,386.3500061035156,68.80000305175781,,,1451.7874755859375,90.82279968261719,388.0,69.5,,,1464.2299462371711,90.77649688720703,381.8999938964844,68.48999786376953,,,1445.5164217743147,90.46440124511719,386.0,69.1500015258789,,,1464.2299462371711,90.76020050048828,3114005.0,45779.0,,,10259630.0,0.0
2026-02-11,,,387.6000061035156,69.4000015258789,,,1461.9405517578125,90.58789825439453,390.8999938964844,70.72000122070312,,,1463.234617369774,90.81169891357422,386.0,69.01000213623047,,,1446.91007080626,90.4657974243164,388.0,69.11000061035156,,,1452.882456999606,90.58809661865234,5156493.0,49482.0,,,7106877.0,0.0
2026-02-12,,,377.70001220703125,67.5199966430664,,,1442.231689453125,90.73570251464844,389.5,69.83999633789062,,,1466.2207486838624,90.73609924316406,373.54998779296875,67.08999633789062,,,1438.8473131178025,90.3646011352539,387.04998779296875,69.63999938964844,,,1463.2345557130195,90.73580169677734,6352805.0,48058.0,,,11135399.0,0.0
2026-02-13,,,374.1000061035156,67.75,,,1413.0665283203125,90.56410217285156,378.3999938964844,68.05000305175781,,,1444.0233720001163,90.7500991821289,372.95001220703125,66.88999938964844,,,1409.7817888672503,90.5072021484375,377.45001220703125,67.58999633789062,,,1438.8473526451965,90.56420135498047,2696607.0,42167.0,,,10755693.0,0.0
2026-02-16,,,374.3500061035156,,,,1430.4859619140625,90.57119750976562,375.29998779296875,,,,1432.9744560797708,90.8218994140625,369.04998779296875,,,,1402.8139796964888,90.52210235595703,372.6499938964844,,,,1413.564201587246,90.5552978515625,1709180.0,,,,5896514.0,0.0
2026-02-17,,,374.95001220703125,67.41999816894531,,,1416.450927734375,90.78299713134766,375.79998779296875,69.02999877929688,,,1425.2104761017015,90.79910278320312,366.54998779296875,66.83000183105469,,,1412.0711535507119,90.62220001220703,374.3500061035156,68.05999755859375,,,1424.5136248062843,90.78289794921875,2646518.0,74745.0,,,10731630.0,0.0
2026-02-18,,,380.8999938964844,70.3499984741211,,,1434.666748046875,90.6261978149414,381.3999938964844,70.68000030517578,,,1435.4629932986807,90.7510986328125,375.75,67.33999633789062,,,1412.6683617554224,90.58200073242188,377.0,67.51000213623047,,,1420.4325123887006,90.6261978149414,2527223.0,56115.0,,,5521096.0,0.0
2026-02-19,,,367.6499938964844,71.66000366210938,,,1403.0130615234375,90.79350280761719,378.8500061035156,72.12999725341797,,,1436.3588845536149,91.21410369873047,365.0,70.05000305175781,,,1393.5567833507007,90.73480224609375,377.45001220703125,70.05000305175781,,,1436.3588845536149,90.79340362548828,5506935.0,73081.0,,,11884664.0,0.0
2026-02-20,,,366.29998779296875,71.76000213623047,,,1412.8675537109375,91.04109954833984,367.8999938964844,72.31999969482422,,,1420.8307355027325,91.0907974243164,362.29998779296875,71.08000183105469,,,1399.6287153786739,90.72989654541016,364.8500061035156,71.73999786376953,,,1403.013091941889,91.04109954833984,6928709.0,40579.0,,,8177670.0,0.0
2026-02-23,,,372.1000061035156,71.48999786376953,,,1421.4278564453125,90.72660064697266,376.70001220703125,72.4800033569336,,,1428.2961245911818,90.97039794921875,366.6499938964844,70.73999786376953,,,1411.772547760535,90.67179870605469,370.0,71.23999786376953,,,1418.4416634695872,90.76480102539062,7760029.0,28933.0,,,7758856.0,0.0
2026-02-24,,,374.45001220703125,70.7699966430664,,,1422.2242431640625,91.02010345458984,376.0,72.23999786376953,,,1426.7035326906043,91.02310180664062,369.0,70.70999908447266,,,1408.4877066792656,90.82479858398438,370.0,71.47000122070312,,,1418.7403513100855,91.01509857177734,7718539.0,37988.0,,,12529409.0,0.0
2026-02-25,,,381.04998779296875,70.8499984741211,,,1392.063720703125,90.91799926757812,381.8999938964844,71.76000213623047,,,1433.8704252219175,90.95999908447266,374.0,70.44999694824219,,,1387.0867320699354,90.85310363769531,376.1000061035156,71.22000122070312,,,1428.395737725409,90.91809844970703,7003584.0,18491.0,,,10728792.0,0.0
2026-02-26,,,386.0,70.75,,,1400.3255615234375,90.95099639892578,387.0,72.58999633789062,,,1406.397463315574,91.06600189208984,378.54998779296875,69.31999969482422,,,1385.4941111892442,90.80899810791016,380.0,71.11000061035156,,,1392.0637118415314,90.95120239257812,4800186.0,17725.0,,,16683858.0,0.0
2026-02-27,,,385.3999938964844,72.4800033569336,,,1387.48486328125,91.00740051269531,389.8999938964844,72.98999786376953,,,1403.9089251530934,91.1323013305664,382.5,70.44000244140625,,,1381.711508080472,90.89430236816406,386.6499938964844,70.5,,,1391.5659695052796,91.00740051269531,9020770.0,79435.0,,,12031440.0,0.0
2026-03-02,,,374.79998779296875,77.73999786376953,,,1351.75,91.07959747314453,376.95001220703125,82.11000061035156,,,1372.2551671563263,91.77850341796875,367.1000061035156,75.79000091552734,,,1335.3259388807069,91.07579803466797,368.0,77.0,,,1369.1694587628867,91.07579803466797,14939455.0,143671.0,,,23728722.0,0.0
2026-03-03,,,,81.4000015258789,,,,91.56340026855469,,85.05000305175781,,,,92.42130279541016,,77.37000274658203,,,,91.56060028076172,,78.05000305175781,,,,91.56300354003906,,229556.0,,,,0.0
2026-03-04,,,356.3999938964844,81.4000015258789,,,1338.8099365234375,92.00859832763672,367.8500061035156,84.44999694824219,,,1346.5740873609554,92.29630279541016,352.70001220703125,80.30000305175781,,,1300.9848230751916,91.8240966796875,365.0,81.9000015258789,,,1323.8789706886037,92.00859832763672,13534628.0,152390.0,,,32495007.0,0.0
2026-03-05,,,360.3500061035156,85.41000366210938,,,1383.005615234375,92.12300109863281,362.5,86.27999877929688,,,1392.5614090361375,92.1708984375,351.1000061035156,81.5199966430664,,,1346.8726294272453,91.32669830322266,356.6499938964844,82.43000030517578,,,1346.8726294272453,92.12310028076172,12170764.0,146018.0,,,25957532.0,0.0
2026-03-06,,,352.75,92.69000244140625,,,1398.334716796875,91.78690338134766,362.04998779296875,94.55000305175781,,,1417.7449716586152,91.96649932861328,351.20001220703125,83.16999816894531,,,1383.9014503612218,91.55979919433594,362.04998779296875,84.83999633789062,,,1390.0728674061675,91.78690338134766,10536915.0,197523.0,,,19311971.0,0.0
2026-03-09,,,331.1499938964844,98.95999908447266,,,1417.4462890625,91.93620300292969,341.45001220703125,119.4000015258789,,,1422.8214608086796,92.34880065917969,322.79998779296875,83.87999725341797,,,1363.6948146177142,91.94029998779297,341.3500061035156,98.36000061035156,,,1368.6718029922313,91.94029998779297,34756111.0,235965.0,,,24870822.0,0.0
2026-03-10,,,325.8999938964844,87.80000305175781,,,1402.3162841796875,91.220703125,342.20001220703125,95.08000183105469,,,1424.9117626543534,92.46659851074219,324.3500061035156,81.16000366210938,,,1394.1539503917586,90.86039733886719,336.5,92.44999694824219,,,1424.015880450879,91.220703125,15916729.0,144614.0,,,18071259.0,0.0
2026-03-11,,,325.04998779296875,91.9800033569336,,,1383.8017578125,92.16510009765625,328.8999938964844,93.25,,,1427.4002232775151,92.20580291748047,322.75,86.31999969482422,,,1377.2321576556008,89.06490325927734,326.0,91.30000305175781,,,1418.34212900751,92.16510009765625,13909498.0,101940.0,,,21848087.0,0.0
2026-03-12,,,326.3500061035156,100.45999908447266,,,1385.7926025390625,92.22879791259766,330.3500061035156,101.80000305175781,,,1404.4066120742223,92.6946029663086,314.0,93.69999694824219,,,1374.7437125844203,91.9843978881836,318.70001220703125,93.73999786376953,,,1383.6027762448114,92.22879791259766,11176171.0,92219.0,,,20939959.0,0.0
2026-03-13,,,319.29998779296875,103.13999938964844,,,1374.3455810546875,92.38990020751953,325.3500061035156,103.9000015258789,,,1394.3531723993444,92.4990005493164,318.1499938964844,97.55000305175781,,,1372.0562392077015,92.25140380859375,323.6499938964844,101.66000366210938,,,1378.8248707870416,92.38980102539062,7556076.0,71698.0,,,17265090.0,0.0
2026-03-16,,,304.95001220703125,100.20999908447266,,,1388.6793212890625,92.5635986328125,318.45001220703125,106.51000213623047,,,1390.8692691567512,92.82080078125,301.1000061035156,99.55999755859375,,,1357.224777946389,92.14459991455078,314.8999938964844,105.51000213623047,,,1373.6488401657623,92.58470153808594,18589204.0,77839.0,,,22837802.0,0.0
2026-03-17,,,300.04998779296875,103.41999816894531,,,1391.167724609375,92.28269958496094,305.8999938964844,104.9800033569336,,,1399.429573667814,92.47550201416016,298.1499938964844,100.76000213623047,,,1381.8109624429321,92.26679992675781,305.29998779296875,101.37000274658203,,,1392.5613056143347,92.28269958496094,16467622.0,65199.0,,,19007744.0,0.0
2026-03-18,,,303.70001220703125,107.37999725341797,,,1401.6195068359375,92.39129638671875,307.45001220703125,111.86000061035156,,,1406.3974645008152,92.91960144042969,299.6000061035156,100.33999633789062,,,1390.7696473738063,92.3239974975586,300.79998779296875,103.44999694824219,,,1390.7696473738063,92.39129638671875,9223774.0,73104.0,,,9559327.0,0.0
2026-03-19,,,286.0,108.6500015258789,,,1378.4267578125,93.24659729003906,298.0,119.12000274658203,,,1409.1844489610974,93.40709686279297,284.3999938964844,103.75,,,1369.7667250791762,92.80950164794922,298.0,109.66000366210938,,,1381.6119817895922,93.24659729003906,15494502.0,87485.0,,,16498373.0,0.0
2026-03-20,,,287.79998779296875,112.19000244140625,,,1407.8905029296875,93.0822982788086,295.8500061035156,113.11000061035156,,,1423.4186824363833,93.81780242919922,286.95001220703125,105.0999984741211,,,1389.6746767818195,92.7781982421875,288.5,107.66999816894531,,,1391.5659566755692,93.0822982788086,16601274.0,57217.0,,,22994918.0,0.0
2026-03-23,,,271.29998779296875,99.94000244140625,,,1401.3209228515625,93.89530181884766,281.0,115.0999984741211,,,1409.0849519631759,94.13150024414062,270.0,96.25,,,1384.598192981382,92.85369873046875,280.04998779296875,114.9000015258789,,,1393.5567722314413,94.04840087890625,14357554.0,113332.0,,,18979554.0,0.0
2026-03-24,,,282.25,104.48999786376953,,,1405.302490234375,93.24369812011719,283.0,105.04000091552734,,,1415.8536813182018,93.94580078125,270.70001220703125,98.08999633789062,,,1400.1263494042955,93.24369812011719,280.0,100.5,,,1413.4647025895886,93.24369812011719,19542984.0,68614.0,,,18620893.0,0.0
2026-03-25,,,284.54998779296875,102.22000122070312,,,1406.596435546875,94.29969787597656,289.75,103.4000015258789,,,1423.9163794589117,94.29969787597656,281.79998779296875,97.1500015258789,,,1401.9181150601291,93.67649841308594,288.20001220703125,99.98999786376953,,,1413.464703831985,94.29969787597656,18451485.0,53714.0,,,19041331.0,0.0
2026-03-26,,,,108.01000213623047,,,,94.6937026977539,,109.05999755859375,,,,94.6937026977539,,102.77999877929688,,,,93.80010223388672,,103.08000183105469,,,,94.6937026977539,,28970.0,,,,0.0
2026-03-27,,,282.70001220703125,112.56999969482422,,,1341.8956298828125,94.30950164794922,298.5,114.80999755859375,,,1398.235116023098,94.9446029663086,280.79998779296875,105.25,,,1338.809921280448,94.09410095214844,290.0,106.22000122070312,,,1394.552193095842,94.30950164794922,29524543.0,18402.0,,,23266517.0,0.0
2026-03-30,,,281.0,112.77999877929688,,,1337.7149658203125,94.78179931640625,285.25,116.87000274658203,,,1358.7178325566667,95.14540100097656,273.1000061035156,111.5,,,1327.960019957529,92.64700317382812,274.95001220703125,116.13999938964844,,,1328.855902170806,94.78179931640625,14757987.0,15053.0,,,24393861.0,0.0
2026-03-31,,,,118.3499984741211,,,,94.35590362548828,,119.2699966430664,,,,94.90390014648438,,111.0,,,,93.48079681396484,,114.7300033569336,,,,94.35590362548828,,69949.0,,,,0.0
2026-04-01,,,281.25,101.16000366210938,,,1362.8984375,93.48429870605469,292.0,105.9000015258789,,,1378.028554948465,93.87799835205078,280.1000061035156,98.45999908447266,,,1356.6275051009459,92.76249694824219,292.0,103.9000015258789,,,1377.8294025098971,93.48429870605469,16919233.0,61629.0,,,14404619.0,0.0
2026-04-02,,,278.1499938964844,109.02999877929688,,,1344.2845458984375,92.6426010131836,281.1499938964844,109.70999908447266,,,1351.9490593116357,93.7323989868164,266.6000061035156,99.0199966430664,,,1321.8880984473344,92.48049926757812,275.29998779296875,100.30000305175781,,,1350.7546307176451,92.6426010131836,13404373.0,0.0,,,21280051.0,0.0
2026-04-03,,,,,,,,92.97360229492188,,,,,,92.98500061035156,,,,,,92.51170349121094,,,,,,92.97370147705078,,,,,,0.0
2026-04-06,,,278.70001220703125,109.7699966430664,,,1298.6953125,92.97100067138672,279.95001220703125,111.87000274658203,,,1352.7454554606609,93.21769714355469,272.1499938964844,106.8499984741211,,,1284.0630151171836,92.49739837646484,277.75,109.19999694824219,,,1352.7454554606609,92.97100067138672,11923889.0,27863.0,,,29274881.0,0.0
2026-04-07,,,277.45001220703125,109.2699966430664,,,1298.5958251953125,92.81659698486328,278.25,111.80000305175781,,,1302.2788696189978,93.14399719238281,271.0,104.56999969482422,,,1285.058440671965,92.7522964477539,273.20001220703125,109.58999633789062,,,1289.040031502862,92.81659698486328,14410706.0,65194.0,,,28388922.0,0.0
2026-04-08,,,298.1000061035156,94.75,,,1341.5970458984375,92.86019897460938,301.5,104.0,,,1344.3840865060406,92.86029815673828,292.1499938964844,90.01000213623047,,,1320.0963587364665,92.22329711914062,293.5,103.4000015258789,,,1342.7914745147666,92.86019897460938,26646510.0,82140.0,,,21817543.0,0.0
2026-04-09,,,297.3500061035156,95.91999816894531,,,1323.87890625,92.2748031616211,299.70001220703125,99.5199966430664,,,1343.7868597274437,92.94450378417969,293.0,94.33999633789062,,,1320.195983460075,91.96600341796875,296.0,96.52999877929688,,,1339.8052690319548,92.2748031616211,17580272.0,54501.0,,,20725390.0,0.0
2026-04-10,,,299.3500061035156,95.19999694824219,,,1343.9859619140625,92.46980285644531,303.20001220703125,98.25,,,1346.0763943468285,93.07350158691406,296.20001220703125,94.23999786376953,,,1325.3720730291864,92.40499877929688,297.3999938964844,96.37999725341797,,,1330.8467605257397,92.46980285644531,13853270.0,35012.0,,,19364461.0,0.0
2026-04-13,,,292.95001220703125,99.36000061035156,,,1309.0474853515625,94.50879669189453,294.0,103.86000061035156,,,1321.4899565481755,94.91320037841797,284.25,97.63999938964844,,,1303.970981405046,93.21920013427734,284.25,99.70999908447266,,,1315.1193869938081,94.51210021972656,13454302.0,50559.0,,,28753269.0,0.0
2026-04-14,,,,94.79000091552734,,,,94.9468002319336,,99.41000366210938,,,,95.14800262451172,,94.43000030517578,,,,93.0062026977539,,98.41999816894531,,,,94.94999694824219,,40991.0,,,,0.0
2026-04-15,,,310.45001220703125,94.93000030517578,,,1337.9140625,93.16539764404297,311.45001220703125,96.88999938964844,,,1340.8007402141902,93.49500274658203,299.0,91.0,,,1328.059600686701,93.08529663085938,300.6000061035156,95.5199966430664,,,1330.8467629297493,93.16539764404297,26146547.0,41928.0,,,15313779.0,0.0
2026-04-16,,,307.95001220703125,99.38999938964844,,,1337.1177978515625,93.38680267333984,314.8999938964844,99.83999633789062,,,1347.5694738488123,93.38729858398438,307.25,94.41999816894531,,,1323.8789596516422,92.98609924316406,314.8999938964844,94.91000366210938,,,1345.7777093601655,93.38690185546875,14067180.0,36540.0,,,30211012.0,0.0
2026-04-17,,,312.1000061035156,90.37999725341797,,,1358.7178955078125,93.04789733886719,313.70001220703125,98.97000122070312,,,1362.1022720767137,93.04820251464844,306.25,86.08000183105469,,,1333.832952366644,92.35169982910156,308.79998779296875,98.25,,,1333.832952366644,93.04789733886719,10758881.0,85233.0,,,13869105.0,0.0
2026-04-20,,,316.04998779296875,95.4800033569336,,,1357.0257568359375,92.60330200195312,319.0,97.80999755859375,,,1366.6810660920328,93.23500061035156,307.0,92.7699966430664,,,1346.5740808024586,92.60330200195312,312.1000061035156,96.20999908447266,,,1356.9261198573818,92.60330200195312,14504057.0,46389.0,,,13614733.0,0.0
2026-04-21,,,318.04998779296875,98.4800033569336,,,1347.07177734375,93.12359619140625,320.1000061035156,101.1500015258789,,,1363.4958396538184,93.61399841308594,315.1000061035156,93.87000274658203,,,1343.8864317482064,93.0457992553711,316.04998779296875,93.98999786376953,,,1352.7454957201878,93.12359619140625,9935289.0,50039.0,,,27293629.0,0.0
2026-04-22,,,314.3999938964844,101.91000366210938,,,1355.8311767578125,93.622802734375,317.0,102.30999755859375,,,1359.7132520720183,93.86000061035156,313.0,96.54000091552734,,,1342.8910067161314,93.48799896240234,317.0,98.9000015258789,,,1344.085556855853,93.622802734375,7456858.0,39837.0,,,9525953.0,0.0
2026-04-23,,,309.79998779296875,105.06999969482422,,,1337.21728515625,93.80049896240234,313.75,107.36000061035156,,,1349.261572940554,94.1500015258789,308.3999938964844,101.27999877929688,,,1334.529638479888,93.80049896240234,312.0,101.58000183105469,,,1339.8052948565,93.80049896240234,8518111.0,54489.0,,,16385079.0,0.0
2026-04-24,,,308.1000061035156,105.33000183105469,,,1321.6890869140625,94.11289978027344,310.75,107.45999908447266,,,1339.7057606040942,94.37580108642578,300.1499938964844,103.4000015258789,,,1318.9019248091768,93.93599700927734,309.0,106.27999877929688,,,1333.8328899956957,94.11289978027344,10531252.0,52646.0,,,11744802.0,0.0
2026-04-27,,,312.6499938964844,108.2300033569336,,,1359.51416015625,94.25029754638672,315.1000061035156,109.79000091552734,,,1365.2873936261717,94.29509735107422,306.70001220703125,105.8499984741211,,,1304.9663202853897,93.99649810791016,308.29998779296875,106.5,,,1306.9571155871217,94.25029754638672,5296412.0,29439.0,,,24673098.0,0.0
2026-04-28,,,307.75,111.26000213623047,,,1382.5078125,94.25849914550781,313.1000061035156,112.69000244140625,,,1388.7787447541255,94.72129821777344,305.1499938964844,107.91999816894531,,,1350.75460334444,94.13590240478516,308.70001220703125,108.30000305175781,,,1351.7500009887617,94.25849914550781,14434171.0,23451.0,,,41027699.0,0.0
2026-04-29,,,303.8999938964844,118.02999877929688,,,1418.83984375,94.64550018310547,310.8999938964844,120.30000305175781,,,1427.2012083655534,94.86689758300781,303.1499938964844,110.20999908447266,,,1384.896807968084,94.57050323486328,308.3999938964844,111.01000213623047,,,1385.5935377241706,94.64550018310547,16918034.0,18031.0,,,30542143.0,0.0
2026-04-30,,,300.45001220703125,114.01000213623047,,,1424.215087890625,94.9166030883789,302.3500061035156,126.0999984741211,,,1430.386505071105,95.39399719238281,295.54998779296875,113.0,,,1386.6885214286783,94.81490325927734,300.04998779296875,119.9800033569336,,,1402.5153692729207,94.9166030883789,13025294.0,58572.0,,,30957881.0,0.0
2026-05-01,,,300.45001220703125,108.16999816894531,,,1424.215087890625,94.75910186767578,300.45001220703125,112.43000030517578,,,1424.215087890625,95.30699920654297,300.45001220703125,106.2699966430664,,,1424.215087890625,94.68920135498047,300.45001220703125,111.01000213623047,,,1424.215087890625,94.75910186767578,0.0,40576.0,,,0.0,0.0
2026-05-04,,,301.70001220703125,114.44000244140625,,,1456.3663330078125,94.90299987792969,305.8999938964844,115.25,,,1460.6465916696056,95.38980102539062,300.1000061035156,105.66000366210938,,,1426.8030702776819,94.66570281982422,302.5,107.12999725341797,,,1426.8030702776819,94.90299987792969,9009471.0,67567.0,,,24035700.0,0.0
2026-05-05,,,298.5,109.87000274658203,,,1456.864013671875,95.2593994140625,300.45001220703125,114.44999694824219,,,1466.6189594959255,95.3949966430664,293.29998779296875,109.5999984741211,,,1443.3266295857375,94.97740173339844,300.25,113.81999969482422,,,1453.280606341501,95.2593002319336,12433693.0,39713.0,,,23543341.0,0.0
2026-05-06,,,314.04998779296875,101.2699966430664,,,1431.2823486328125,95.18299865722656,316.6000061035156,110.44999694824219,,,1466.519450812893,95.18299865722656,301.8500061035156,96.7300033569336,,,1420.9301884572374,94.14810180664062,304.70001220703125,110.44999694824219,,,1456.2668061036345,95.18299865722656,16983058.0,61814.0,,,14221786.0,0.0
2026-05-07,,,307.6000061035156,100.05999755859375,,,1429.590087890625,94.60800170898438,316.95001220703125,103.41000366210938,,,1442.828925531327,94.89299774169922,305.1000061035156,96.06999969482422,,,1423.717338832762,93.88870239257812,315.70001220703125,101.52999877929688,,,1432.1782190445704,94.60800170898438,17998452.0,62847.0,,,19816903.0,0.0
2026-05-08,,,302.75,101.29000091552734,,,1428.5947265625,94.25299835205078,306.3500061035156,103.95999908447266,,,1436.1598462687914,94.74040222167969,301.3999938964844,99.54000091552734,,,1410.9762359236815,94.25299835205078,306.0,103.55999755859375,,,1419.4371163507371,94.25299835205078,11782486.0,34316.0,,,8663105.0,0.0
2026-05-11,,,294.45001220703125,104.20999908447266,,,1381.81103515625,94.42530059814453,299.3999938964844,106.0,,,1421.427912122738,95.31759643554688,293.75,102.81999969482422,,,1375.6396180347506,94.18180084228516,298.75,104.0,,,1413.4647305422184,94.42530059814453,10388130.0,35359.0,,,15261787.0,0.0
2026-05-12,,,287.8500061035156,107.7699966430664,,,1357.722412109375,95.39140319824219,293.70001220703125,108.41999816894531,,,1387.0866431630602,95.85910034179688,286.0,104.11000061035156,,,1354.0394893602804,95.26609802246094,286.0,104.5,,,1385.593546668805,95.39140319824219,10652991.0,30738.0,,,24357500.0,0.0
2026-05-13,,,297.1000061035156,105.62999725341797,,,1352.54638671875,95.63300323486328,299.0,108.30999755859375,,,1366.0837705701026,95.8604965209961,288.54998779296875,105.30999755859375,,,1346.1758174038478,93.60430145263672,288.54998779296875,107.73999786376953,,,1355.1343963286624,95.63300323486328,12403055.0,27718.0,,,13797989.0,0.0
2026-05-14,,,295.0,105.72000122070312,,,1355.5325927734375,95.69580078125,301.1000061035156,107.08000183105469,,,1371.6579863902991,95.94580078125,291.1499938964844,103.86000061035156,,,1352.148216400817,95.44049835205078,301.1000061035156,105.63999938964844,,,1358.9168476375535,95.69580078125,11845204.0,27529.0,,,17303059.0,0.0
2026-05-15,,,284.45001220703125,109.26000213623047,,,1330.24951171875,95.70989990234375,294.6499938964844,109.7300033569336,,,1358.5188307246153,96.11499786376953,283.5,106.05000305175781,,,1323.082575367519,95.39700317382812,293.0,106.56999969482422,,,1350.5556491178086,95.70989990234375,14828416.0,26518.0,,,19976192.0,0.0
2026-05-18,,,280.79998779296875,112.0999984741211,,,1329.7518310546875,95.97029876708984,282.5,112.69000244140625,,,1335.8237328112184,96.60189819335938,276.6000061035156,106.87000274658203,,,1312.6309174607939,95.66200256347656,282.0,109.61000061035156,,,1327.860551095503,95.97129821777344,8613476.0,46404.0,,,13022473.0,0.0
2026-05-19,,,286.45001220703125,111.27999877929688,,,1316.6124267578125,96.27020263671875,289.79998779296875,111.79000091552734,,,1337.8144453658963,97.0541000366211,282.0,108.9000015258789,,,1312.3322897558653,96.1676025390625,282.0,109.55000305175781,,,1332.5387892026445,96.27020263671875,6955573.0,29390.0,,,21665501.0,0.0
2026-05-20,,,293.75,105.0199966430664,,,1353.442138671875,96.56580352783203,294.75,111.5,,,1356.6274840630256,97.04219818115234,280.04998779296875,103.27999877929688,,,1306.558933569541,96.37519836425781,281.8500061035156,111.20999908447266,,,1312.6308349443716,96.56580352783203,10290169.0,53332.0,,,13248515.0,0.0
2026-05-21,,,296.3999938964844,102.58000183105469,,,1343.388671875,96.5282974243164,298.5,109.30999755859375,,,1364.590690861155,96.85150146484375,294.75,102.16000366210938,,,1339.0088978228712,93.18800354003906,295.0,105.20999908447266,,,1360.9076465750106,96.5282974243164,10786772.0,51232.0,,,17150630.0,0.0
2026-05-22,,,295.6000061035156,103.54000091552734,,,1348.26611328125,96.17389678955078,297.70001220703125,106.3499984741211,,,1361.106767233248,96.49929809570312,291.6000061035156,101.37999725341797,,,1342.8909416840763,95.44889831542969,297.0,104.5199966430664,,,1343.7868238683554,96.17389678955078,5366953.0,35039.0,,,7105813.0,0.0
2026-05-25,,,308.25,,,,1360.7086181640625,95.71949768066406,309.0,,,,1364.7897243191815,95.85350036621094,304.04998779296875,,,,1350.7546414401118,85.86289978027344,305.0,,,,1360.5095872329855,95.71949768066406,14530864.0,,,,6750071.0,0.0
2026-05-26,,,304.6000061035156,99.58000183105469,,,1350.0579833984375,95.25279998779297,308.29998779296875,100.75,,,1362.2017870434288,95.78600311279297,302.1000061035156,95.93000030517578,,,1346.1759079681497,95.19229888916016,308.25,100.55000305175781,,,1353.8404218493883,95.25279998779297,8611871.0,37926.0,,,13769747.0,0.0
2026-05-27,,,307.1499938964844,94.29000091552734,,,1344.2845458984375,95.90499877929688,308.45001220703125,99.86000061035156,,,1354.736221375619,96.17780303955078,302.1499938964844,94.1500015258789,,,1342.393266034199,95.49150085449219,305.5,99.4000015258789,,,1346.7730400596713,96.06210327148438,5948761.0,20553.0,,,13215138.0,0.0
2026-05-28,,,307.1499938964844,93.70999908447266,,,1344.2845458984375,96.04889678955078,307.1499938964844,98.16000366210938,,,1344.2845458984375,96.66580200195312,307.1499938964844,92.55999755859375,,,1344.2845458984375,95.63899993896484,307.1499938964844,94.97000122070312,,,1344.2845458984375,96.04889678955078,0.0,9881.0,,,0.0,0.0
2026-05-29,,,298.1000061035156,92.05000305175781,,,1315.119384765625,96.04820251464844,312.0,94.01000213623047,,,1362.6994431442622,96.19529724121094,290.0,91.45999908447266,,,1310.9387630540493,94.53050231933594,310.6000061035156,93.37000274658203,,,1357.7224546740495,96.04820251464844,26387806.0,39308.0,,,42634247.0,0.0
2026-06-01,,,296.8500061035156,94.9800033569336,,,1313.9249267578125,95.00299835205078,300.3500061035156,97.80000305175781,,,1329.353590670499,95.25420379638672,295.6499938964844,92.37000274658203,,,1312.4318302501333,94.572998046875,298.75,92.41000366210938,,,1326.3673976551404,95.00299835205078,7741307.0,57796.0,,,10700603.0,0.0
2026-06-02,,,294.3999938964844,96.0,,,1308.5498046875,95.55139923095703,297.45001220703125,96.26000213623047,,,1321.689127358814,95.5824966430664,291.0,92.81999969482422,,,1294.3156903458798,94.93419647216797,294.0,95.4000015258789,,,1301.6815361898255,95.55139923095703,8495475.0,40210.0,,,23302785.0,0.0
2026-06-03,,,292.1000061035156,97.80999755859375,,,1307.15625,95.26300048828125,294.25,99.0,,,1317.906594083847,95.98600006103516,290.1499938964844,96.04000091552734,,,1295.0124463014238,95.26300048828125,294.0,96.06999969482422,,,1308.9480145168118,95.26300048828125,6711789.0,40867.0,,,20012293.0,0.0
2026-06-04,,,295.1499938964844,95.02999877929688,,,1297.699951171875,96.16449737548828,296.20001220703125,97.56999969482422,,,1305.1654340270677,96.1707992553711,290.1000061035156,93.91999816894531,,,1287.1487597049047,95.59200286865234,290.1000061035156,97.43000030517578,,,1295.0124259474096,96.16449737548828,8514225.0,34844.0,,,23474327.0,0.0
2026-06-05,,,295.0,93.08999633789062,,,1291.0,95.79029846191406,295.8999938964844,95.9000015258789,,,1306.0,95.89399719238281,291.75,92.68000030517578,,,1288.0,94.86979675292969,295.0,95.06999969482422,,,1304.5,95.79029846191406,5528678.0,36817.0,,,17785223.0,0.0
2026-06-08,,,285.1499938964844,94.25,,,1263.300048828125,94.95030212402344,292.3999938964844,98.05000305175781,,,1282.5999755859375,95.90370178222656,283.8999938964844,93.66999816894531,,,1259.199951171875,94.95030212402344,291.3999938964844,95.5,,,1277.0,94.95030212402344,5454197.0,36849.0,,,16494759.0,0.0
2026-06-09,,,289.1000061035156,91.44999694824219,,,1269.199951171875,95.68830108642578,290.1499938964844,94.5199966430664,,,1274.199951171875,95.68890380859375,285.25,89.58999633789062,,,1257.5,95.17739868164062,288.75,94.33999633789062,,,1269.0,95.68830108642578,5025923.0,42857.0,,,23620214.0,0.0
2026-06-10,,,288.0,93.0999984741211,,,1258.800048828125,95.36029815673828,290.20001220703125,94.7300033569336,,,1300.5,95.56749725341797,286.29998779296875,90.79000091552734,,,1254.4000244140625,95.07170104980469,289.0,92.26000213623047,,,1275.0,95.36029815673828,6874985.0,39760.0,,,21012796.0,0.0
2026-06-11,,,286.3500061035156,90.37999725341797,,,1263.0,95.64450073242188,287.3999938964844,96.36000061035156,,,1276.0,95.87239837646484,280.25,88.4000015258789,,,1253.199951171875,95.29560089111328,285.0,94.87999725341797,,,1258.0,95.64450073242188,12991146.0,46406.0,,,13117486.0,0.0
2026-06-12,,,302.3500061035156,87.33000183105469,,,1293.0,95.76010131835938,303.79998779296875,89.87000274658203,,,1297.0,95.76010131835938,292.54998779296875,85.80000305175781,,,1262.5,94.78720092773438,293.1000061035156,89.2300033569336,,,1277.0,95.76010131835938,11278769.0,34732.0,,,11988785.0,0.0
2026-06-15,,,310.6000061035156,83.16999816894531,,,1307.0,95.11029815673828,316.75,85.29000091552734,,,1325.0,95.11039733886719,308.75,82.4000015258789,,,1303.300048828125,94.4126968383789,315.0,85.0199966430664,,,1315.300048828125,95.11029815673828,15261091.0,28907.0,,,18633321.0,0.0
2026-06-16,,,312.1000061035156,78.95999908447266,,,1328.800048828125,94.74169921875,314.0,83.80000305175781,,,1333.4000244140625,94.74189758300781,309.5,78.44999694824219,,,1306.4000244140625,94.38200378417969,314.0,83.55000305175781,,,1313.4000244140625,94.74169921875,8875346.0,30801.0,,,18513223.0,0.0
2026-06-17,,,317.95001220703125,79.55000305175781,,,1332.699951171875,94.88860321044922,319.5,82.9800033569336,,,1334.0,94.88860321044922,315.29998779296875,77.7699966430664,,,1317.0,94.20670318603516,316.0,79.19999694824219,,,1333.0,94.88860321044922,14716072.0,25919.0,,,10029170.0,0.0
2026-06-18,,,316.29998779296875,79.8499984741211,,,1328.0999755859375,94.85890197753906,321.6000061035156,80.04000091552734,,,1333.9000244140625,94.9302978515625,314.3999938964844,76.58000183105469,,,1322.0,94.18009948730469,319.0,78.3499984741211,,,1330.0,94.85890197753906,7174272.0,31186.0,,,15494549.0,0.0
2026-06-19,,,306.6000061035156,,,,1309.5,94.33989715576172,315.0,,,,1338.199951171875,94.59310150146484,305.1000061035156,,,,1305.300048828125,94.11820220947266,315.0,,,,1328.0,94.33979797363281,11322845.0,,,,24887034.0,0.0
2026-06-22,,,308.6000061035156,77.9000015258789,,,1326.5,94.3302993774414,311.79998779296875,82.37999725341797,,,1344.9000244140625,94.777099609375,306.79998779296875,77.2699966430664,,,1314.0999755859375,94.17649841308594,311.75,82.20999908447266,,,1316.699951171875,94.3302993774414,5440551.0,46574.0,,,12931213.0,0.0
2026-06-23,,,308.54998779296875,77.08000183105469,,,1309.5,94.70059967041016,313.3500061035156,78.33999633789062,,,1333.0,94.8853988647461,307.5,76.44000244140625,,,1304.0,94.3927001953125,309.04998779296875,78.05999755859375,,,1328.9000244140625,94.70059967041016,6611723.0,22797.0,,,15400184.0,0.0
2026-06-24,,,315.70001220703125,73.73999786376953,,,1313.5999755859375,95.18370056152344,316.79998779296875,77.0,,,1322.0,95.18379974365234,308.20001220703125,73.08000183105469,,,1297.5,94.22750091552734,308.8500061035156,77.0,,,1305.699951171875,95.18370056152344,7690718.0,32834.0,,,11030917.0,0.0
2026-06-25,,,309.75,75.26000213623047,,,1318.0999755859375,94.4406967163086,320.8500061035156,75.83999633789062,,,1328.0,94.5291976928711,309.0,72.08000183105469,,,1314.5999755859375,93.91510009765625,319.95001220703125,73.0999984741211,,,1318.0,94.4406967163086,9118712.0,27477.0,,,12694362.0,0.0
2026-06-26,,,309.75,71.98999786376953,,,1318.0999755859375,94.40039825439453,309.75,75.12000274658203,,,1318.0999755859375,94.7738037109375,309.75,71.4000015258789,,,1318.0999755859375,94.22480010986328,309.75,74.94000244140625,,,1318.0999755859375,94.40039825439453,0.0,19425.0,,,0.0,0.0
2026-06-29,,,300.79998779296875,73.1500015258789,,,1301.0,94.36029815673828,309.0,73.4800033569336,,,1313.699951171875,94.69999694824219,299.75,71.87000274658203,,,1292.5999755859375,94.2322006225586,308.70001220703125,73.16999816894531,,,1308.0,94.36029815673828,11893768.0,8613.0,,,13757656.0,0.0
2026-06-30,,,303.54998779296875,72.91999816894531,,,1293.9000244140625,94.79049682617188,304.45001220703125,73.52999877929688,,,1306.9000244140625,94.89790344238281,299.8999938964844,72.12000274658203,,,1290.0,94.46530151367188,301.20001220703125,72.69999694824219,,,1306.9000244140625,94.79049682617188,4259519.0,39706.0,,,15695263.0,0.0
2026-07-01,,,304.20001220703125,71.56999969482422,,,1308.0,94.91799926757812,306.5,73.5199966430664,,,1312.199951171875,95.26390075683594,301.1499938964844,71.04000091552734,,,1296.5,94.53119659423828,305.20001220703125,73.37999725341797,,,1298.9000244140625,94.91799926757812,4919350.0,37629.0,,,7001401.0,0.0
2026-07-02,,,310.45001220703125,71.80000305175781,,,1303.5,95.4175033569336,314.5,71.91000366210938,,,1313.199951171875,95.47339630126953,304.79998779296875,70.13999938964844,,,1299.0,94.88480377197266,305.0,71.08999633789062,,,1310.0,95.4175033569336,7323630.0,0.0,,,17795024.0,0.0
2026-07-03,,,308.1499938964844,,,,1304.0,95.527099609375,313.6000061035156,,,,1312.0,95.60970306396484,306.70001220703125,,,,1302.0,95.05760192871094,313.6000061035156,,,,1312.0,95.527099609375,3035350.0,,,,7839550.0,0.0
2026-07-06,,,308.1499938964844,71.98999786376953,,,1321.300048828125,95.21479797363281,310.8999938964844,72.58999633789062,,,1325.5999755859375,95.67440032958984,306.04998779296875,71.02999877929688,,,1299.4000244140625,95.12689971923828,308.1499938964844,71.87000274658203,,,1304.0,95.21479797363281,2818204.0,46238.0,,,7610709.0,0.0
2026-07-07,,,313.95001220703125,74.16000366210938,,,1308.4000244140625,95.60350036621094,315.8500061035156,76.3499984741211,,,1328.0,95.67919921875,307.75,72.05999755859375,,,1304.0999755859375,94.79869842529297,309.5,72.11000061035156,,,1323.5,95.60350036621094,6889552.0,58154.0,,,14335554.0,0.0
2026-07-08,,,303.54998779296875,78.0199966430664,,,1275.9000244140625,95.59339904785156,307.8500061035156,80.56999969482422,,,1302.300048828125,95.80339813232422,299.3999938964844,75.44999694824219,,,1271.5999755859375,94.99169921875,306.95001220703125,75.98999786376953,,,1297.0,95.59339904785156,15951234.0,96042.0,,,19960868.0,0.0
2026-07-09,,,308.20001220703125,76.30000305175781,,,1279.800048828125,95.86180114746094,309.1000061035156,79.37999725341797,,,1296.5,95.86180114746094,299.75,75.5999984741211,,,1274.199951171875,95.29840087890625,303.54998779296875,79.37999725341797,,,1277.0999755859375,95.86180114746094,5543009.0,47817.0,,,14651963.0,0.0
2026-07-10,,,309.75,76.01000213623047,,,1307.800048828125,95.39019775390625,313.75,77.55999755859375,,,1311.0999755859375,95.68550109863281,309.1000061035156,75.30999755859375,,,1287.800048828125,95.14550018310547,312.0,75.97000122070312,,,1291.9000244140625,95.39019775390625,3799709.0,39537.0,,,8412537.0,0.0
2026-07-13,,,307.54998779296875,83.30000305175781,,,1296.9000244140625,95.32499694824219,309.1499938964844,83.86000061035156,,,1306.4000244140625,96.10469818115234,302.1499938964844,77.27999877929688,,,1295.0,94.99040222167969,304.79998779296875,78.05000305175781,,,1300.0,95.32499694824219,5543349.0,61577.0,,,9488352.0,0.0
2026-07-14,,,305.3500061035156,84.7300033569336,,,1293.0,96.29889678955078,307.20001220703125,87.54000091552734,,,1308.0,96.42289733886719,302.04998779296875,83.04000091552734,,,1286.9000244140625,95.74700164794922,302.95001220703125,83.29000091552734,,,1290.0,96.29879760742188,9995741.0,115669.0,,,13511284.0,0.0
2026-07-15,,,,84.94999694824219,,,1295.5,96.42530059814453,,86.52999877929688,,,1310.9000244140625,96.54090118408203,,83.33999633789062,,,1294.0999755859375,96.04239654541016,,85.20999908447266,,,1294.0999755859375,96.42530059814453,3826609.0,115669.0,,,9577965.0,0.0
