Price,Close,Close,Close,Close,Close,Close,High,High,High,High,High,High,Low,Low,Low,Low,Low,Low,Open,Open,Open,Open,Open,Open,Volume,Volume,Volume,Volume,Volume,Volume
Ticker,BPCL.NS,BZ=F,HINDPETRO.NS,IOC.NS,RELIANCE.NS,USDINR=X,BPCL.NS,BZ=F,HINDPETRO.NS,IOC.NS,RELIANCE.NS,USDINR=X,BPCL.NS,BZ=F,HINDPETRO.NS,IOC.NS,RELIANCE.NS,USDINR=X,BPCL.NS,BZ=F,HINDPETRO.NS,IOC.NS,RELIANCE.NS,USDINR=X,BPCL.NS,BZ=F,HINDPETRO.NS,IOC.NS,RELIANCE.NS,USDINR=X
Date,,,,,,,,,,,,,,,,,,,,,,,,,,,,,,
2025-01-01,271.80035400390625,,397.67437744140625,128.52914428710938,1210.7935791015625,,272.35261231098883,,399.2656476872028,128.8292776026559,1215.800389087432,,267.19824825992526,,390.29664853347634,127.2723682283326,1201.2261788160188,,269.0390905575177,,395.40800857911387,127.36616346722693,1204.4483521073844,,3545200.0,,2185656.0,4144374.0,5892590.0,
2025-01-02,273.2730407714844,75.93000030517578,398.01190185546875,129.39199829101562,1231.167724609375,85.78569793701172,274.00939456363784,76.54000091552734,401.00154843208566,129.6264720370183,1233.7949384205442,86.03399658203125,268.57888716922207,74.7300033569336,390.10373040593333,127.22544885659191,1209.554328364606,85.5739974975586,271.8003612762026,74.87999725341797,397.57790571037333,127.93825820357073,1210.7936258321927,85.78569793701172,6846413.0,41474.0,2391474.0,10625223.0,15486276.0,0.0
2025-01-03,272.81280517578125,76.51000213623047,398.34942626953125,129.56082153320312,1240.437744140625,85.80400085449219,275.34396317066097,76.73999786376953,402.255303325739,131.14586645624604,1251.244443122699,86.07230377197266,270.9259531788435,75.52999877929688,393.18985777129325,128.61355268545552,1224.921714407087,85.706298828125,272.44464235796687,75.9000015258789,398.78342241959297,129.1669073298484,1233.2498182568117,85.80400085449219,4806469.0,38822.0,4037493.0,14567050.0,15521102.0,0.0
2025-01-06,262.1819763183594,76.30000305175781,375.107177734375,124.62749481201172,1207.5714111328125,85.75900268554688,273.5951932271013,77.5,399.2656297935036,129.87969833626627,1251.1946805005002,85.84100341796875,261.4916604397376,75.94000244140625,374.19097671468455,123.84904022823176,1204.5970973122883,85.58429718017578,272.8128296135249,76.58999633789062,398.34942877381314,129.5608174642048,1243.213556672038,85.75900268554688,7361716.0,49229.0,5016149.0,19711596.0,14816766.0,0.0
2025-01-07,260.2950744628906,77.05000305175781,372.4550476074219,125.9874496459961,1230.2257080078125,85.68070220947266,267.38232813088456,77.2699966430664,383.4493125873081,127.81634221636538,1233.8444805890147,85.7938003540039,258.36221263436744,75.91999816894531,371.4423997371941,124.92762361061703,1210.7935491517349,84.9395980834961,264.2529020252984,76.23999786376953,377.95216538164044,125.19962120201292,1211.5371275851955,85.68070220947266,8306436.0,37188.0,3195402.0,13658286.0,10070505.0,0.0
2025-01-08,263.9767761230469,76.16000366210938,377.4217529296875,126.24068450927734,1254.664794921875,85.80650329589844,264.9892450117532,77.88999938964844,380.65253140469684,127.08478436361897,1260.167324257905,85.98560333251953,258.1781340798577,76.02999877929688,368.11520494100915,124.82445376793851,1234.6872949225542,85.70600128173828,260.29509150158725,77.23999786376953,372.7443598627142,125.81862027096324,1238.3060678446636,85.80650329589844,6037032.0,46650.0,3631344.0,14259056.0,19346579.0,0.0
2025-01-09,257.7179260253906,76.91999816894531,371.1048278808594,123.98973083496094,1244.0067138671875,85.90750122070312,264.9432377835503,77.2699966430664,379.01299891840245,126.42826384847055,1258.8782824728921,86.18499755859375,256.84351468362314,75.69999694824219,369.80289837629755,123.80215467495489,1237.364128300027,85.82530212402344,264.1608741760254,76.16000366210938,379.01299891840245,126.27819719600824,1256.1518282285128,85.90750122070312,6215902.0,31706.0,2525567.0,9734279.0,12794704.0,0.0
2025-01-10,255.55491638183594,79.76000213623047,374.6249694824219,122.18897247314453,1231.266845703125,85.91999816894531,260.9393855101679,80.76000213623047,378.8201282413888,124.74004828982797,1245.9896754309787,86.16079711914062,253.6680643359784,77.04000091552734,366.0416993839929,121.69188921507654,1225.4173374439545,85.84110260009766,258.1781221714359,77.20999908447266,373.75697718468473,123.98972934766046,1243.114481097643,85.91999816894531,9073218.0,92049.0,3504508.0,12948066.0,8120332.0,0.0
2025-01-13,244.18772888183594,81.01000213623047,351.430908203125,114.413818359375,1229.234375,86.18800354003906,252.83971048273585,81.66999816894531,363.14848081899305,120.41634827907677,1234.5881643828388,86.7260971069336,243.22129787423722,79.54000091552734,347.3321667517528,113.6353708842457,1215.899582365329,86.09919738769531,249.66424616229648,79.55000305175781,363.14848081899305,120.078705479148,1219.4687349455062,86.18800354003906,10488655.0,77109.0,13439614.0,30291583.0,13764861.0,0.0
2025-01-14,248.69781494140625,79.91999816894531,359.9659118652344,118.76565551757812,1228.143798828125,86.65059661865234,249.8943512439809,81.13999938964844,362.5698297651708,119.30025544546994,1242.6187691440975,86.85530090332031,244.83203473627594,79.86000061035156,350.9004667896131,115.09848934867122,1216.742262047884,86.44409942626953,245.84450365562202,80.91000366210938,352.0095320316425,115.36109883527466,1233.4479678208604,86.65059661865234,6710730.0,67129.0,3392260.0,17430438.0,13095266.0,0.0
2025-01-15,245.75242614746094,82.02999877929688,350.3218078613281,119.06578063964844,1241.478515625,86.535400390625,253.94416806790525,82.62999725341797,365.94525607534814,120.86653752273345,1246.2374660533972,86.59880065917969,244.1416892719626,79.62999725341797,347.766128156888,118.38112122056643,1231.2171573529768,86.10929870605469,252.10332592447858,80.31999969482422,364.0646454718551,120.29442093661189,1234.2905907014622,86.535400390625,13448052.0,69122.0,4162695.0,11472116.0,9578856.0,0.0
2025-01-16,245.660400390625,81.29000091552734,345.4515686035156,119.20646667480469,1255.6065673828125,86.43099975585938,247.54728060978445,82.55000305175781,352.5399564003651,120.3038093882865,1264.0834104275011,86.64219665527344,242.53097408475563,80.38999938964844,344.68002317952994,118.69062865927086,1240.586378973141,86.2520980834961,246.07460114554462,82.44000244140625,351.0451331280312,120.00367608468191,1248.1212833322295,86.43099975585938,13754046.0,69075.0,5072603.0,11843193.0,14117603.0,0.0
2025-01-17,251.82720947265625,80.79000091552734,346.1266174316406,120.1162338256836,1291.19921875,86.6061019897461,253.29988879721415,81.93000030517578,350.27359658470516,120.51014805526336,1314.6467509950228,86.66919708251953,245.98253008117388,80.55999755859375,342.55831938620014,118.45615547084171,1273.997794139219,86.0647964477539,247.4091714989826,81.30999755859375,345.59620389682215,119.11267918680798,1310.9288585996749,86.6061019897461,9300647.0,42284.0,3122954.0,24617689.0,29366277.0,0.0
2025-01-20,255.2327880859375,,347.5250244140625,122.39531707763672,1294.272705078125,86.56900024414062,256.24525702597026,,350.46646208371965,123.03307891030121,1304.7324245206253,86.57630157470703,247.4092078687245,,340.7741568417178,118.93448168427908,1289.1172758229052,86.14119720458984,253.11583055689024,,347.1874751491559,120.84779580456109,1304.7324245206253,86.56900024414062,9623368.0,,6963879.0,8234561.0,14040244.0,0.0
2025-01-21,257.90203857421875,79.29000091552734,356.78338623046875,122.93928527832031,1262.7945556640625,86.21109771728516,264.16089167087983,81.23999786376953,359.1461723759563,125.35905623266795,1301.7581181984158,86.61759948730469,256.0151582088679,78.47000122070312,345.258678350924,122.53598296369098,1259.324522599558,86.20230102539062,256.3833210811962,80.94000244140625,350.0807269312442,123.52077563167963,1299.2795231523412,86.21109771728516,15304149.0,83935.0,12344913.0,20272605.0,14562976.0,0.0
2025-01-22,255.5089111328125,79.0,356.92803955078125,122.41407012939453,1266.1654052734375,86.45189666748047,260.9853999991904,79.9000015258789,361.3643301029901,124.36489361760462,1271.9157939003728,86.59300231933594,252.24139927011052,78.80999755859375,350.27361843819233,120.46324664118445,1257.83730213362,86.28900146484375,259.5587584842658,79.30999755859375,360.496337818847,123.98972699805852,1267.3552034506358,86.45189666748047,6301894.0,40868.0,6676035.0,9202153.0,10273590.0,0.0
2025-01-23,249.6642303466797,78.29000091552734,349.2127685546875,121.76692199707031,1252.83056640625,86.47270202636719,262.3200208250828,79.58999633789062,360.49634471857485,122.57351235185118,1266.4132176584087,86.58799743652344,248.7898190416533,77.80000305175781,347.04284666569583,120.83840070027753,1250.7980702365203,86.36900329589844,260.4791785736787,78.91000366210938,359.7248287084019,122.30151475984668,1259.126173066555,86.47270202636719,18806324.0,46348.0,5143368.0,7058477.0,8720682.0,0.0
2025-01-24,242.80709838867188,78.5,340.2919921875,120.29441833496094,1235.6292724609375,86.44020080566406,257.1656745528712,78.95999908447266,366.4275027606621,124.50557241459224,1262.1006196074513,86.48629760742188,242.07077267318493,77.61000061035156,338.7489306739407,119.95678268780998,1232.8531975505623,86.1500015258789,252.19540575077062,77.87999725341797,360.8821466001634,122.8548822185836,1255.1605533566642,86.44020080566406,18480516.0,30464.0,18088473.0,12630632.0,14235970.0,0.0
2025-01-27,240.5060272216797,77.08000183105469,333.6375427246094,116.45843505859375,1218.82421875,86.2030029296875,242.7150603790733,78.98999786376953,338.41135301259004,120.02243936842288,1229.8291557820492,86.44400024414062,237.79080177333714,76.31999969482422,331.1300716541161,114.89215192922242,1209.5542981292017,86.18460083007812,242.7150603790733,78.55000305175781,337.92914816947393,120.02243936842288,1228.4907387555406,86.2030029296875,10083126.0,40623.0,4454025.0,18934026.0,9536019.0,0.0
2025-01-28,237.51466369628906,77.48999786376953,337.0611877441406,114.96717834472656,1223.8311767578125,86.46839904785156,242.89913297753742,78.13999938964844,339.2311095536523,118.03409204707918,1234.0925365684338,86.58699798583984,234.06309846936293,76.83000183105469,329.29770148713385,114.27313084727321,1208.0672872533735,86.4020004272461,241.38044371590942,77.06999969482422,337.5433925906988,116.45842805769094,1227.400329601704,86.46839904785156,13321189.0,29822.0,5097372.0,19861475.0,10568025.0,0.0
2025-01-29,241.22218322753906,76.58000183105469,332.96246337890625,115.96134948730469,1224.921630859375,86.58460235595703,242.11387201614954,77.69999694824219,339.7133315719616,116.6647708116723,1232.1095562529247,86.69529724121094,236.05984078492637,76.30000305175781,331.4676400515953,115.26730911748871,1217.53546627882,86.48799896240234,241.17526429931087,77.62999725341797,338.3631638196404,115.5392995549128,1225.4173498520336,86.58460235595703,9435973.0,19845.0,3747258.0,12017314.0,5928156.0,0.0
2025-01-30,241.3629608154297,76.87000274658203,339.0864562988281,119.22522735595703,1242.3214111328125,86.6406021118164,244.88273963923248,77.55000305175781,341.497480548064,120.51952001434653,1246.237542749693,86.65299987792969,240.75287154811053,75.98999786376953,333.68575609425,116.16768733491236,1221.8481926097397,86.54630279541016,243.94413195288507,76.86000061035156,336.5307764809277,116.67415154617044,1224.971246456504,86.6406021118164,9410974.0,8389.0,4412278.0,17776744.0,9269259.0,0.0
2025-01-31,245.07044982910156,76.76000213623047,345.4997863769531,120.51013946533203,1254.2681884765625,86.64700317382812,245.91519093940025,77.08000183105469,346.65708982755757,120.84778225392526,1256.1519448799122,86.71820068359375,238.64098204710882,76.51000213623047,336.9647543652312,118.31546133947603,1238.306060895825,86.54519653320312,242.0668940546722,77.0,338.50781582222066,119.22522067787605,1245.09738698474,86.64700317382812,8790578.0,50618.0,2019592.0,9686000.0,6584612.0,0.0
2025-02-01,239.95504760742188,,332.5766906738281,117.63080596923828,1253.7724609375,,245.96213102921902,,346.1266351757592,121.69189361611528,1259.6715896071485,,232.77470458589738,,321.24487670760055,116.87111320060858,1230.374548522757,,245.68056018289775,,345.49977475753417,120.84779372011428,1254.2681799336815,,11464565.0,,7985220.0,10535114.0,7118453.0,
2025-02-03,234.22955322265625,75.95999908447266,313.3367004394531,113.44779205322266,1235.232666015625,86.55400085449219,236.34142053704645,77.52999877929688,321.4377358986121,116.48657021694534,1245.2461659154887,87.32559967041016,227.33078093350827,75.04000091552734,307.35737805763364,112.64120168328826,1226.9541826685895,86.55400085449219,235.54359826724786,76.81999969482422,318.2551957140508,116.40216309141753,1240.2889757645512,86.55400085449219,21517136.0,75087.0,26282943.0,26047332.0,9252345.0,0.0
2025-02-04,240.2366485595703,76.19999694824219,321.82354736328125,116.73042297363281,1274.196044921875,86.94339752197266,240.8936711141814,76.66999816894531,322.9326126964378,116.9367610399698,1277.7653184740125,87.12419891357422,234.8396540462363,74.12999725341797,315.5066458023462,114.89214944124156,1235.9265630557768,86.93550109863281,235.262024665485,75.5199966430664,316.8086048592908,115.07972559850877,1237.3642207434832,86.94339752197266,7000612.0,62716.0,7377189.0,14405748.0,16691069.0,0.0
2025-02-05,245.21124267578125,74.61000061035156,330.6960754394531,118.57807922363281,1267.2559814453125,87.13009643554688,249.3411105078302,76.3499984741211,337.20584081988113,120.50075990871011,1279.4507170461238,87.47859954833984,244.27263504831413,74.55000305175781,327.9957400912622,117.66831982065948,1265.7688244708304,87.08599853515625,244.27263504831413,76.08000183105469,329.9245594632408,117.69645552911071,1271.6679530846961,87.13009643554688,10088345.0,30739.0,7113783.0,11469878.0,10112028.0,0.0
2025-02-06,246.4314422607422,74.29000091552734,330.88897705078125,118.19353485107422,1270.577392578125,87.33409881591797,250.79599101786755,75.38999938964844,336.72364401776804,120.25690832073012,1276.9721191435924,87.6718978881836,245.58670105240742,74.08999633789062,328.4779527782332,117.5370111572033,1259.4732145791813,87.33409881591797,246.8538271869266,74.5999984741211,336.1932304503869,120.09746787444313,1262.7945076095025,87.33409881591797,14058587.0,41460.0,3123836.0,9804040.0,9956001.0,0.0
2025-02-07,248.07400512695312,74.66000366210938,330.3103332519531,117.34005737304688,1255.8544921875,87.58830261230469,248.6371754791074,75.08999633789062,334.36086589944733,118.87820477560702,1272.7089385364054,87.84269714355469,244.0849223782418,74.19000244140625,327.46531276961207,116.7022884142606,1251.1947819010975,87.31759643554688,246.0090853610994,74.19999694824219,332.7213575822594,118.20291915388368,1265.2236540965398,87.58830261230469,6557480.0,35634.0,1712683.0,8892600.0,8764283.0,0.0
2025-02-10,243.94415283203125,75.87000274658203,326.2597961425781,115.52991485595703,1242.916259765625,87.51309967041016,249.48193292665212,76.06999969482422,331.7569433130779,118.7562761822709,1255.6562137259161,88.07129669189453,241.6914999207999,74.54000091552734,323.1254645560447,115.22978872017701,1234.8856362555493,87.40859985351562,248.30867321829874,74.54000091552734,330.7925335941445,117.23688359487556,1253.673337746878,87.51309967041016,8052376.0,27341.0,1957224.0,12773729.0,6970972.0,0.0
2025-02-11,239.48574829101562,77.0,318.25518798828125,112.98822784423828,1224.2772216796875,87.49009704589844,243.803349428371,77.2699966430664,326.25977639843796,116.05514178142505,1253.7230036544372,87.57170104980469,238.17170324330758,75.88999938964844,316.5674710822828,112.54741598673206,1219.567891058193,86.59259796142578,243.56869750399335,76.05000305175781,326.25977639843796,115.52992279660334,1253.7230036544372,87.49009704589844,6819100.0,37979.0,1562978.0,14532810.0,8859714.0,0.0
2025-02-12,239.9081268310547,75.18000030517578,312.4205322265625,112.94132232666016,1206.1339111328125,86.81120300292969,241.0344388516877,76.88999938964844,318.54451023992465,113.67287933452006,1216.3952699200001,87.0271987915039,233.76024371148813,74.94999694824219,307.3091431881408,109.99633238674787,1183.1324776076385,86.2886962890625,239.48574192079667,76.81999969482422,318.25519910422736,113.19455800204027,1209.0089844264594,86.81120300292969,6568833.0,47048.0,3179345.0,14799271.0,21131654.0,0.0
2025-02-13,240.04891967773438,75.0199966430664,308.7557678222656,112.62244415283203,1205.687744140625,86.8740005493164,244.13186890839117,75.33000183105469,321.91995469287656,114.42320100874724,1217.4858807075602,87.01129913330078,239.34496390155334,74.05000305175781,307.83959624164385,112.50051321153552,1201.622872489872,86.68409729003906,240.47130460105654,74.97000122070312,316.32639005593063,113.4853059185116,1206.629682868639,86.8740005493164,5514711.0,37759.0,9771116.0,10136689.0,8511216.0,0.0
2025-02-14,235.5905303955078,74.73999786376953,301.2333679199219,109.96820068359375,1206.827880859375,86.75409698486328,242.7239545745371,75.83000183105469,311.93832120039525,113.71040013613208,1213.5200872227356,86.88999938964844,232.2584702286979,74.48999786376953,293.56629922988685,108.79583180636995,1195.1288642881832,86.53810119628906,240.6590061971224,75.23999786376953,311.50432507399796,113.01635976437568,1208.56289732395,86.75409698486328,5205573.0,41397.0,9525190.0,12351973.0,10298145.0,0.0
2025-02-17,236.8107147216797,,306.7787170410156,111.09366607666016,1214.412353515625,86.43460083007812,237.98397429291074,,308.9968474742082,111.42193506940438,1216.9900679473901,86.90609741210938,231.2260020270231,,292.45722778268066,107.29519540839472,1194.1869953911457,86.63259887695312,235.59052190319613,,301.52267265041337,109.96819487618995,1200.7304615718228,86.43460083007812,5899597.0,,4591304.0,12518983.0,8166683.0,0.0
2025-02-18,237.23309326171875,75.83999633789062,308.5628967285156,111.6095199584961,1214.908203125,86.85479736328125,237.98398227690103,76.05000305175781,309.28620400689334,111.8439937399215,1219.3696743222742,86.97599792480469,231.69531362853084,74.19000244140625,301.2815858006441,109.08657978057563,1205.6877809072391,86.84500122070312,236.76378941748192,74.63999938964844,307.64669573665776,111.0936747771314,1214.362863790828,86.85479736328125,5534272.0,50542.0,1673581.0,8678689.0,6673250.0,0.0
2025-02-19,239.9081268310547,76.04000091552734,313.0473937988281,112.42548370361328,1216.9405517578125,86.88719940185547,240.70594908152367,76.81999969482422,314.78331948232574,112.70684792898469,1222.1952216847485,86.95230102539062,234.22954754776015,75.75,305.3803249285757,110.57782928583131,1207.125412159616,86.80169677734375,235.59052580854564,75.80000305175781,307.5984848924319,110.77478639026275,1209.0586678925579,86.88719940185547,6887175.0,30426.0,2325236.0,9158990.0,6217338.0,0.0
2025-02-20,242.72393798828125,76.4800033569336,319.89471435546875,115.16414642333984,1222.4429931640625,86.872802734375,243.7094645386827,77.13999938964844,320.3769192131457,115.31420592656764,1228.738599945727,86.91329956054688,237.6554482109992,75.70999908447266,309.81662105744095,111.59076818863886,1211.5371757067999,86.53060150146484,238.40633717674643,76.04000091552734,312.27585405901385,112.39735143518607,1213.4704313005311,86.872802734375,8155780.0,33347.0,1771611.0,9940851.0,7795582.0,0.0
2025-02-21,235.87210083007812,74.43000030517578,311.50433349609375,113.79481506347656,1217.634521484375,86.45120239257812,243.47481405748925,76.75,319.2196111059041,116.027002842402,1229.3830367840985,86.76300048828125,235.2619972759546,74.20999908447266,310.44347693845515,113.32586750991958,1211.6858938870325,86.44640350341797,242.16076910125005,76.55999755859375,319.2196111059041,114.4232030679057,1218.1797397323817,86.45120239257812,9845416.0,28100.0,2193356.0,9657933.0,6904025.0,0.0
2025-02-24,235.5905303955078,74.77999877929688,307.9360046386719,112.75375366210938,1204.1510009765625,86.52940368652344,237.93704962255472,74.91000366210938,313.9153565357415,113.77605591903163,1212.7764626626977,86.7510986328125,233.47866309116563,73.91000366210938,306.3447345240891,111.98467994180989,1200.1356289010387,86.50479888916016,235.8251823182125,73.91000366210938,309.479066040959,112.78188937111503,1206.1338768607443,86.52940368652344,6773845.0,17858.0,3307496.0,8764985.0,7172498.0,0.0
2025-02-25,233.19708251953125,73.0199966430664,298.8223571777344,111.28125762939453,1193.6912841796875,86.69010162353516,237.37388396166241,75.25,308.8522123643219,113.2133192904624,1210.5457292220917,87.25240325927734,232.49312673753104,72.69999694824219,298.34015231846143,111.04678384895146,1191.2126893205104,86.68199920654297,236.4352762523288,74.88999938964844,307.9360113591237,112.75375268435413,1200.6313497853835,86.69010162353516,4172676.0,19080.0,4356438.0,7607411.0,11552182.0,0.0
2025-02-26,,72.52999877929688,,,,87.0811996459961,,73.33999633789062,,,,87.18879699707031,,72.38999938964844,,,,87.03099822998047,,73.13999938964844,,,,87.0811996459961,,11916.0,,,,0.0
2025-02-27,229.72422790527344,74.04000091552734,296.0737609863281,109.18974304199219,1196.7647705078125,87.16220092773438,234.08874785474885,74.26000213623047,301.6673251542078,111.6095140556622,1204.597154814102,87.42639923095703,227.23692330129566,72.4800033569336,291.5410238826884,108.88023594954267,1190.370043898487,87.09480285644531,233.19707343004077,72.69000244140625,299.93139956595456,110.91547370290972,1202.416039651657,87.16220092773438,7376510.0,7925.0,4865436.0,10709253.0,11509215.0,0.0
2025-02-28,222.7316131591797,73.18000030517578,283.29534912109375,106.44171142578125,1189.82470703125,87.3270034790039,229.06721522192615,73.73999786376953,295.10936793550536,108.9927872074496,1206.9270123506615,87.54199981689453,221.65220569602002,72.97000122070312,282.0416282847968,105.90711151238543,1183.0830013175257,87.26480102539062,229.06721522192615,73.7300033569336,294.1449582363697,108.79583009783762,1191.7084634163882,87.3270034790039,14066882.0,36432.0,6517549.0,24161878.0,23007298.0,0.0
2025-03-03,227.52789306640625,71.62000274658203,287.2012023925781,107.44525909423828,1161.2216796875,87.46399688720703,228.68237651238536,73.66000366210938,288.2620589692026,108.18619707313539,1196.1202465389174,87.46399688720703,219.64357989465313,71.16999816894531,277.3160027780957,103.84374538754885,1146.1022512006402,87.24169921875,224.32723741330892,73.06999969482422,284.50086695339667,107.57656383423812,1193.6912720117396,87.46399688720703,6864635.0,51816.0,3792065.0,18881646.0,17944938.0,0.0
2025-03-04,234.5768280029297,71.04000091552734,303.98193359375,110.7091293334961,1151.9517822265625,87.32959747314453,235.5342118399029,71.45999908447266,305.13920751541934,111.09366257188984,1163.948157257321,87.3949966430664,221.6052774047952,69.75,279.7752454812189,104.95983542059378,1149.6219272411693,87.1229019165039,226.2044492753632,71.44999694824219,283.6328840830104,106.0759256317712,1152.2491409974891,87.32959747314453,7201075.0,58867.0,7276713.0,14145658.0,11377373.0,0.0
2025-03-05,240.13339233398438,69.30000305175781,314.5422058105469,114.65767669677734,1165.5345458984375,87.21700286865234,241.15647129738306,71.16000366210938,322.5950323856868,114.96718379906294,1172.8712116641736,87.33540344238281,234.558060262594,68.33999633789062,302.8728429978993,110.43714872020885,1147.0938223968292,86.82479858398438,234.558060262594,71.13999938964844,302.8728429978993,110.70913915958967,1151.0595745918054,87.21700286865234,7802519.0,51721.0,12406494.0,19577861.0,8664095.0,0.0
2025-03-06,248.76858520507812,69.45999908447266,327.07952880859375,118.02471160888672,1199.243408203125,86.88929748535156,249.62272162318806,69.87999725341797,330.2138601892759,119.0001233356839,1203.5561393973805,87.14189910888672,243.09938685047527,68.7300033569336,319.9911119536846,116.2520905075218,1175.002796955133,86.82330322265625,244.03799452171262,69.44999694824219,322.7879235000663,116.86172373121647,1186.75131332057,86.88929748535156,12828381.0,49024.0,12790937.0,19384187.0,14468014.0,0.0
2025-03-07,245.22067260742188,70.36000061035156,320.6180114746094,117.08682250976562,1239.0992431640625,87.12879943847656,249.47256461556546,71.37999725341797,326.9830918489379,118.45615567208766,1244.0564330934674,87.20469665527344,244.0380176634231,69.27999877929688,318.39985154076794,116.01762265304876,1201.622838887705,86.85759735107422,248.69350413390305,69.37999725341797,326.83843628251185,117.94031049754362,1205.5885908312287,87.12879943847656,7057204.0,46468.0,3825464.0,14763396.0,16474965.0,0.0
2025-03-10,241.15646362304688,69.27999877929688,314.20465087890625,114.03865814208984,1227.7967529296875,87.07379913330078,249.63208980221245,70.86000061035156,331.75691820782936,117.64955988653672,1247.2289120927182,87.36419677734375,240.33987952694642,69.05999755859375,312.7098277002578,113.57909156128756,1224.8224391488623,86.87249755859375,245.22065090589075,70.44000244140625,324.5238458631819,116.29898869577069,1234.3402190424754,87.07379913330078,8487911.0,33488.0,7154245.0,12727300.0,11931051.0,0.0
2025-03-11,248.33682250976562,69.55999755859375,317.96588134765625,117.06806945800781,1236.62060546875,87.3551025390625,248.70289327641743,70.43000030517578,322.01638432031734,117.47136464881343,1238.801720552263,87.3917007446289,238.73488369020777,68.62999725341797,309.09330057267897,112.86629614088002,1219.2208210077197,87.14250183105469,240.2741998063646,69.41000366210938,312.46873443228696,113.66351272323372,1229.3830600118497,87.3551025390625,12306539.0,26933.0,6272107.0,18090217.0,10089838.0,0.0
2025-03-12,249.97000122070312,70.94999694824219,315.69952392578125,117.50888061523438,1246.287109375,87.20010375976562,255.3012859047341,71.08999633789062,330.79252997570063,119.86299937343557,1252.1861167007874,87.30490112304688,247.22925422452784,69.47000122070312,314.2046712189169,116.46781645806686,1233.3487958636417,87.09880065917969,250.13894372651336,69.8499984741211,322.64325616727666,117.23689017136816,1247.2289270068015,87.20010375976562,10648004.0,30577.0,8497676.0,14079943.0,11977555.0,0.0
2025-03-13,248.17724609375,69.87999725341797,312.179443359375,117.86528015136719,1237.215576171875,87.3405990600586,250.29850849687205,71.23999786376953,316.7121514603383,118.6155991232082,1253.326444606414,87.3405990600586,245.92459351774363,69.68000030517578,311.50434477150094,116.60850410244136,1233.2002036288977,86.92859649658203,249.96999009861386,70.9800033569336,315.6995330099767,117.23689212690428,1249.2615727756533,87.3405990600586,4545159.0,33450.0,4696394.0,10882226.0,9505270.0,0.0
2025-03-14,,70.58000183105469,,,,86.9220962524414,,70.75,,,,86.99569702148438,,69.94000244140625,,,,86.86630249023438,,70.08000183105469,,,,86.9220962524414,,24740.0,,,,0.0
2025-03-17,245.37083435058594,71.06999969482422,313.9153747558594,116.40216064453125,1228.2427978515625,86.93900299072266,247.50146349006192,71.79000091552734,318.6409766615931,118.17478179907158,1246.6340190017775,86.96980285644531,242.4517495466004,70.68000030517578,312.17944897218575,115.50178221330216,1222.5420300210542,86.69049835205078,245.07983961485417,70.68000030517578,314.2529240558653,117.6401818819177,1231.5145912773855,86.93900299072266,6482574.0,29314.0,5417463.0,13126112.0,16640917.0,0.0
2025-03-18,245.37083435058594,70.55999755859375,313.9153747558594,116.40216064453125,1228.2427978515625,86.91639709472656,245.37083435058594,72.19000244140625,313.9153747558594,116.40216064453125,1228.2427978515625,86.91809844970703,245.37083435058594,70.26000213623047,313.9153747558594,116.40216064453125,1228.2427978515625,86.51290130615234,245.37083435058594,70.93000030517578,313.9153747558594,116.40216064453125,1228.2427978515625,86.91639709472656,0.0,32008.0,0.0,0.0,0.0,0.0
2025-03-19,248.97508239746094,70.77999877929688,316.3263854980469,119.81609344482422,1236.471923828125,86.57610321044922,250.12955151184,71.22000122070312,318.64096292027943,119.95677913438644,1242.5196714129374,86.66000366210938,246.8632151171677,69.9000015258789,312.5651935079879,117.52762721762163,1228.1934407470596,86.27469635009766,247.33251895723288,70.36000061035156,314.3975660742783,117.52762721762163,1230.4241762433128,86.57610321044922,4955027.0,26898.0,5942282.0,11273526.0,16162399.0,0.0
2025-03-20,255.42330932617188,72.0,324.57208251953125,121.18543243408203,1258.2835693359375,86.33709716796875,256.1741840031066,72.29000091552734,327.4171029926361,122.86425836986636,1262.1005814534499,86.39900207519531,248.49638015192286,70.52999877929688,315.4101900941114,119.50659218715417,1239.347127629136,86.17639923095703,250.23281006687128,70.86000061035156,319.0267265778298,120.42572538005282,1241.1316434245866,86.33709716796875,10789615.0,33049.0,4833173.0,13947925.0,15971477.0,0.0
2025-03-21,262.49102783203125,72.16000366210938,344.2460632324219,123.34257507324219,1265.4217529296875,86.33609771728516,268.30101167616596,72.54000091552734,347.3803948397744,125.16209379247523,1270.0319634187874,86.34120178222656,254.41899603659073,71.51000213623047,322.20929512213036,120.75398984108743,1259.2252659887295,85.92990112304688,255.48902254339677,72.2300033569336,324.04166771398513,121.23231117310668,1264.0833359554676,86.33609771728516,26173451.0,23983.0,15733590.0,42928510.0,21780769.0,0.0
2025-03-24,263.2231140136719,73.0,349.0198669433594,125.36843872070312,1290.9512939453125,85.98699951171875,267.78473313777096,73.16000366210938,358.7604108666191,125.9874529333316,1294.8179260458828,86.03800201416016,262.810124383832,71.80000305175781,341.6903472866764,123.21127708681661,1273.254151243817,85.47200012207031,264.68733955800224,72.19999694824219,357.7960011599884,124.74005070890529,1279.9463572168718,85.98699951171875,11376607.0,31456.0,9399628.0,13965745.0,20299319.0,0.0
2025-03-25,261.9747619628906,73.0199966430664,348.5859069824219,122.89239501953125,1274.4439697265625,85.53209686279297,266.527014698982,73.56999969482422,352.0095497346588,125.89365650688775,1296.50346593687,85.82869720458984,260.1632561108479,72.5,340.1473218860431,122.34841413883169,1271.6183955406093,85.53099822998047,263.3451497269308,73.08999633789062,346.27130009654155,125.67794463888153,1296.50346593687,85.53209686279297,12143699.0,30415.0,6724910.0,12380949.0,13713899.0,0.0
2025-03-26,256.2492980957031,73.79000091552734,339.37579345703125,121.0728759765625,1262.150146484375,85.59040069580078,265.9357078186867,74.16999816894531,351.52736249116407,125.0214206755209,1282.7224842048433,85.85980224609375,255.4233187342318,73.08999633789062,338.5560392631486,120.89467361637799,1257.8869148358597,85.59310150146484,260.9329413663683,73.18000030517578,347.3321740895473,122.77046383113105,1279.9464094999762,85.59040069580078,9475308.0,27419.0,4094188.0,16379725.0,12074747.0,0.0
2025-03-27,259.11199951171875,74.02999877929688,346.7535095214844,122.26400756835938,1267.2559814453125,86.09539794921875,262.6693301678301,74.06999969482422,351.0451446281167,122.81736225065012,1273.9978081396894,86.09629821777344,255.47019761288556,73.2300033569336,336.7236541326852,120.5382839941931,1260.4151561828103,85.63300323486328,256.60593337888156,73.98999786376953,338.2667155997581,121.03536725945682,1267.2064821612498,86.09539794921875,107524873.0,19183.0,4545137.0,13141045.0,15028056.0,0.0
2025-03-28,261.3741149902344,73.62999725341797,347.5250244140625,119.76920318603516,1264.1824951171875,85.69490051269531,266.874342944435,74.20999908447266,356.2047112927914,123.11749561209754,1284.6557128160619,85.78099822998047,259.33732346258444,73.12000274658203,345.3068645528525,119.58162702547884,1258.1347478785124,85.4186019897461,259.98496513555847,74.05999755859375,350.80401134862626,121.92636481029214,1269.0405652360093,85.69490051269531,12687883.0,12292.0,5348515.0,15396398.0,18147129.0,0.0
2025-03-31,,74.73999786376953,,,,85.53880310058594,,74.79000091552734,,,,85.53939819335938,,73.37000274658203,,,,85.2654037475586,,73.41999816894531,,,,85.53880310058594,,53426.0,,,,0.0
2025-04-01,267.12774658203125,74.48999786376953,348.8269958496094,123.08936309814453,1241.8751220703125,85.46810150146484,269.3803992441163,75.27999877929688,350.56292151506904,123.33321068208203,1266.9585500115554,85.81729888916016,258.11710728965846,74.33999633789062,337.15763274094746,119.3471563444482,1238.603449529153,85.37519836425781,258.11710728965846,74.62999725341797,342.1725454586354,120.05057769814829,1253.7723771839194,85.46810150146484,20780255.0,54055.0,5111753.0,12740476.0,12099648.0,0.0
2025-04-02,269.1926574707031,74.94999694824219,349.2609558105469,123.15501403808594,1240.437744140625,85.61009979248047,270.36591701101133,75.45999908447266,350.4664678970333,123.33321641241936,1244.8000957785905,85.7063980102539,260.6513509324847,73.70999908447266,340.4848219346365,120.05058327596713,1233.2498182568117,85.39569854736328,265.6728788497785,74.4000015258789,347.28392776128817,122.69545455811526,1236.8685913550723,85.61009979248047,12058406.0,61062.0,2536402.0,8531198.0,10142590.0,0.0
2025-04-03,269.1926574707031,70.13999938964844,349.5503234863281,122.9205322265625,1238.0086669921875,85.65119934082031,273.5102583078437,73.62000274658203,360.9785554075994,124.92762721237236,1241.08222182284,85.910400390625,265.62595992577883,69.47000122070312,346.5606473936301,121.81382285350891,1222.4927580494818,85.20230102539062,265.62595992577883,73.58999633789062,348.15191758494444,122.02016092495005,1222.4927580494818,85.65119934082031,6663148.0,100212.0,5566330.0,9909642.0,7434366.0,0.0
2025-04-04,262.2939147949219,65.58000183105469,345.5962219238281,122.05766296386719,1194.38525390625,85.28289794921875,277.5462888483528,70.05000305175781,364.4022110761429,125.91241224642698,1234.7863505024063,85.63829803466797,260.04123355795895,64.01000213623047,338.12204674790814,120.87592033613564,1182.9342181609516,84.92500305175781,274.21421456103036,69.80999755859375,359.7248181442775,124.65563629629523,1230.473619610667,85.28289794921875,18852567.0,121211.0,12874209.0,21497796.0,17908652.0,0.0
2025-04-07,256.8969421386719,64.20999908447266,340.2437438964844,120.13497924804688,1155.7191162109375,85.529296875,261.96541805282345,67.41000366210938,353.89016523846163,121.56058379914185,1161.2216449878495,86.03240203857422,245.91522045464836,62.5099983215332,329.3459256263759,114.75146340791251,1105.304523000697,83.23609924316406,245.91522045464836,64.79000091552734,337.5434084018494,114.8452514862702,1122.5059464290011,85.529296875,15010047.0,114411.0,15489620.0,24739154.0,22156106.0,0.0
2025-04-08,268.3479309082031,62.81999969482422,356.0118408203125,122.84549713134766,1172.0780029296875,86.0270004272461,269.84970893018647,65.19000244140625,358.47110325529405,123.53954466267274,1186.3547349162204,86.31089782714844,258.21097938687376,61.279998779296875,340.43662979122473,120.23814987827808,1153.3399207865864,85.81120300292969,262.340847464303,64.44000244140625,347.28394466198387,121.4386544705773,1161.9653833278503,86.0270004272461,18994276.0,89690.0,10576907.0,12634136.0,19555040.0,0.0
2025-04-09,270.2721252441406,65.4800033569336,365.80059814453125,123.44575500488281,1175.2010498046875,86.435302734375,272.80634909686995,66.0199966430664,369.41713462538854,124.27110731605751,1179.613021672609,86.74299621582031,262.4347444498098,58.38999938964844,352.1542063763863,120.7821362148208,1157.9996241138485,86.1312026977539,270.9760810883493,61.54999923706055,358.7604189010421,123.80215974127992,1159.4867811653644,86.435302734375,14519066.0,127044.0,11180400.0,14769184.0,10223104.0,0.0
2025-04-10,,63.33000183105469,,,,86.20929718017578,,66.2300033569336,,,,86.3311996459961,,62.0099983215332,,,,85.60369873046875,,65.80999755859375,,,,86.20929718017578,,78111.0,,,,0.0
2025-04-11,275.1997985839844,64.76000213623047,368.597412109375,123.64271545410156,1208.5133056640625,86.2603988647461,278.2502737141368,65.05000305175781,372.985464626519,124.36489870401412,1212.1816988912137,86.26689910888672,268.9111153195946,62.7599983215332,363.6306784340886,122.920532204189,1184.917153801556,85.93720245361328,278.2502737141368,63.45000076293945,370.8155427250073,124.27110346750565,1184.917153801556,86.2603988647461,14955235.0,58543.0,7217670.0,10020795.0,11224242.0,0.0
2025-04-14,,64.87999725341797,,,,86.19300079345703,,65.9000015258789,,,,86.20030212402344,,64.04000091552734,,,,85.78579711914062,,64.88999938964844,,,,86.19300079345703,,43786.0,,,,0.0
2025-04-15,276.32611083984375,64.66999816894531,365.60772705078125,124.61812591552734,1229.4822998046875,86.0447998046875,278.57876367002035,65.38999938964844,373.17834916271397,125.11520920777284,1240.288998738938,86.04499816894531,273.2287167788553,64.2300033569336,362.71449791996224,123.80216170205729,1226.5079856590305,85.59089660644531,278.57876367002035,64.93000030517578,372.79256173344584,125.11520920777284,1240.288998738938,86.0447998046875,8516322.0,40096.0,4572204.0,10142685.0,13378535.0,0.0
2025-04-16,280.4090576171875,65.8499984741211,376.1679992675781,125.51850128173828,1228.689208984375,85.72669982910156,282.0985400632086,66.30999755859375,377.2288558451746,125.81862026795399,1230.2754856402491,85.76329803466797,274.58967826927557,63.79999923706055,363.87177534561425,124.09289674156959,1218.477348782242,85.50800323486328,275.9506709270397,64.86000061035156,365.0290787814375,124.73067284288584,1223.5336585713449,85.72669982910156,9064723.0,50308.0,3731014.0,9200167.0,8248464.0,0.0
2025-04-17,280.0335998535156,67.95999908447266,373.9016418457031,125.9593276977539,1263.5877685546875,85.62049865722656,283.22486015462033,68.12999725341797,377.37349312196176,126.42827529580128,1269.238916912585,85.62560272216797,277.31164338033904,65.94999694824219,371.3459326681134,124.64626583653428,1217.0893007676923,85.29740142822266,279.70508144515946,66.01000213623047,376.02332546658926,125.20900867864911,1229.5813957339365,85.62049865722656,7510897.0,39781.0,2358710.0,10404917.0,15398401.0,0.0
2025-04-21,285.3836364746094,66.26000213623047,380.79718017578125,130.06729125976562,1284.4078369140625,,286.7915479098941,67.77999877929688,384.79947458910243,131.02394831052382,1289.7616259352505,,279.7050718099067,65.68000030517578,370.8155337832328,125.96869407394213,1256.1518559398821,,281.4415016422309,67.77999877929688,373.9016566302111,126.77528446749432,1259.126169726638,,6455955.0,38512.0,2836553.0,20249817.0,10429964.0,
2025-04-22,287.3078308105469,67.44000244140625,384.2690734863281,129.72027587890625,1280.144775390625,85.15889739990234,289.5604836253407,68.04000091552734,387.93381873348034,130.7707138671149,1292.7361113748846,85.23139953613281,284.069622696507,66.55000305175781,379.0130286196589,128.67921169018368,1275.2868257139828,84.972900390625,286.27535658258967,66.5999984741211,381.80981098526973,130.5081043700627,1288.8694787336528,85.15889739990234,7096150.0,46152.0,5630844.0,12648948.0,13051707.0,0.0
2025-04-23,282.00469970703125,66.12000274658203,374.96246337890625,129.10125732421875,1288.869384765625,85.2323989868164,287.8240503593405,68.63999938964844,384.99234737050284,130.53623571048942,1294.8180126953125,85.52120208740234,279.9866702025668,65.29000091552734,370.1886532291329,127.338024233192,1274.3944143417477,85.19580078125,287.30782757319594,67.76000213623047,384.317248837106,130.32052384037615,1285.8950708007812,85.2323989868164,7400827.0,58914.0,4742867.0,12689457.0,10480888.0,0.0
2025-04-24,283.45953369140625,66.55000305175781,376.55377197265625,129.79530334472656,1290.4556884765625,85.4999008178711,286.7446607374987,67.02999877929688,379.9774145699331,130.6769270354933,1293.3308829080645,85.66519927978516,281.8638890971189,65.80999755859375,373.5158579303018,128.78237491136542,1279.2525115884996,85.23690032958984,284.3512224901023,66.22000122070312,376.1197758433348,129.101255813217,1281.3345072026398,85.4999008178711,5773985.0,36169.0,4385172.0,8177419.0,10468940.0,0.0
2025-04-25,277.5462951660156,66.87000274658203,367.1507873535156,126.28756713867188,1289.2659912109375,85.2573013305664,286.2284159786728,67.18000030517578,379.1094618381311,130.8363640134164,1313.85358083958,85.66290283203125,275.29361387777595,65.55999755859375,364.7879717979751,124.5712317314417,1277.071255478384,85.06079864501953,283.7880303457681,66.56999969482422,376.5055438557578,129.8046736981723,1292.3394247863746,85.2573013305664,7773037.0,30729.0,2552932.0,14663542.0,14431012.0,0.0
2025-04-28,290.9683837890625,65.86000061035156,378.24151611328125,128.0133056640625,1357.0804443359375,85.38490295410156,291.86007255183597,67.52999877929688,379.01303214149823,128.81989601187905,1362.8307123815491,85.45850372314453,275.1059195629171,65.25,363.58247612555937,125.34967273869458,1308.8964585313056,84.95379638671875,275.1059195629171,67.20999908447266,363.58247612555937,125.49973938739146,1328.5269802313521,85.38490295410156,14414879.0,21525.0,6104973.0,10943944.0,31104496.0,0.0
2025-04-29,292.56402587890625,64.25,377.1806335449219,127.34739685058594,1387.7156982421875,85.1603012084961,296.2245901091726,65.80999755859375,382.67775108844177,129.66399891644392,1398.8198762816546,85.37650299072266,290.78064836823387,63.88999938964844,375.39646974206755,127.11292307316019,1358.2700385179512,84.95500183105469,292.4232118114076,65.75,379.1094529141811,128.77300142445478,1359.2614765022709,85.1603012084961,9522966.0,17528.0,4419920.0,15222917.0,32538970.0,0.0
2025-04-30,291.01531982421875,63.119998931884766,365.2219543457031,129.2982177734375,1392.9703369140625,85.1707992553711,302.6540787752306,63.75,388.41599517117965,131.21151746151938,1400.3070020394923,85.26390075683594,290.0297931497705,63.0,361.17142195308946,127.97578226090587,1357.2785702742715,84.41529846191406,299.41587059798314,63.54999923706055,380.9418202175443,128.02267987766848,1389.9960230274132,85.1707992553711,21424437.0,79025.0,9150558.0,39902398.0,25480745.0,0.0
2025-05-01,,62.130001068115234,,,,84.53119659423828,,62.36000061035156,,,,84.716796875,,59.310001373291016,,,,84.3406982421875,,61.13999938964844,,,,84.53119659423828,,66984.0,,,,0.0
2025-05-02,292.2824401855469,61.290000915527344,369.8511047363281,134.10023498535156,1407.6436767578125,84.69670104980469,298.0079530436973,62.720001220703125,376.40907865398924,135.1412991001224,1414.4845019236116,84.74819946289062,290.87452859636403,60.70000076293945,366.4274622147376,129.5326905098514,1397.0352178747166,83.58270263671875,291.48461788953637,61.880001068115234,366.4274622147376,131.10834738023794,1401.8932881277126,84.69670104980469,6850147.0,58444.0,3503397.0,45858781.0,13007841.0,0.0
2025-05-05,301.3399963378906,60.22999954223633,395.2633056640625,139.3336944580078,1419.0452880859375,84.52629852294922,305.84533056968866,60.77000045776367,399.2655998731196,140.4404181232973,1427.1750314493302,84.55960083007812,296.6000388206802,58.40999984741211,377.3252800733286,135.76031639904897,1414.6829365878357,72.96710205078125,297.53864653846716,59.5099983215332,378.04858731947553,135.99479017521313,1418.747808269532,84.52629852294922,16037327.0,49504.0,28073682.0,47549493.0,12685649.0,0.0
2025-05-06,292.329345703125,62.150001525878906,382.6777648925781,135.1319122314453,1408.7342529296875,84.2208023071289,302.4193773073609,62.79999923706055,397.192148828692,140.49667273322657,1419.7391903256466,84.6167984008789,291.48457595591805,60.189998626708984,381.03828602843646,134.7098623470652,1398.5223933042987,84.2145004272461,301.3869032283539,60.279998779296875,395.40798496147846,140.02772523699494,1418.7477523435755,84.2208023071289,5444873.0,63444.0,5485163.0,18018626.0,14084117.0,0.0
2025-05-07,297.44476318359375,61.119998931884766,382.8224182128906,135.51646423339844,1393.9617919921875,84.79319763183594,298.0079335111615,63.209999084472656,390.68235088936376,136.1260903063175,1412.2042749259901,84.89129638671875,288.15255303283965,60.849998474121094,378.6272303943294,131.30531020412602,1390.6899982666434,84.47319793701172,288.15255303283965,62.06999969482422,379.9773980034839,131.30531020412602,1408.7342420156256,84.79319763183594,7970668.0,60579.0,8825404.0,19316740.0,13440169.0,0.0
2025-05-08,289.04425048828125,62.84000015258789,374.28741455078125,132.2338409423828,1394.9532470703125,84.81719970703125,300.5421947263903,63.209999084472656,388.2713553537576,137.29846897399298,1408.6351396947061,85.88359832763672,286.9323831792408,60.779998779296875,371.2977385617862,130.8363720317522,1386.030305191398,84.52200317382812,296.1307271121146,60.93000030517578,384.79947450948754,135.56335724051212,1392.0780527042998,84.81719970703125,5918739.0,56931.0,5347464.0,12047287.0,16106175.0,0.0
2025-05-09,288.0117492675781,63.90999984741211,372.50323486328125,131.2959442138672,1365.4083251953125,86.08219909667969,288.4810530699877,64.2699966430664,374.1909517849919,132.1025345969651,1382.8577303043132,86.08290100097656,282.8494074410725,62.849998474121094,366.4756744286003,129.0637492280777,1362.731491083779,85.27110290527344,283.975719380437,63.25,368.597387474187,129.42952775581142,1373.637308764333,86.08219909667969,4955934.0,51994.0,3757854.0,15348575.0,13668904.0,0.0
2025-05-12,290.0766906738281,64.95999908447266,374.96246337890625,133.50938415527344,1424.2005615234375,85.4083023071289,296.5531065504102,66.37999725341797,382.87063434963886,135.47895544006337,1426.6791563050656,85.40840148925781,288.293341819073,63.88999938964844,372.2621281082131,132.90913181450725,1388.013077711669,83.71240234375,295.66141780101606,64.2300033569336,380.941815033016,135.05690547269015,1388.013077711669,85.4083023071289,6844271.0,62946.0,4957935.0,13526883.0,10674081.0,0.0
2025-05-13,288.0586853027344,66.62999725341797,375.0589294433594,132.89036560058594,1403.57861328125,84.9656982421875,291.53154510448786,66.80000305175781,379.5916668421907,134.10024404269677,1435.304626683893,85.46720123291016,285.8060326461525,64.6500015258789,372.45504089140303,132.2432156597022,1400.3069407641844,84.60399627685547,290.0766860441716,64.91999816894531,376.1197860081336,133.50937983196553,1421.226256646525,84.9656982421875,7241358.0,55567.0,3665291.0,9484801.0,11407896.0,0.0
2025-05-14,293.3149108886719,66.08999633789062,382.4848937988281,134.55979919433594,1412.204345703125,85.060302734375,294.30043753164415,66.58999633789062,383.8350614956891,134.97247529147742,1417.6572548355593,85.51100158691406,289.46661352900566,65.68000030517578,377.5181897185279,133.13419476179507,1403.3805230837922,84.90249633789062,289.74821302987937,66.5199966430664,378.8201192714073,133.1717185767037,1407.8419941921477,85.060302734375,7733320.0,49980.0,4370060.0,9987794.0,5570160.0,0.0
2025-05-15,297.53863525390625,64.52999877929688,388.3677978515625,135.9947967529297,1441.7491455078125,85.48760223388672,300.5421912945243,65.83999633789062,392.8040589251357,136.9326919029499,1448.8875719918406,85.731201171875,294.25350836624483,63.439998626708984,383.5457493529409,134.65361355775005,1400.6044669576877,85.20330047607422,294.7228122073393,65.76000213623047,385.7638798897275,135.05690160290948,1412.7992032271827,85.48760223388672,7055032.0,70642.0,5828155.0,10181275.0,20177211.0,0.0
2025-05-16,300.4483337402344,65.41000366210938,395.4562072753906,135.732177734375,1443.9302978515625,85.44490051269531,301.2930749505412,65.54000091552734,396.5653020360247,137.7298988433466,1448.4908883531898,85.67539978027344,296.41230340027084,64.16999816894531,388.31958099254274,135.46018014570865,1434.9082364412498,85.21700286865234,296.60003639990975,64.62999725341797,390.05553620606787,135.99478721306738,1440.757623701411,85.44490051269531,6861786.0,38629.0,5353067.0,14529013.0,9036695.0,0.0
2025-05-19,297.72637939453125,65.54000091552734,390.4894714355469,135.7040557861328,1428.4638671875,85.50029754638672,299.9320846150281,66.01000213623047,396.85458117544005,136.76388191833493,1442.1456384779733,85.62860107421875,296.7408241049147,64.43000030517578,389.71795546829514,135.15070106500656,1425.886031660542,85.33300018310547,298.9934768976986,65.30999755859375,395.50441351702574,135.99480100194,1439.667043567546,85.50029754638672,2956007.0,43539.0,2489091.0,6802870.0,6195791.0,0.0
2025-05-20,293.6903076171875,65.37999725341797,383.25640869140625,133.1060791015625,1412.4024658203125,85.37210083007812,300.0259088159266,66.0,395.8901816410271,136.75449069361446,1432.6278240113834,85.63849639892578,292.61091462324543,64.8499984741211,378.2414959129224,132.6089958127307,1409.6265122020175,85.36109924316406,297.5386044444869,65.56999969482422,391.5503379933179,135.99479790544302,1425.88599760598,85.37210083007812,5016433.0,42663.0,3231580.0,11330045.0,11270560.0,0.0
2025-05-21,296.459228515625,64.91000366210938,390.4894714355469,134.48477172851562,1416.9630126953125,85.53610229492188,297.3039696619433,67.48999786376953,391.4538811103353,134.70987169433715,1423.9030780659657,85.68470001220703,290.35827886194664,64.61000061035156,376.6501867160433,131.82115319977035,1405.9580760983038,85.46710205078125,293.12715421065843,65.61000061035156,381.4240263788251,132.80594587241814,1411.708464386899,85.53610229492188,5232094.0,58658.0,3723167.0,8705960.0,6136364.0,0.0
2025-05-22,293.8311462402344,64.44000244140625,386.9693908691406,134.3909912109375,1397.332763671875,85.60030364990234,299.3220073356999,65.0199966430664,392.46653791387973,135.24447924141182,1411.6094953044076,86.09980010986328,289.7482254212809,63.529998779296875,383.6421656423594,133.05918180076324,1384.9397884743898,85.4655990600586,295.5675763157625,64.63999938964844,390.58592723240366,133.7344674610128,1409.031659643212,85.60030364990234,4876801.0,45811.0,1971376.0,7157328.0,12134466.0,0.0
2025-05-23,299.3219909667969,64.77999877929688,393.57562255859375,135.11317443847656,1414.5838623046875,85.97489929199219,300.35446516962423,65.04000091552734,397.09571223920875,136.3980862279074,1421.5239286750705,86.02279663085938,292.84560354038365,63.310001373291016,389.621536720438,134.1190078588167,1394.5567410207764,85.08219909667969,292.84560354038365,64.0199966430664,389.621536720438,134.38161735868366,1394.5567410207764,85.97489929199219,4257721.0,29810.0,5540517.0,9699995.0,6474883.0,0.0
2025-05-26,303.12335205078125,,399.8442687988281,134.66297912597656,1422.5152587890625,85.19930267333984,304.06195970086077,,402.59284233900286,135.7321789591991,1428.6621258406371,85.19950103759766,299.4158403753544,,393.9131550109449,134.0252030211518,1412.898237790455,84.768798828125,299.4158403753544,,394.25067486187726,135.11316476334832,1419.7391840414937,85.19930267333984,5050848.0,,2976520.0,5996548.0,4842944.0,0.0
2025-05-27,297.53863525390625,64.08999633789062,397.4814453125,134.5035400390625,1409.9239501953125,85.158203125,303.0764148500146,65.41000366210938,400.76043235130055,135.16943754737366,1424.696400543767,85.44840240478516,296.1307237306228,63.470001220703125,391.83964277568776,133.65005206139946,1401.794207036506,82.0958023071289,303.0764148500146,65.0199966430664,400.1818100861488,134.66298048909678,1413.8897021801247,85.158203125,4716473.0,34117.0,4849935.0,4970656.0,12640414.0,0.0
2025-05-28,301.9501037597656,64.9000015258789,403.2196960449219,135.2444610595703,1400.8028564453125,85.3604965209961,302.7948449475643,65.61000061035156,405.5342734075697,135.47893481810326,1410.4197571984832,85.72149658203125,294.4881612054718,64.02999877929688,394.4917707181851,133.8470066178452,1398.621620102477,85.24729919433594,297.5386361821022,64.31999969482422,397.48144663435215,134.4847683717064,1407.9411620533203,85.3604965209961,7112876.0,17817.0,5630546.0,6390053.0,5944611.0,0.0
2025-05-29,299.556640625,64.1500015258789,399.98895263671875,134.77552795410156,1405.660888671875,85.38590240478516,302.7479010644619,66.12999725341797,404.232349744043,135.83535403556363,1407.842003929875,85.61409759521484,298.1018101529616,63.779998779296875,397.9154775147655,133.76259949158936,1396.5395861721686,85.38590240478516,301.4808035893469,65.30000305175781,403.94303858524046,135.29137314026204,1400.0096192804465,85.38590240478516,4000772.0,10456.0,3108847.0,7054326.0,13771917.0,0.0
2025-05-30,298.8526611328125,63.900001525878906,396.42059326171875,133.15296936035156,1408.7342529296875,85.36129760742188,302.60709162102376,64.5199966430664,403.9912152519355,135.43204759886746,1418.3511529457182,85.64140319824219,297.53861619074485,63.70000076293945,394.34711830425766,132.44017423171417,1397.6300749154059,85.23860168457031,298.0548389252613,63.81999969482422,399.9889209049388,134.77552388681414,1405.8590585766528,85.36129760742188,9148638.0,63546.0,6164496.0,28315951.0,13788484.0,0.0
2025-06-02,297.1632080078125,64.62999725341797,393.67205810546875,134.47540283203125,1401.5958251953125,85.52429962158203,299.88516464984934,65.70999908447266,398.0119018303536,134.58794566347314,1405.3633379328091,85.62169647216797,296.27151922181895,62.970001220703125,392.51475467291993,132.67464597324394,1383.650821945961,85.28410339355469,298.8526904355501,63.040000915527344,395.0222258224765,133.15296731801538,1400.0095486308933,85.52429962158203,3086437.0,57349.0,2200493.0,7051525.0,8098668.0,0.0
2025-06-03,290.7337341308594,65.62999725341797,387.6927185058594,132.2807159423828,1393.466064453125,85.36370086669922,301.2461517943344,65.94000244140625,395.4079964860755,135.0568916793616,1414.2862617875367,85.70449829101562,290.0297783581454,64.5199966430664,386.824755619375,131.86805412805617,1391.3840689247124,85.28520202636719,295.7083434670911,65.02999877929688,392.99697211725794,134.96309644679366,1410.1222707307113,85.36370086669922,7853488.0,43536.0,2570008.0,7002799.0,11252626.0,0.0
2025-06-04,292.4232177734375,64.86000061035156,392.1289978027344,131.93370056152344,1411.3118896484375,85.70880126953125,293.4556919732895,65.95999908447266,393.1416162355465,132.61835996994014,1413.493004678654,86.010498046875,289.65434224205455,64.27999877929688,386.72829748768885,130.46121271236885,1394.0608455067168,85.55130004882812,290.7337353693406,65.61000061035156,389.62152664595084,132.24320765848688,1402.5871874772963,85.70880126953125,5925942.0,56182.0,2415724.0,11904779.0,8126827.0,0.0
2025-06-05,290.7806396484375,65.33999633789062,386.7283020019531,130.59251403808594,1430.0501708984375,85.9041976928711,296.0368482377794,65.86000061035156,394.8293378533601,132.86221837866535,1442.244785474372,86.02770233154297,289.3258092428665,64.62999725341797,385.66744541191724,130.39554977747954,1411.4110884077945,85.61949920654297,292.00084678462406,64.91000366210938,393.96137498203956,131.92432331341055,1415.7734397380668,85.9041976928711,5900170.0,38658.0,2588378.0,9478214.0,13716817.0,0.0
2025-06-06,297.2570495605469,66.47000122070312,392.5629577636719,132.036865234375,1431.140625,85.87750244140625,298.3364426123479,66.66999816894531,393.2380563282311,132.31823661424656,1439.0721282906131,85.94000244140625,290.0297593110409,64.81999969482422,387.93380296267554,130.5925131407105,1424.6962785763767,85.47799682617188,290.0297593110409,65.19999694824219,387.93380296267554,130.5925131407105,1428.6620302216834,85.87750244140625,5825337.0,39490.0,1443804.0,5702365.0,8182161.0,0.0
2025-06-09,300.7298889160156,67.04000091552734,393.91314697265625,134.4191436767578,1436.3953857421875,85.7853012084961,301.71544414668324,67.12999725341797,395.0222122223199,134.57858413955762,1445.0208477095387,85.85600280761719,295.6614132744038,66.08000183105469,390.4412662259914,132.0837795333248,1432.9253528317358,85.48880004882812,298.2895032681188,66.5999984741211,392.5629498706854,132.24321999612462,1444.5251287223314,85.77899932861328,3787426.0,35213.0,1139355.0,9972191.0,7885125.0,0.0
2025-06-10,300.4483337402344,66.87000274658203,390.682373046875,133.3592987060547,1426.1834716796875,85.75599670410156,304.76593493562217,68.0,395.3115278069316,134.49414369599012,1441.4516401070769,85.75599670410156,299.7912968855323,66.4800033569336,389.71796335257585,133.181096357765,1423.704876838395,85.50800323486328,301.4808079501801,67.11000061035156,394.5400118240716,134.25966993479688,1437.5850079496329,85.75599670410156,6489933.0,40266.0,2079819.0,7906157.0,7913181.0,0.0
2025-06-11,313.35418701171875,69.7699966430664,400.08538818359375,136.1354522705078,1436.4945068359375,85.65280151367188,313.964276289154,69.95999908447266,407.94532171088224,138.0581398650109,1456.0257865422643,85.6532974243164,300.6360354644074,66.47000122070312,391.59856477754715,133.3592911103408,1430.7441181682645,85.404296875,300.6360354644074,66.56999969482422,392.1772165102355,133.5562410442856,1433.4210733170682,85.65280151367188,21739121.0,58118.0,8990781.0,28652440.0,8195700.0,0.0
2025-06-12,299.08734130859375,69.36000061035156,378.5790100097656,134.10963439941406,1429.2569580078125,85.46980285644531,310.679152265431,70.61000061035156,395.40797078273175,135.7790866432936,1444.5251270006308,85.71289825439453,298.24260009770603,68.37000274658203,376.50553507365794,132.71216545567796,1422.1186530105915,85.38050079345703,310.2098484100452,70.36000061035156,395.40797078273175,135.69466520222304,1441.055094094315,85.46980285644531,13568848.0,60336.0,12405231.0,30425949.0,8828114.0,0.0
2025-06-13,293.1271667480469,74.2300033569336,372.50323486328125,131.6241912841797,1415.67431640625,85.68840026855469,295.09824860311636,78.52999877929688,374.576709766522,134.29719797022116,1423.2092208521976,86.20439910888672,280.92526691880073,69.91999816894531,356.9762332972537,128.50099896962303,1402.1907840779525,85.62039947509766,286.27534214769884,70.2699966430664,362.61803575040454,130.3674153193723,1411.8076840776937,85.68840026855469,13958229.0,175031.0,17736231.0,23705826.0,9757276.0,0.0
2025-06-16,296.9754638671875,73.2300033569336,381.2793884277344,133.04043579101562,1425.489501953125,86.24919891357422,297.39784878029445,78.4800033569336,382.38845371868666,133.36869051432743,1430.050092219024,86.24120330810547,289.56046893288305,70.63999938964844,369.4171312209713,130.27363358639784,1412.204209506703,85.77400207519531,290.9214615248648,76.80999755859375,370.4297790851487,131.30532399942257,1414.6828043278585,86.24919891357422,6893567.0,100509.0,5792606.0,15176810.0,8458093.0,0.0
2025-06-17,293.5964660644531,76.44999694824219,379.2541198730469,132.8809814453125,1418.9459228515625,86.10420227050781,300.77683761472986,77.08000183105469,386.72829515344387,134.55982182180114,1435.602128554236,86.38980102539062,292.5640205484956,72.52999877929688,378.04860773104735,132.43079576870178,1413.5922548276174,85.88349914550781,294.7228067197212,72.80999755859375,379.9292184451461,132.52459101060364,1435.602128554236,86.10420227050781,7219608.0,88748.0,3815275.0,9983651.0,10366599.0,0.0
2025-06-18,296.459228515625,76.69999694824219,379.92919921875,132.07440185546875,1417.85546875,86.36270141601562,297.39783615465245,77.43000030517578,380.8936088835454,133.26551839161226,1430.4468040463896,86.54630279541016,290.68679726441263,74.44000244140625,374.4802610674978,130.8363733884652,1413.4931173168031,86.25260162353516,292.84558337656296,77.19000244140625,376.216216122998,132.2619780231875,1417.7563491543892,86.36270141601562,10011198.0,0.0,3440848.0,9045315.0,6681735.0,0.0
2025-06-19,294.2065734863281,,376.1197814941406,130.0579071044922,1421.028076171875,86.61360168457031,297.5386191198047,,382.3402358068153,132.42140667828858,1427.5715425014369,86.90170288085938,291.062232192691,,375.1071630857742,129.7390262166784,1413.4930508573852,86.32530212402344,297.5386191198047,,379.6881091424336,132.01810435805342,1417.8554020854735,86.61360168457031,5399948.0,,3390334.0,5943647.0,10007230.0,0.0
2025-06-20,294.2535400390625,77.01000213623047,378.2897033691406,130.03915405273438,1453.6463623046875,86.58380126953125,296.50619298998015,79.0199966430664,380.4114164735545,130.5174897281764,1458.4053131642288,86.76309967041016,290.96841279779704,75.52999877929688,374.43206458398686,128.49163281265993,1415.8725983169522,86.47100067138672,291.8131540738866,76.12000274658203,375.6375767043474,129.70151123348163,1418.7477927518771,86.58380126953125,8522458.0,98821.0,6244473.0,33690253.0,29010635.0,0.0
2025-06-23,294.2065734863281,71.4800033569336,379.2541198730469,131.23028564453125,1444.326904296875,86.5802993774414,296.1307076728656,81.4000015258789,383.06355001434486,131.4647594284111,1451.266970188698,87.02940368652344,289.27888342204113,69.54000091552734,369.89933387855115,127.92889076038279,1429.6535737155343,86.55180358886719,290.9683657007554,80.01000213623047,376.45733758989775,128.49163356615202,1440.5593915455418,86.5802993774414,6848410.0,100475.0,4641365.0,14001242.0,5989078.0,0.0
2025-06-24,299.6505126953125,67.13999938964844,391.79144287109375,133.96893310546875,1438.378173828125,86.23300170898438,307.6755971924206,70.7300033569336,400.03713408078596,136.27616135622765,1462.3709229333156,86.35459899902344,297.53864533880676,66.80999755859375,389.52507417681124,133.33117130464615,1430.7440292763747,85.9000015258789,305.5168109078284,70.5999984741211,397.81900353064907,135.43204717666748,1452.4565437947847,86.23300170898438,11172373.0,62358.0,15143931.0,25393037.0,16402744.0,0.0
2025-06-25,299.9790344238281,67.68000030517578,393.6238098144531,133.162353515625,1454.737060546875,85.90480041503906,303.1702949577342,68.76000213623047,397.1438993031671,135.05690578444396,1459.7933702625824,86.1270980834961,297.1632112508461,67.31999969482422,390.63413388363995,132.87160829989998,1447.9952335758323,85.79019927978516,302.70099109557054,67.91999816894531,395.4079736305391,134.40975582111034,1451.4652666586912,85.90480041503906,6658747.0,23618.0,4125652.0,15297425.0,7525851.0,0.0
2025-06-26,309.5058898925781,67.7300033569336,405.3414001464844,137.19529724121094,1482.4971923828125,86.006103515625,310.67914952067736,69.04000091552734,409.24727723498097,137.8236852553386,1485.9672251547677,86.11810302734375,299.2750716643596,67.38999938964844,393.1898610216934,133.19048106490376,1452.55569413543,85.58699798583984,299.2750716643596,67.75,393.4791721698267,133.27490250231614,1456.5214458748073,86.006103515625,15528180.0,13057.0,11364641.0,24194161.0,14657893.0,0.0
2025-06-27,312.5563659667969,67.7699966430664,423.3758544921875,138.07691955566406,1502.425048828125,85.66639709472656,313.6827066711377,68.41000366210938,424.6295753183323,139.08984799412366,1508.9685148979506,85.77970123291016,307.30015708659647,67.20999908447266,404.5216567993401,136.93268637394917,1484.0834473001275,85.37249755859375,309.74054284997885,67.95999908447266,405.9682713363294,137.19529586045977,1486.5620421012081,85.66639709472656,9911738.0,8218.0,15352970.0,19189378.0,11117052.0,0.0
2025-06-30,311.5708312988281,67.61000061035156,422.45965576171875,137.83306884765625,1487.7518310546875,85.4552993774414,316.96782546688655,68.12000274658203,427.4263892436463,140.21531608150244,1511.7447031481738,85.92769622802734,310.06905327977915,67.11000061035156,420.72373008067007,137.32659748435904,1483.191240482831,85.24199676513672,313.49496558808784,67.16999816894531,424.34026644239503,138.11442592599542,1500.838885203447,85.4552993774414,5840638.0,32957.0,3398554.0,10645295.0,8409527.0,0.0
2025-07-01,311.6647033691406,67.11000061035156,424.7742614746094,138.0018768310547,1515.3138427734375,85.71399688720703,314.9029116831091,67.4800033569336,425.7868798806818,138.99604329244565,1518.2881567329412,85.74169921875,310.58531014582996,66.33999633789062,418.3127047525384,137.11087939741995,1487.256099345396,85.45929718017578,311.19539947691544,66.58999633789062,423.7616136370888,137.4109983710744,1487.7518183386467,85.71399688720703,3921773.0,29256.0,4624750.0,9899904.0,10368523.0,0.0
2025-07-02,311.4300231933594,69.11000061035156,421.0130615234375,138.72406005859375,1505.796142578125,85.6427993774414,314.38666036160197,69.19999694824219,430.94649953495644,139.69946461213297,1516.9002002088087,85.77100372314453,308.6142000952493,66.94000244140625,417.8787298587667,137.88933403787274,1495.7825215605471,85.510498046875,313.21340073738946,67.20999908447266,428.19792588118594,138.80846717828467,1515.3139235508756,85.6427993774414,3799017.0,50268.0,3566248.0,7881728.0,6361002.0,0.0
2025-07-03,311.1484375,68.80000305175781,421.061279296875,138.68653869628906,1504.8045654296875,85.69409942626953,314.94978704351826,69.12999725341797,425.8833277784438,139.51189093313994,1518.783816287235,85.697998046875,310.25674877051677,68.30999755859375,419.7593203205618,138.33952210176903,1500.0456148706696,85.19270324707031,312.55634898190044,69.0199966430664,422.1221358491098,138.7990958356779,1507.7788792727886,85.69409942626953,5049883.0,0.0,2130326.0,8006482.0,11283291.0,0.0
2025-07-04,324.94598388671875,68.29000091552734,428.7765808105469,142.2036590576172,1514.223388671875,85.31909942626953,326.3538953790459,68.91000366210938,430.6571621645026,142.55068999712145,1516.900223008299,85.5530014038086,311.5238771401137,67.75,420.6273066490556,138.67717842097457,1504.2097675037892,85.30729675292969,313.49495895817824,68.80999755859375,423.1829866007082,140.40290207436493,1510.9515946827762,85.31909942626953,13743465.0,0.0,4318402.0,22612766.0,6603501.0,0.0
2025-07-07,328.98199462890625,69.58000183105469,431.9591064453125,144.2013702392578,1528.3016357421875,85.49629974365234,329.96752124364764,69.93000030517578,438.9993150397047,145.27994386943558,1531.5734294639212,86.03009796142578,322.3648218864232,67.36000061035156,425.5457877122561,142.38185147296002,1511.9429091838053,85.36100006103516,324.57052703789526,67.61000061035156,432.05555330332174,142.57881573897038,1513.5291857359532,85.49629974365234,8603937.0,59456.0,8516084.0,24354631.0,7251074.0,0.0
2025-07-08,333.7688903808594,70.1500015258789,436.5882873535156,144.26702880859375,1524.43505859375,85.89199829101562,336.631632292731,70.66000366210938,438.8064179132449,145.3456024316214,1531.6726044702705,85.89240264892578,327.2925032409956,69.05000305175781,428.8730096759201,143.33850752266036,1517.0983931213486,85.62799835205078,328.5126817441465,69.54000091552734,431.09114023564933,145.18616198454777,1522.8487819842126,85.89199829101562,12905482.0,34109.0,3860453.0,13876094.0,7171261.0,0.0
2025-07-09,327.1047668457031,70.19000244140625,429.5963134765625,140.9187469482422,1505.9942626953125,85.7073974609375,334.47284264549603,70.69999694824219,438.4688650750212,144.1826180784255,1537.7202774459709,85.91590118408203,326.30694461239494,69.61000061035156,426.8959486524198,140.76868028886392,1497.1704406377573,85.59719848632812,333.7688869062298,69.9000015258789,436.8775949532032,143.92939669076205,1523.5426661942138,85.7073974609375,8039090.0,42186.0,5207942.0,12440150.0,8870660.0,0.0
2025-07-10,329.40435791015625,68.63999938964844,425.5458068847656,142.86956787109375,1504.209716796875,85.70850372314453,331.1877066713338,70.48999786376953,434.4665971707352,143.16968687300135,1511.6455019531181,85.76529693603516,326.68237287863985,68.52999877929688,424.3885033994111,140.68427048554764,1494.5928164048603,85.45500183105469,330.2021514772922,70.19000244140625,429.59633965205626,141.38769183797538,1506.688311848956,85.70850372314453,6580919.0,52295.0,4470700.0,14545796.0,10047129.0,0.0
2025-07-11,323.67889404296875,70.36000061035156,420.3861999511719,141.29388427734375,1482.3980712890625,85.73480224609375,331.00002316488303,70.69000244140625,428.68012960484464,145.37373349007058,1502.0285923917668,85.9052963256836,322.22403481830753,68.55999755859375,417.63762630476094,140.92810577842735,1477.540121836759,85.65989685058594,330.2022008344606,68.98999786376953,428.68012960484464,145.37373349007058,1499.0542783474266,85.73480224609375,4803470.0,40262.0,2627116.0,12767735.0,7234991.0,0.0
2025-07-14,323.2564697265625,69.20999908447266,414.5997314453125,140.77806091308594,1470.9964599609375,85.82129669189453,326.82319599175776,71.51000213623047,421.9292511806839,142.1849035698677,1487.1569471972039,86.04319763183594,321.80163932309586,69.0199966430664,412.7673588693319,140.32786095889242,1466.4358695278945,84.55950164794922,324.61746228002414,70.52999877929688,420.386189747219,141.29389177165774,1479.4236826617216,85.82129669189453,5372218.0,62179.0,4575393.0,8021902.0,10311846.0,0.0
2025-07-15,326.682373046875,68.70999908447266,418.02337646484375,141.99729919433594,1472.6820068359375,85.96839904785156,328.98197319012473,69.4000015258789,425.3046575828558,142.46624670067277,1483.6869442622558,86.0281982421875,324.89902428477905,68.55999755859375,413.82818858198874,141.1907089109909,1469.7076928815193,85.7437973022461,326.30693572496506,69.0999984741211,418.0715851749841,141.20009702024862,1473.4750846086956,85.96839904785156,6270256.0,51233.0,6427673.0,4853043.0,8132454.0,0.0
2025-07-16,326.49468994140625,68.5199966430664,430.2231750488281,142.59756469726562,1472.8802490234375,85.99310302734375,330.10833526836876,69.06999969482422,432.5859611659021,143.1978169887785,1478.234038357326,86.07129669189453,326.07230502426813,67.70999908447266,418.26450059973234,141.27514348282585,1458.9009976142222,85.7249984741211,328.55960966821806,68.9000015258789,418.98780787808226,141.80973624799438,1460.388154594461,85.99310302734375,8426412.0,55511.0,6690619.0,7218210.0,10409983.0,0.0
2025-07-17,325.46221923828125,69.5199966430664,424.34027099609375,141.5846405029297,1463.759033203125,85.88520050048828,328.41882775778186,69.62000274658203,430.5124872333836,143.00085685099194,1476.845965908467,86.13200378417969,323.11569999359284,68.29000091552734,422.7490008661481,141.26574531518656,1461.2804382949055,85.79499816894531,328.13725690603275,68.69000244140625,430.17493794971057,142.9070616232188,1474.6648507992907,85.88520050048828,4026086.0,50817.0,2643122.0,6727858.0,11854613.0,0.0
2025-07-18,322.4117431640625,69.27999877929688,415.27484130859375,140.74053955078125,1463.3624267578125,86.04650115966797,329.87368579534206,70.77999877929688,426.12445091960376,142.19427985038757,1472.0871292027396,86.22450256347656,321.09769812014815,69.13999938964844,414.21398470478283,139.37122068852423,1456.521480639079,85.92539978027344,326.16617394326556,69.55999755859375,424.3402870083922,141.16258949295243,1472.0871292027396,86.04650115966797,5631392.0,52366.0,3796647.0,9017783.0,10296318.0,0.0
2025-07-21,321.5670166015625,69.20999908447266,416.335693359375,141.6878204345703,1416.3682861328125,86.14859771728516,323.5380985791517,69.62000274658203,419.1324756977821,141.80973706668817,1463.362470991638,86.33920288085938,318.6104079571962,68.41999816894531,412.8155742900279,139.81203022387035,1410.9153771961905,85.64600372314453,322.4117578365193,69.22000122070312,417.5894142392456,140.2340801590491,1452.4566531183941,86.14859771728516,5051058.0,41204.0,3426999.0,5030900.0,22442744.0,0.0
2025-07-22,319.45513916015625,68.58999633789062,413.9728698730469,142.54129028320312,1400.70361328125,86.19529724121094,323.2095699923155,69.0999984741211,422.02569687393174,142.97272831700275,1419.640054314783,86.44239807128906,319.07970180574716,68.11000061035156,413.2013538741682,141.29388810918658,1398.6214967228645,86.04630279541016,321.5670065032458,69.02999877929688,417.58940630175726,141.90352849800902,1415.178583447059,86.19529724121094,4447293.0,50140.0,4216517.0,11381024.0,20396320.0,0.0
2025-07-23,323.3034362792969,68.51000213623047,419.0360412597656,142.88832092285156,1412.4024658203125,86.3427963256836,323.8196590607656,69.08000183105469,420.482655901629,143.1227946924584,1413.7905031420296,86.45800018310547,316.12306440228747,68.0,413.1049271144157,141.35954736544932,1402.2898472373465,86.23049926757812,320.86305051119155,68.72000122070312,415.17840221479656,142.5694257197175,1413.7905031420296,86.3427963256836,5089227.0,37734.0,2793895.0,7597121.0,8354596.0,0.0
2025-07-24,320.440673828125,69.18000030517578,419.4217529296875,141.8284912109375,1390.8883056640625,86.39869689941406,323.72580088860906,69.52999877929688,421.44701909078384,143.26346949866777,1410.8161839876018,86.44139862060547,318.84505787088216,68.5,417.01072879301256,141.35016988540835,1384.0473596954969,86.23580169677734,323.3034445958248,68.72000122070312,419.8075109052661,142.57881011636695,1407.0486714179167,86.39869689941406,3270996.0,39597.0,2805754.0,5879844.0,14740507.0,0.0
2025-07-25,312.46246337890625,68.44000244140625,406.7879943847656,137.83306884765625,1379.7841796875,86.4302978515625,320.44062795510195,69.88999938964844,419.4217671763687,142.31620623700948,1389.0046012536307,86.62740325927734,310.726033595281,68.30000305175781,405.24496243003836,137.47666413356882,1372.2492752918665,86.3844985961914,319.2204495363549,69.26000213623047,419.1324560427193,141.6221587177717,1386.9226057137396,86.4302978515625,3514659.0,27384.0,3196808.0,11646131.0,11854722.0,0.0
2025-07-28,312.9317932128906,70.04000091552734,406.8844299316406,138.39581298828125,1375.7193603515625,86.506103515625,317.5779126631895,70.44999694824219,415.5641168772708,139.40874151844264,1395.746480796028,86.72109985351562,310.67914052100116,68.38999938964844,404.56985263242865,137.58922254636448,1373.1416457270684,86.39959716796875,311.94626661144935,68.47000122070312,407.4630816143054,137.83308445673268,1380.379191620021,86.506103515625,5630809.0,31485.0,2551271.0,6023438.0,7748361.0,0.0
2025-07-29,314.38665771484375,72.51000213623047,410.6456604003906,138.752197265625,1404.966796875,86.77760314941406,316.5923628745669,73.06999969482422,411.417205860431,138.9960448288611,1408.0402305383973,87.17400360107422,312.74409425477467,69.88999938964844,404.52168202376015,137.40162609139432,1371.1587845273314,86.72570037841797,315.37218433327183,70.38999938964844,406.4987102416794,137.40162609139432,1371.1587845273314,86.77760314941406,7809814.0,24345.0,4743610.0,4240012.0,10750072.0,0.0
2025-07-30,316.3576965332031,73.23999786376953,411.0796203613281,139.7838897705078,1398.0267333984375,87.06320190429688,322.4586462496853,73.62999725341797,420.38616775711915,140.86247780215913,1411.1137879299629,87.78589630126953,309.74052406755465,71.75,401.19442127932547,137.16716854441034,1389.3021514025702,86.98619842529297,313.49495466231286,72.68000030517578,408.90969861162023,138.33953750632838,1405.9582375902166,87.06320190429688,11366010.0,15242.0,6890461.0,9331773.0,7209849.0,0.0
2025-07-31,313.7376708984375,72.52999877929688,403.5572509765625,136.57627868652344,1378.2969970703125,87.714599609375,315.59552790037014,73.48999786376953,406.40224193437825,138.05815464888482,1390.5908519212596,87.77639770507812,307.83069280257155,72.41999816894531,395.98662894078956,135.35702651611444,1370.365493427784,87.2865982055664,314.4046013799914,73.4000015258789,403.8465621141545,137.44852856368033,1376.215001569177,87.714599609375,6867024.0,56020.0,9826520.0,11960546.0,17065827.0,0.0
2025-08-01,302.82879638671875,69.66999816894531,389.42864990234375,132.27134704589844,1381.76708984375,87.4894027709961,313.7376656869692,71.98999786376953,406.0165095719241,137.2046702033496,1393.8627060383,87.74120330810547,301.5902153808861,69.41000366210938,387.7891709667429,131.92433043259348,1372.4476694796913,87.143798828125,313.4518549569677,71.7699966430664,405.92006270948866,136.30429890635733,1375.025384070285,87.4894027709961,4105518.0,68855.0,3787580.0,8981850.0,10321171.0,0.0
2025-08-04,302.82879638671875,68.76000213623047,394.10601806640625,133.5375213623047,1399.4146728515625,87.24530029296875,305.5917400530316,69.9800033569336,394.9739809102216,134.02521655573108,1403.975263237478,87.98999786376953,300.0181982151697,67.98999786376953,385.47456890923064,131.04271672913237,1379.7841529413568,87.06950378417969,305.0200895176745,69.0,394.44356734773675,132.91850710394257,1383.155066191865,87.24530029296875,3536322.0,41788.0,3277835.0,8163596.0,6312820.0,0.0
2025-08-05,300.2087707519531,67.63999938964844,388.126708984375,132.49644470214844,1379.7841796875,87.89330291748047,302.97171453484134,68.8499984741211,391.45390490577796,134.11899921702442,1398.918980991344,88.07949829101562,294.9210394209904,67.52999877929688,380.4596398311672,130.74257113465592,1376.2150271869518,87.6729965209961,302.01897329416573,68.75,391.45390490577796,133.66881357642313,1398.918980991344,87.89330291748047,6730701.0,47388.0,7973897.0,11034758.0,9315972.0,0.0
2025-08-06,300.82806396484375,66.88999938964844,387.1140441894531,133.434326171875,1380.8748779296875,87.72309875488281,303.1146372582937,69.19000244140625,390.4894781088978,134.38159497351822,1383.9483114870873,87.84300231933594,299.5418574012291,66.22000122070312,385.37811851774654,132.90910725963155,1371.456217044825,87.6238021850586,300.58987864103943,67.76000213623047,389.13931042740955,133.64066421756235,1379.9825595355662,87.72309875488281,3601019.0,62159.0,2150509.0,7574568.0,5834312.0,0.0
2025-08-07,295.6832275390625,66.43000030517578,388.0784606933594,132.87159729003906,1377.50390625,87.76249694824219,299.2083524182546,67.63999938964844,388.8500061187885,134.11899949216354,1381.7670168023217,87.79180145263672,292.6344441688962,66.2699966430664,378.1932611843102,131.30531418813214,1354.3042341107182,87.33300018310547,298.49379654168627,66.87999725341797,386.7282929881692,132.2525830884777,1375.818389126872,87.76249694824219,5018154.0,44063.0,6318838.0,8365458.0,9976705.0,0.0
2025-08-08,304.3531799316406,66.58999633789062,394.92578125,134.05975341796875,1356.0888671875,87.43319702148438,306.0681024162049,67.19000244140625,400.5675840112898,136.06235785202148,1385.2370458989403,87.73799896240234,294.0159323695946,65.5,385.28168402777777,133.48483619846212,1353.312792536344,87.39430236816406,295.8261347867132,66.37999725341797,392.51475694444446,134.1364100219531,1373.1415514013454,87.43319702148438,10028343.0,52157.0,12286666.0,9551412.0,8793606.0,0.0
2025-08-11,305.78228759765625,66.62999725341797,395.7455139160156,135.4970245361328,1374.331298828125,87.48829650878906,314.40458348428103,67.11000061035156,403.123242004205,136.97262387615694,1376.1159356273254,87.75579833984375,302.20950823988034,65.83000183105469,386.34251963481705,133.5231646074668,1349.5453489789295,87.46640014648438,307.0208394782108,66.2300033569336,399.31381203565326,135.67908213317992,1358.2700517359046,87.48829650878906,7957794.0,31132.0,8713932.0,11260944.0,9997486.0,0.0
2025-08-12,308.40234375,66.12000274658203,393.5273742675781,136.68516540527344,1368.5810546875,87.66449737548828,311.07000752898887,67.04000091552734,400.1335867324124,137.8349997832927,1389.8969719255274,87.73989868164062,305.54412009735995,65.97000122070312,392.3218621182087,134.97001967195544,1363.4255044148417,87.53690338134766,305.82993083248215,66.72000122070312,400.1335867324124,135.20956606391755,1370.0682117041065,87.66449737548828,4392686.0,33110.0,4526566.0,12858483.0,12244664.0,0.0
2025-08-13,307.259033203125,65.62999725341797,396.4688415527344,136.47438049316406,1370.7620849609375,87.59559631347656,310.87943808824514,66.33000183105469,398.59052527665796,137.40382177997515,1379.8833867126677,87.71700286865234,305.8775468500547,65.0,392.2254446734383,135.7749090348924,1365.7057756228248,87.37590026855469,309.64088617369185,66.05000305175781,396.85459955422516,136.6851825141369,1376.115874093997,87.59559631347656,2707971.0,40497.0,3543374.0,4990372.0,7457021.0,0.0
2025-08-14,303.0193176269531,66.83999633789062,390.2832946777344,134.27056884765625,1367.4774169921875,87.44999694824219,315.7384180673412,66.9800033569336,401.9121234884016,137.17387039284728,1374.3455639562076,87.68060302734375,302.1618563886315,65.56999969482422,389.73894839891886,134.01185461093766,1363.794372575189,87.38790130615234,311.54636273249446,65.7699966430664,397.85439845857405,137.0205571695508,1370.961308962897,87.44999694824219,10549386.0,34810.0,6536476.0,11453732.0,7126128.0,0.0
2025-08-15,,65.8499984741211,,,,87.69180297851562,,67.08000183105469,,,,87.70819854736328,,65.7300033569336,,,,87.39689636230469,,66.80000305175781,,,,87.69180297851562,,35864.0,,,,0.0
2025-08-18,299.1607360839844,66.5999984741211,383.0585632324219,134.44302368164062,1375.3409423828125,87.51280212402344,305.87754989776664,66.80999755859375,392.9554389671737,136.63727696646106,1388.4802648218374,87.54039764404297,297.6839988576604,65.30999755859375,379.44620962981105,133.42734925107848,1370.6626218339861,87.3136978149414,305.8299244680222,65.94999694824219,392.9554389671737,136.06235973898129,1383.602791829514,87.51280212402344,8091527.0,35004.0,6525577.0,11766741.0,11785109.0,0.0
2025-08-19,306.2586669921875,65.79000091552734,391.5204162597656,136.0719451904297,1413.564208984375,87.29509735107422,306.97322288430615,66.58000183105469,393.747213335077,136.18693741586335,1414.460091190419,87.37049865722656,297.9221815841368,65.5999984741211,382.1678564623105,132.99617729920487,1382.7068811681168,86.90910339355469,300.3040345578656,66.55999755859375,383.9987845425846,134.52926563770447,1383.6027633741608,87.29509735107422,4343312.0,32562.0,4227710.0,8913748.0,14384719.0,0.0
2025-08-20,304.8295593261719,66.83999633789062,386.7698974609375,135.52578735351562,1406.4969482421875,87.0791015625,307.2590377620558,67.05000305175781,392.7575254924067,136.73309606853624,1418.342205158243,87.1666030883789,303.92444355378547,65.81999969482422,386.0771342707868,135.30540873696697,1403.510755146132,86.9800033569336,304.8771847561484,65.93000030517578,390.48122591739303,136.0719455981368,1406.4969482421875,87.0791015625,3670375.0,39505.0,5553949.0,5531826.0,8725641.0,0.0
2025-08-21,304.8295593261719,67.66999816894531,389.0956726074219,135.52578735351562,1418.24267578125,87.01820373535156,308.49758969498606,67.77999877929688,391.3719722015846,136.9247302838287,1425.3099750709036,87.32649993896484,303.6862582531947,66.73999786376953,386.17611231883757,135.37247413298027,1413.7633861810953,86.92410278320312,305.8775513884879,66.94999694824219,386.6709561171944,135.726998162309,1418.4417067156319,87.01820373535156,3790333.0,29950.0,2094370.0,8746473.0,11021323.0,0.0
2025-08-22,301.4949645996094,67.7300033569336,386.7204284667969,134.0980682373047,1402.71435546875,87.29340362548828,305.2106494673666,68.0199966430664,389.3925970594231,135.87071739856486,1416.84907536351,87.54810333251953,299.8276674983404,67.41999816894531,383.70189337757006,133.61897545001833,1401.4204113959267,87.177001953125,305.0677441023286,67.62000274658203,388.9472255596959,135.48743439628484,1413.464698965694,87.29340362548828,3007303.0,27481.0,2627075.0,5874783.0,5818868.0,0.0
2025-08-25,300.87567138671875,68.80000305175781,386.2255859375,134.107666015625,1406.0987548828125,87.3301010131836,303.8768295472661,69.05999755859375,387.46269543762014,134.5005110086605,1412.9670232567023,87.60800170898438,299.6371194072284,67.58000183105469,383.60291983781906,133.3698589932739,1399.230486508923,87.23400115966797,303.8768295472661,67.83999633789062,386.473007837524,134.09807480212874,1408.1890657335161,87.3301010131836,2841339.0,19094.0,1235196.0,8282860.0,5979407.0,0.0
2025-08-26,297.35052490234375,67.22000122070312,379.0008544921875,133.14947509765625,1378.5262451171875,87.60859680175781,303.25750270974675,68.7300033569336,387.3636960606967,134.54841786174953,1403.5107021083375,87.79000091552734,296.3501292288665,67.11000061035156,378.01116695488224,132.75661549949584,1375.241384232256,87.52279663085938,302.3047615399702,68.7300033569336,384.19671406303996,133.66688887954308,1401.519906786198,87.60859680175781,10819770.0,21046.0,4825204.0,10846493.0,12145259.0,0.0
2025-08-27,,68.05000305175781,,,,87.60070037841797,,68.0999984741211,,,,87.9885025024414,,66.91999816894531,,,,87.60070037841797,,67.23999786376953,,,,87.60070037841797,,16597.0,,,,0.0
2025-08-28,296.0166931152344,68.62000274658203,377.813232421875,132.6991424560547,1379.521728515625,87.65910339355469,300.685119032629,68.66000366210938,382.5142484114072,134.07891757845832,1385.7926612650012,87.68299865722656,295.3497626661695,67.4000015258789,376.8730171428214,132.32545061901243,1360.2109883890075,87.50920104980469,300.685119032629,67.70999908447266,380.6833203538579,133.1878118981089,1383.50331940736,87.65910339355469,8888325.0,8829.0,3975225.0,8420916.0,13161813.0,0.0
2025-08-29,293.6348571777344,68.12000274658203,372.0235595703125,130.90731811523438,1350.9537353515625,87.5916976928711,297.54107293998504,68.36000061035156,379.89158800316653,133.65732085794946,1397.0406983353935,88.28939819335938,292.49155607758235,68.02999877929688,371.18231907704063,130.75401952383686,1343.7869203796088,87.51010131835938,296.0167102402554,68.26000213623047,377.81323802063264,132.69913521313995,1374.7437651325777,87.5916976928711,4334416.0,0.0,3112442.0,10577763.0,18758842.0,0.0
2025-09-01,299.8752746582031,,381.2771301269531,133.72438049316406,1347.6689453125,88.17430114746094,300.6374559422054,,381.72250160733984,133.89686150459545,1356.9260708455383,88.32150268554688,292.30097094376447,,372.716338826584,131.04145787905267,1334.430107544873,87.9302978515625,293.9206425164596,,373.11220780755696,131.27142768737718,1349.759256141992,88.17430114746094,3672180.0,,2360108.0,6229505.0,11232238.0,0.0
2025-09-02,300.06585693359375,69.13999938964844,380.63385009765625,133.78187561035156,1360.2109375,88.00140380859375,302.30477552586814,69.51000213623047,383.35549094829844,134.77839687275142,1378.128095842481,88.18800354003906,297.96981463297226,67.08999633789062,378.06065634374824,133.28362959990434,1348.2661652716795,87.81549835205078,300.9709436415428,67.43000030517578,381.2771409854162,133.7243868107425,1348.5648331807902,88.00140380859375,3405312.0,55307.0,1630216.0,3714758.0,11517006.0,0.0
2025-09-03,299.9705810546875,67.5999984741211,383.2565002441406,134.61550903320312,1366.2828369140625,87.99829864501953,305.353563170707,69.2300033569336,387.6111193838751,135.48744687459808,1370.1649121838109,88.17980194091797,299.20837062808124,67.37999725341797,379.0503281949796,133.67647655669637,1354.2385492379765,87.9749984741211,300.06586099243265,69.05999755859375,379.0503281949796,133.7627243781225,1363.3961593284287,87.99829864501953,6616690.0,45108.0,2725471.0,4902101.0,7847563.0,0.0
2025-09-04,298.1127014160156,66.98999786376953,380.63385009765625,133.83937072753906,1353.0440673828125,88.072998046875,304.7342640696659,67.48999786376953,387.9080598663098,135.77490992333964,1367.6763641601647,88.36029815673828,297.7316107693015,66.31999969482422,379.54518771682575,133.52318231476414,1350.8541196588233,87.9749984741211,304.7342640696659,67.44000244140625,385.0874442168889,135.27664926862047,1365.4865379446771,88.072998046875,5225640.0,42152.0,2609930.0,4768126.0,13223177.0,0.0
2025-09-05,297.73162841796875,65.5,379.6441650390625,133.81060791015625,1368.671875,88.19290161132812,301.4949678313136,67.05000305175781,382.5637253038002,134.81670567459568,1374.6442613636364,88.35340118408203,296.77888720703123,65.08000183105469,376.279233278294,132.67995596474435,1353.0441792852228,87.80010223388672,298.2079990234375,66.83999633789062,380.7328274271292,133.6189737218705,1356.7271022727273,88.19290161132812,6159420.0,38287.0,2017875.0,4533550.0,5777575.0,0.0
2025-09-08,301.4949645996094,66.0199966430664,389.8379211425781,135.0083465576172,1372.15576171875,88.1863021850586,303.1146071956297,67.02999877929688,391.2234776764053,135.95695557468525,1379.6212446443146,88.2229995727539,298.7319918572233,65.5199966430664,380.1884674994308,134.1459853571932,1366.0838599076599,87.82779693603516,299.0654570925479,65.80999755859375,380.1884674994308,134.1459853571932,1373.6488583038629,88.1863021850586,2002604.0,29078.0,2956578.0,5069174.0,6986720.0,0.0
2025-09-09,299.1131286621094,66.38999938964844,385.8791809082031,135.04669189453125,1369.8662109375,87.98049926757812,305.0201069983841,67.38999938964844,392.9059687577952,136.1581907907977,1374.843199236951,88.21929931640625,298.73200889979336,66.13999938964844,385.2853623203885,134.62508785658514,1362.4007284883235,87.90010070800781,302.78115923387793,66.16999816894531,389.93690602159023,135.23832610611953,1370.2643943031567,87.98049926757812,6476251.0,38860.0,1921681.0,3636766.0,9754452.0,0.0
2025-09-10,302.924072265625,67.48999786376953,388.40289306640625,135.23831176757812,1370.66259765625,88.21829986572266,303.2098829917995,67.7699966430664,389.8379218995301,135.78448456448797,1382.1096709119122,88.24929809570312,299.87528883478046,66.44000244140625,384.79050932812515,134.92210877264372,1367.7759200987732,87.97789764404297,300.58984472557023,66.44000244140625,386.9678340304151,135.35328935819007,1377.5308659113482,88.21829986572266,5214899.0,38789.0,1897568.0,4302236.0,7790815.0,0.0
2025-09-11,304.877197265625,66.37000274658203,393.69769287109375,137.91165161132812,1376.9337158203125,88.05339813232422,311.1652952742996,67.61000061035156,401.6151932220689,139.31060907342305,1379.1235422027225,88.49099731445312,302.4953441619873,66.16000366210938,386.9678296539116,134.97960590364218,1368.6718661340626,88.02660369873047,303.16227466114793,67.58000183105469,386.9678296539116,135.15208692096326,1369.6672638548873,88.05339813232422,7529271.0,34565.0,3642055.0,15031791.0,9766072.0,0.0
2025-09-12,302.9717102050781,66.98999786376953,394.6379089355469,136.6468505859375,1388.579833984375,88.2676010131836,307.925976215932,68.1500015258789,396.91417821001573,139.1285478097448,1389.873899637371,88.40850067138672,302.0665944092292,65.72000122070312,392.46058425337634,136.4647929805053,1374.146566892781,88.21690368652344,305.87755931746915,66.30999755859375,394.83585852587765,138.91774580563933,1376.9337291414593,88.2676010131836,4705998.0,50762.0,1389746.0,9001678.0,7403368.0,0.0
2025-09-15,302.7335205078125,67.44000244140625,395.7265625,137.9691619873047,1392.8599853515625,88.27729797363281,305.5441187170197,67.83999633789062,396.5183004380295,138.16079620007164,1394.3530818320328,88.2970962524414,300.7804126508071,66.79000091552734,392.1142090780825,136.35940243440507,1382.2091575524387,88.1260986328125,303.2575165449541,67.22000122070312,394.6379001830596,136.77142988156962,1386.5889315301856,88.27729797363281,4653626.0,26320.0,1227975.0,8158591.0,5396697.0,0.0
2025-09-16,303.20989990234375,68.47000122070312,397.8544006347656,138.91773986816406,1398.8323974609375,88.12349700927734,305.9252182538537,68.69000244140625,398.89356049557506,139.07105306837022,1401.5199225726963,88.15509796142578,301.54260273084617,67.0,396.02347260122116,137.8062557185482,1391.7649767809332,87.97969818115234,304.2579210823561,67.48999786376953,397.65645104086497,138.02663430587484,1398.2350616507645,88.12349700927734,5381837.0,34128.0,1344352.0,6389632.0,8686961.0,0.0
2025-09-17,308.2593994140625,67.94999694824219,401.4667663574219,139.83761596679688,1407.2933349609375,87.88459777832031,309.4027004685682,68.58999633789062,404.2873820401361,141.08326023475803,1409.6821922648512,87.91310119628906,304.16262394023215,67.62000274658203,398.2008093792487,138.86026251091934,1400.4250664409112,87.7157974243164,304.73427446748497,68.41000366210938,399.8337878683353,138.97524011016867,1400.5245819104894,87.88459777832031,7035565.0,30515.0,2545562.0,9549049.0,7519417.0,0.0
2025-09-18,310.3078308105469,67.44000244140625,404.3863525390625,140.99700927734375,1408.4876708984375,87.91069793701172,310.7365469196206,68.41000366210938,405.02964342757355,141.1120014947872,1415.4554544293837,88.28880310058594,305.8299353911881,67.19000244140625,400.72449640004834,139.42558543263897,1404.2074124117412,87.80690002441406,309.54562037993526,67.88999938964844,401.51626458833505,139.94301385925348,1413.8628424954393,87.91069793701172,5615664.0,29610.0,1832949.0,8002633.0,9332642.0,0.0
2025-09-19,313.975830078125,66.68000030517578,408.7904357910156,142.2905731201172,1400.9227294921875,88.20690155029297,318.2155397680497,67.55999755859375,411.71002618283416,143.67993942845254,1410.4785229891424,88.32949829101562,309.4503096772321,66.43000030517578,403.99047527305305,140.59458037699582,1397.1401696768169,88.0625991821289,310.2125200320674,67.45999908447266,404.3863442576553,140.84371801044773,1408.3882121473878,88.20690155029297,10022009.0,24400.0,4587363.0,14995288.0,13461373.0,0.0
2025-09-22,310.02197265625,66.56999969482422,408.4935302734375,142.09893798828125,1384.199951171875,88.09919738769531,316.5958809513579,67.30000305175781,413.0460989772642,142.86548944952764,1404.2074196840813,88.33670043945312,307.21140363406676,65.94000244140625,405.5739399625958,141.10241670243502,1381.6119415772491,88.09919738769531,313.45184670271817,66.66999816894531,408.79042445293777,142.2905721984046,1397.4387885526373,88.09919738769531,4768219.0,23634.0,2571485.0,9720233.0,7757970.0,0.0
2025-09-23,314.78570556640625,67.62999725341797,419.9244079589844,142.04144287109375,1383.40380859375,88.30439758300781,319.35888104621745,68.08000183105469,420.8646231960069,142.90380408867824,1388.5798281670254,88.80809783935547,311.4034857334606,66.12000274658203,408.74095092287087,141.38029244792784,1370.4636381520502,88.23500061035156,313.16606287436633,66.58999633789062,408.74095092287087,141.89770625432806,1384.5982372618869,88.30439758300781,7992615.0,27893.0,4865287.0,7296186.0,14014702.0,0.0
2025-09-24,314.7380676269531,69.30999755859375,420.51824951171875,140.63290405273438,1376.635009765625,88.80799865722656,316.6911754964764,69.36000061035156,426.55534983063785,142.66425283810494,1389.5751797778832,88.9312973022461,311.54637872706365,67.5199966430664,418.39042724107225,140.38376644043294,1374.0470000648747,88.67250061035156,314.8333475639589,67.86000061035156,421.6069118975678,141.84021264051563,1378.9244730635044,88.80799865722656,5489995.0,28459.0,7158456.0,6288775.0,5922759.0,0.0
2025-09-25,314.07110595703125,69.41999816894531,419.1326904296875,140.10589599609375,1366.0838623046875,88.77860260009766,316.78642397762405,69.66999816894531,423.2893903498068,141.9360339539764,1378.128150477363,88.80039978027344,311.54634779152804,68.44000244140625,416.4110495827415,139.64597101374028,1362.6994857374575,88.59010314941406,313.5471099685623,69.08999633789062,419.6275342200413,139.91426180517576,1374.942926360271,88.77860260009766,5798602.0,21388.0,2368804.0,8605676.0,11411143.0,0.0
2025-09-26,309.0216064453125,70.12999725341797,417.89556884765625,138.97523498535156,1371.2598876953125,88.77310180664062,314.4045882780324,70.7699966430664,420.8646315037675,140.10590161236917,1376.3363918134596,88.77909851074219,307.687774613143,69.11000061035156,415.6687718555728,137.78709418158138,1359.7132983361805,88.61430358886719,314.21402841257105,69.69999694824219,418.63783451168405,139.91426741376935,1365.685684712474,88.77310180664062,5692665.0,11917.0,5579737.0,11925305.0,9879109.0,0.0
2025-09-29,322.121826171875,67.97000122070312,437.1944885253906,143.0666961669922,1366.48193359375,88.67680358886719,322.97928749173764,69.93000030517578,439.8171545721793,143.67993439432496,1382.6073268149732,88.79399871826172,310.1172804677304,67.55000305175781,417.1533150276223,138.97523937328222,1361.7039763015719,88.5875015258789,311.2129271028524,69.47000122070312,417.94505301058445,138.97523937328222,1375.2413599514077,88.67680358886719,12616059.0,8229.0,11650349.0,16918652.0,14231999.0,0.0
2025-09-30,323.5985412597656,67.0199966430664,438.82745361328125,143.526611328125,1357.722412109375,88.70449829101562,326.1232996129513,67.58999633789062,440.8563312124269,144.9255687054538,1370.7620971908361,88.87529754638672,321.2166882708444,66.91000366210938,434.5223067303662,142.7696511544636,1356.5279835173724,88.64579772949219,323.69382119439325,67.58999633789062,437.49136938025697,143.76615772267945,1370.7620971908361,88.70449829101562,6762730.0,46335.0,4266200.0,13201863.0,14604684.0,0.0
2025-10-01,323.6462097167969,65.3499984741211,429.9202575683594,143.4403839111328,1362.4007568359375,88.8406982421875,331.26813960991797,66.56999969482422,445.26041430394514,145.62504594778156,1372.255218175594,88.8541030883789,322.59818854142173,65.04000091552734,428.93057003703126,142.77923349621895,1356.4283707523282,88.6323013305664,324.884761694287,66.08999633789062,438.92642014401855,144.11111091874386,1360.7086293823172,88.8406982421875,9814406.0,44601.0,6469324.0,7658596.0,12045916.0,0.0
2025-10-02,,64.11000061035156,,,,88.68299865722656,,66.12000274658203,,,,88.92150115966797,,64.0,,,,88.57060241699219,,65.4000015258789,,,,88.68299865722656,,52074.0,,,,0.0
2025-10-03,325.40875244140625,64.52999877929688,441.6975402832031,144.10154724121094,1357.125244140625,88.72019958496094,328.6004413472097,65.0,442.3903336474668,144.53272788326623,1365.287456651113,88.7957992553711,321.645442063218,64.20999908447266,427.34707084721146,142.424722261521,1350.6551591113212,88.6635971069336,327.74298006327786,64.30000305175781,434.4728332689886,143.7278554019959,1356.926091696157,88.72019958496094,5833883.0,38970.0,6294835.0,5989839.0,12842347.0,0.0
2025-10-06,327.36187744140625,65.47000122070312,451.59442138671875,148.36544799804688,1368.671875,88.73509979248047,329.17207988038103,65.7699966430664,454.41503697229206,148.79662857414309,1371.0608538471567,88.87969970703125,322.5505170051784,64.76000213623047,435.56150104212446,144.2260939984715,1352.7455113636363,88.69200134277344,325.83748572819195,64.81999969482422,441.4006516034804,144.6668511666583,1353.740909090909,88.73509979248047,5914399.0,38055.0,4323430.0,18473741.0,12396580.0,0.0
2025-10-07,325.7422180175781,65.44999694824219,449.5655822753906,147.9151153564453,1378.4267578125,88.72109985351562,329.88664814874153,65.83000183105469,460.4026733348879,149.23741624321227,1389.47564777439,88.77249908447266,324.9323821637305,64.5199966430664,448.32847280297625,147.36895713414125,1369.5676941462978,88.68180084228516,327.3618897252734,65.54000091552734,452.0892735179688,148.28880717825953,1369.667209612737,88.72109985351562,5934834.0,36191.0,8444885.0,11389659.0,11244040.0,0.0
2025-10-08,328.7909851074219,66.25,452.5841064453125,147.14857482910156,1361.1068115234375,88.74259948730469,333.4594110470093,66.52999877929688,458.2253375852847,149.74524970958066,1382.6073771032557,88.91950225830078,323.45562871559906,65.77999877929688,447.33877448930605,146.96651721932392,1358.2201339506064,88.71910095214844,325.1229257708341,65.80999755859375,447.33877448930605,147.5605876337541,1378.426755451918,88.74259948730469,7955678.0,38630.0,4192443.0,9953844.0,8525081.0,0.0
2025-10-09,327.74298095703125,65.22000122070312,453.27691650390625,148.75831604003906,1371.458984375,88.7771987915039,334.4121695230174,66.55999755859375,460.0067800389741,150.62677505648816,1373.6488106871855,88.86080169677734,326.88551967076114,64.95999908447266,451.3470136210501,146.9186014222467,1362.7989515764332,88.70439910888672,330.83938993409623,66.08999633789062,455.75113548045596,147.5797518328561,1367.676424553763,88.7771987915039,7028656.0,40845.0,3613774.0,13999206.0,8826633.0,0.0
2025-10-10,322.6934509277344,62.72999954223633,447.8336181640625,147.66598510742188,1375.3409423828125,88.86540222167969,330.88700185687964,65.3499984741211,456.5923590571265,150.42556434595525,1381.6119964455866,88.8656005859375,321.26433915050853,62.130001068115234,446.2006397406123,147.2731254979011,1368.7713419175536,88.4928970336914,329.17207935435005,65.16999816894531,451.7923683798774,149.00743911462442,1371.45898859096,88.86540222167969,5737637.0,54929.0,1709268.0,7992863.0,6373084.0,0.0
2025-10-13,321.9789123535156,63.31999969482422,446.69549560546875,148.7678985595703,1368.671875,88.7573013305664,325.8375027293794,63.95000076293945,452.2872243960498,149.1895025843354,1371.3594002602317,88.80269622802734,319.31121944736026,62.66999816894531,439.4212858464904,145.75919620736352,1361.505059967041,88.56159973144531,324.40839087530316,62.66999816894531,449.81300544421146,147.28272250062878,1370.5631549835205,88.7573013305664,6785828.0,35368.0,5914037.0,11375913.0,7600682.0,0.0
2025-10-14,316.73883056640625,62.38999938964844,438.085205078125,146.42034912109375,1369.5677490234375,88.66510009765625,324.2178258913223,63.619998931884766,450.15940574087887,150.22434738059002,1381.612037149334,88.81790161132812,315.02387892331325,61.5,436.00685510137316,146.2191383190767,1363.7943936365562,88.60079956054688,322.16943808114746,63.439998626708984,447.4377648720741,149.22784072217738,1373.6488553790207,88.66510009765625,4343927.0,44016.0,1703812.0,5976061.0,9768174.0,0.0
2025-10-15,321.9312438964844,61.90999984741211,444.0233154296875,147.2635498046875,1367.97509765625,88.78250122070312,324.6465621166393,63.02000045776367,447.19032768626033,148.47085841854354,1377.6304066718624,88.78269958496094,316.35770209203037,61.790000915527344,434.81923325100286,146.439509589301,1366.382364141153,87.95980072021484,319.1206748171359,62.279998779296875,440.41096189516577,146.8323692012212,1376.6350089791804,88.78250122070312,16271995.0,40209.0,6539175.0,19147599.0,10882743.0,0.0
2025-10-16,320.0257568359375,61.060001373291016,447.289306640625,147.244384765625,1391.8646240234375,87.80950164794922,322.9316348827738,62.75,451.49547878771597,148.03968059710948,1394.0544503152107,88.00150299072266,317.7868092458449,60.84000015258789,438.6295404554376,145.74004092157188,1368.671809484766,87.53189849853516,322.9316348827738,62.439998626708984,444.8645600276255,147.46476336784883,1368.7713249510273,87.80950164794922,6279302.0,46229.0,5317330.0,7119984.0,12315932.0,0.0
2025-10-17,319.9781188964844,61.290000915527344,443.9738464355469,146.5161590576172,1410.279541015625,87.9906997680664,322.3123172531175,61.45000076293945,454.26659104166913,148.13549501067882,1416.7496262080865,88.09400177001953,316.9769901091834,60.150001525878906,441.4006527332994,145.67295107714688,1392.6609284325848,87.689697265625,320.21630418238686,61.11000061035156,448.3284656685754,147.3210314276562,1394.5522084059296,87.9906997680664,7824777.0,50372.0,3262100.0,7126668.0,19335561.0,0.0
2025-10-20,321.74072265625,61.0099983215332,448.27899169921875,147.41685485839844,1460.04931640625,88.0022964477539,323.9796412701485,61.54999923706055,452.88103280562405,147.89594764036173,1467.0170999313523,88.01129913330078,319.6446803353843,60.06999969482422,445.35940132052616,146.32452390035226,1426.7034952504036,87.49960327148438,320.3592362526765,61.43000030517578,445.35940132052616,146.88984987408858,1433.3726108781723,88.0022964477539,6134873.0,33883.0,2128923.0,5564426.0,24721978.0,0.0
2025-10-21,323.0268859863281,61.31999969482422,450.7037048339844,147.68516540527344,1458.4566650390625,87.87999725341797,324.17018703437174,62.09000015258789,451.7923671810181,148.51878227877776,1467.2162134241023,88.08360290527344,321.7407086514708,60.34000015258789,447.0418790157928,147.27313795486958,1453.2806455896807,87.84190368652344,323.36035121495365,60.90999984741211,450.25836355760725,147.46477216914315,1461.2438272093502,87.87999725341797,404063.0,45150.0,327276.0,1188949.0,2066169.0,0.0
2025-10-22,,62.59000015258789,,,,88.00160217285156,,63.91999816894531,,,,87.99810028076172,,61.400001525878906,,,,87.61039733886719,,61.619998931884766,,,,88.00160217285156,,46114.0,,,,0.0
2025-10-23,315.64312744140625,65.98999786376953,436.15533447265625,143.8428192138672,1441.7340087890625,87.74030303955078,324.0748923291697,66.33999633789062,449.862483478327,147.56058406239148,1476.0752283864208,88.03109741210938,314.4522010187095,63.849998474121094,432.54295059461606,143.54578401384114,1437.9514490416038,87.71610260009766,323.9319869735165,64.25,449.862483478327,147.56058406239148,1468.2115624957596,87.74030303955078,8457356.0,87705.0,6169707.0,13612250.0,18707090.0,0.0
2025-10-24,314.8333435058594,65.94000244140625,433.92852783203125,144.08236694335938,1444.9193115234375,87.77899932861328,318.5966538285666,66.7699966430664,439.4212817730472,144.9638959589179,1453.0816457634617,87.8582992553711,311.73693458288744,65.44000244140625,427.64400571204584,142.9133793177649,1434.3681199531734,87.63600158691406,314.5475036985263,65.87000274658203,431.7512030934501,143.72784294274132,1443.3266994671071,87.77899932861328,8260920.0,38354.0,4341566.0,8519673.0,9700837.0,0.0
2025-10-27,326.7902526855469,65.62000274658203,449.07073974609375,148.71041870117188,1477.2696533203125,87.8290023803711,327.2666233162838,66.5999984741211,449.86247772951265,148.87330851676072,1478.16553552233,88.31719970703125,315.59554286322856,65.08000183105469,433.4831603499483,144.81061047912442,1451.289798512833,87.70939636230469,316.9770293225081,66.26000213623047,433.5821351485927,144.97350029471326,1456.266786847925,87.8290023803711,11767585.0,32237.0,5526263.0,16809115.0,14113867.0,0.0
2025-10-28,324.55126953125,64.4000015258789,447.4872131347656,148.058837890625,1480.056884765625,88.22209930419922,329.17206996082126,65.79000091552734,451.9903095430007,150.8950589810172,1485.1333888036675,88.41649627685547,323.55090294588064,64.0,444.56765302676706,147.03357231608527,1470.79963742504,88.15979766845703,327.74295822437773,65.79000091552734,449.3181411160099,149.86021681427903,1477.26972256393,88.22209930419922,6156249.0,33807.0,4477594.0,22709449.0,17631577.0,0.0
2025-10-29,331.6492004394531,64.91999816894531,464.0150146484375,156.27047729492188,1497.277099609375,88.22550201416016,332.5066616601825,65.37999725341797,466.0438620482464,156.8837154599508,1501.3583271895798,88.45020294189453,324.7418270955095,63.93000030517578,446.4480606060154,148.51875973146628,1481.2512217130793,88.13819885253906,325.7421936738017,64.48999786376953,446.4480606060154,148.51875973146628,1483.1425015536738,88.22550201416016,9756868.0,16478.0,8351676.0,58449093.0,11884745.0,0.0
2025-10-30,340.70025634765625,65.0,464.9057312011719,156.6729278564453,1481.6494140625,88.34559631347656,342.7962695265259,65.16000366210938,473.8623915359283,160.11282539657327,1496.1821955688695,88.7511978149414,328.98152223144064,64.05999755859375,459.7593438092296,155.3697948085054,1477.1701246011085,88.29679870605469,333.4594174675753,64.8499984741211,465.15315309111395,156.270491644387,1493.0964871305005,88.34559631347656,14807100.0,10024.0,9564962.0,33405636.0,9318663.0,0.0
2025-10-31,339.93804931640625,65.06999969482422,471.0912780761719,158.96299743652344,1479.5592041015625,88.6344985961914,343.51082882467296,65.5,479.1077533445121,159.93077432435197,1490.6080945575152,88.9115982055664,338.31840671787114,64.5199966430664,464.5098618495047,156.27049803244213,1475.4780977270138,88.5636978149414,341.08135038919323,64.75,465.1036804254683,156.67293426095134,1483.540795005222,88.6344985961914,7532962.0,44972.0,7891214.0,25385134.0,8758053.0,0.0
2025-11-03,349.94183349609375,64.88999938964844,479.1077575683594,160.71646118164062,1477.866943359375,88.77539825439453,352.03787578040834,65.30999755859375,482.373714460651,161.6459023519994,1488.1195884585134,88.91500091552734,339.4140547950486,64.33000183105469,475.0995047974185,158.96297983820347,1472.4918928888083,88.68930053710938,344.8446913019111,65.06999969482422,476.5345638517432,160.0169898110077,1479.1610089962214,88.77539825439453,20107281.0,0.0,6195012.0,19190570.0,8452085.0,0.0
2025-11-04,355.3248596191406,64.44000244140625,479.8500061035156,162.17291259765625,1466.3203125,88.72339630126953,356.27760086592707,64.83999633789062,486.33244735930265,163.0352737882795,1485.9297198935935,88.77449798583984,350.7516841893525,63.83000183105469,477.7716562449941,160.1415638068314,1463.334119430687,88.30650329589844,352.3713559390316,64.81999969482422,478.7613437773504,160.97518059915066,1477.07065615293,88.72339630126953,12649509.0,36655.0,6047242.0,23469790.0,10007806.0,0.0
2025-11-05,,63.52000045776367,,,,88.73200225830078,,64.94000244140625,,,,88.78450012207031,,63.43000030517578,,,,88.54920196533203,,64.26000213623047,,,,88.73200225830078,,42320.0,,,,0.0
2025-11-06,350.5611267089844,63.380001068115234,473.1499938964844,161.3297119140625,1489.2144775390625,88.55690002441406,362.0416462289995,64.33000183105469,484.0,162.92030358924782,1494.6891648996161,88.68170166015625,349.8941962568423,62.83000183105469,471.75,160.35237308586653,1469.406038969176,88.4114990234375,362.0416462289995,63.58000183105469,484.0,162.91072699629584,1477.1701896475465,88.55690002441406,11803637.0,43138.0,5156374.0,19729771.0,16772678.0,0.0
2025-11-07,357.0773010253906,63.630001068115234,479.54998779296875,162.086669921875,1471.19775390625,88.6729965209961,357.7581085256681,64.37999725341797,480.8999938964844,162.46036169872048,1491.5038906434634,88.72039794921875,349.8803246067937,63.2400016784668,468.3500061035156,159.15462450035656,1469.1074431042953,88.6001968383789,350.12346590255936,63.63999938964844,472.0,160.21821103764768,1487.7213309001133,88.6729965209961,11711108.0,36620.0,5059893.0,12104934.0,7821765.0,0.0
2025-11-10,355.1321716308594,64.05999755859375,482.0,162.30706787109375,1482.44580078125,88.65799713134766,359.65459380840673,64.30999755859375,485.20001220703125,164.22343918529086,1494.0919049344996,88.74230194091797,353.67332385227417,63.33000183105469,477.75,161.45428322110615,1468.7092643110286,88.51419830322266,356.25061565837456,63.689998626708984,479.54998779296875,162.06752145681912,1471.0982430243503,88.65799713134766,6934285.0,30891.0,2222672.0,12402893.0,7068438.0,0.0
2025-11-11,363.88525390625,65.16000366210938,487.8999938964844,165.2295379638672,1486.5269775390625,88.70709991455078,364.56606140016515,65.29000091552734,489.5,166.23563583353953,1491.9021495222175,88.71649932861328,350.17207901715193,63.61000061035156,470.0,160.3236320510115,1473.3876547459602,88.41960144042969,354.986288500456,63.970001220703125,480.5,161.8375525313436,1490.1103850249956,88.70709991455078,10689646.0,41959.0,6815234.0,20113006.0,7127506.0,0.0
2025-11-12,365.14959716796875,62.709999084472656,484.8999938964844,165.0953826904297,1504.5435791015625,88.46649932861328,368.6994540267611,65.20999908447266,494.45001220703125,167.20338809759568,1517.6827797499902,88.65370178222656,363.3503457057408,62.560001373291016,483.25,164.33840787474495,1493.0965058897411,88.46649932861328,364.9064558806496,65.20999908447266,490.0,165.4786510841864,1498.0734942427068,88.46649932861328,9316462.0,42279.0,3568821.0,16003745.0,12384459.0,0.0
2025-11-13,364.663330078125,63.0099983215332,486.04998779296875,165.23910522460938,1503.9464111328125,88.59400177001953,368.35906593017523,63.439998626708984,490.3999938964844,167.1554764411795,1515.0948167835015,88.79910278320312,361.89151334892017,62.34000015258789,481.8999938964844,164.2809196163243,1499.8653048593553,88.58209991455078,366.7543393017938,62.66999816894531,487.0,165.46907503406854,1508.0275174062697,88.59390258789062,9719258.0,36603.0,2807895.0,11618468.0,7196443.0,0.0
2025-11-14,360.9675598144531,64.38999938964844,481.25,164.08929443359375,1511.9095458984375,88.81610107421875,369.3316262798328,64.8499984741211,488.75,166.92553042306628,1513.900341239272,88.81620025634766,359.3142168203474,63.04999923706055,477.3500061035156,163.2748307735054,1498.5711928131457,88.63249969482422,363.73937650732705,63.04999923706055,483.1000061035156,165.19120209535762,1498.5711928131457,88.81620025634766,6848609.0,58912.0,2456049.0,11051895.0,7682823.0,0.0
2025-11-17,363.9825134277344,64.19999694824219,486.5,165.88108825683594,1511.3123779296875,88.68199920654297,371.08222726841984,64.72000122070312,492.20001220703125,167.10756466895378,1516.6874283079178,88.74349975585938,361.79424180392033,63.65999984741211,482.3999938964844,164.00305264735954,1504.5436249599409,88.56430053710938,362.37778683967076,64.0199966430664,483.0,164.00305264735954,1513.900387650411,88.68199920654297,9063998.0,33667.0,3478922.0,13233156.0,5871416.0,0.0
2025-11-18,361.64837646484375,64.88999938964844,483.54998779296875,164.41506958007812,1512.4072265625,88.63590240478516,366.5598188650518,65.08000183105469,488.5,166.7243004691195,1520.7685911952462,88.69400024414062,360.48128634977724,63.61000061035156,482.3999938964844,162.69992372677402,1503.5481631005248,88.53569793701172,365.5386372746195,64.0,486.3999938964844,166.24520765167952,1514.696568271851,88.63590240478516,7729409.0,36791.0,1780519.0,17543851.0,11045042.0,0.0
2025-11-19,355.6184387207031,63.5099983215332,477.1499938964844,162.24957275390625,1511.9095458984375,88.55680084228516,362.66953600980906,64.86000061035156,485.0,165.0283052030028,1515.2939222795571,88.6082992553711,354.84039847817627,62.869998931884766,475.29998779296875,161.78964775021663,1505.0412776708577,88.40899658203125,361.64835448145095,64.7300033569336,482.6000061035156,164.3384103870922,1510.4164493928117,88.55699920654297,7056032.0,38776.0,3937809.0,10315121.0,5692366.0,0.0
2025-11-20,355.034912109375,63.380001068115234,477.8999938964844,161.6459197998047,1541.9705810546875,88.48719787597656,358.682031585969,64.38999938964844,481.3500061035156,163.56229114211595,1543.7623455509595,88.73829650878906,353.33292302029776,62.95000076293945,474.45001220703125,161.109338163278,1519.6736478639639,88.4635009765625,356.9314261093376,63.59000015258789,478.0,162.9873885118744,1522.9585089376258,88.48729705810547,9025414.0,42345.0,2859788.0,9529662.0,18171724.0,0.0
2025-11-21,354.5486145019531,62.560001373291016,471.8999938964844,160.3523712158203,1539.4820556640625,88.69219970703125,357.7580973136764,63.13999938964844,478.0,161.55967984755753,1550.6305827884978,89.72579956054688,353.4301705125494,61.869998931884766,470.1499938964844,159.2504489675837,1533.0119706260582,88.60279846191406,355.03489707824457,63.130001068115234,477.6000061035156,160.97518602774574,1533.9078528560988,88.69229888916016,7177944.0,43029.0,2763162.0,9261908.0,9615271.0,0.0
2025-11-24,349.7830505371094,63.369998931884766,463.04998779296875,158.76177978515625,1528.831298828125,89.63400268554688,357.1745516190015,63.529998779296875,474.5,160.79312864737594,1542.8663816107544,89.64129638671875,347.9837990721247,61.93000030517578,462.0,158.1485415651983,1524.7501927010492,89.01580047607422,354.5486138397987,62.560001373291016,471.8999938964844,160.01700062438644,1542.8663816107544,89.63400268554688,13807356.0,30888.0,8097325.0,16397744.0,18433951.0,0.0
2025-11-25,346.0873107910156,62.47999954223633,455.25,157.25741577148438,1532.61376953125,89.14779663085938,349.10226865921743,63.40999984741211,462.0,158.48389216809377,1552.4222077972818,89.26200103759766,343.9963016773754,61.61000061035156,452.75,156.270485774537,1518.0809876078647,88.96649932861328,349.10226865921743,63.40999984741211,461.75,158.00479936876974,1528.8313312270848,89.14779663085938,4113590.0,26580.0,6235243.0,9625540.0,15033482.0,0.0
2025-11-26,357.5635681152344,63.130001068115234,466.25,158.66595458984375,1562.6748046875,89.15059661865234,357.90397185061533,63.20000076293945,467.70001220703125,159.05881420620108,1564.3669320995493,89.28790283203125,346.3304526099908,62.119998931884766,457.04998779296875,156.7304301487341,1533.4100892950657,89.1532974243164,347.01123040042006,62.599998474121094,457.1000061035156,157.2574205473937,1535.2018536795324,89.1532974243164,7651793.0,21288.0,3690761.0,5855993.0,14054299.0,0.0
2025-11-27,354.69451904296875,,463.3999938964844,156.96038818359375,1556.2047119140625,89.16300201416016,358.82792089511037,,469.29998779296875,159.0588170856709,1568.2489991897637,89.40630340576172,351.58229871745846,,459.1499938964844,155.75307953424576,1548.8387449947777,89.13800048828125,358.82792089511037,,467.1000061035156,158.66595746220156,1567.7513003642512,89.1624984741211,5180488.0,,2236914.0,4631417.0,9794643.0,0.0
2025-11-28,349.2481689453125,63.20000076293945,457.5,154.9865264892578,1560.285888671875,89.36479949951172,356.9314280824092,63.459999084472656,462.5,156.85498555369497,1574.0224254817672,89.61869812011719,348.76188634574515,62.810001373291016,455.70001220703125,154.7469800804645,1555.806599039324,89.05500030517578,355.76433797131386,63.0099983215332,462.0,156.66335135081084,1560.7835875199362,89.36489868164062,3459790.0,31795.0,1539822.0,5937318.0,8959508.0,0.0
2025-12-01,344.2880859375,63.16999816894531,451.95001220703125,156.15550231933594,1558.892333984375,89.3499984741211,351.5823250463453,63.810001373291016,461.1000061035156,157.5640362661331,1570.2398922139623,89.7970962524414,342.73197565821266,62.689998626708984,449.0,155.25480555109814,1556.403839701944,89.31659698486328,351.5823250463453,62.689998626708984,458.0,155.25480555109814,1567.7513979315313,89.3572998046875,4470807.0,31203.0,2140607.0,10208196.0,8920233.0,0.0
2025-12-02,348.9077453613281,62.45000076293945,450.45001220703125,155.55184936523438,1539.1834716796875,89.61270141601562,351.24189577053596,63.43000030517578,460.45001220703125,158.21560420758797,1560.2858537619331,89.99299621582031,344.5312022139386,62.16999816894531,447.0,154.96735555474658,1534.9032130787248,89.5802993774414,345.9900499297351,63.29999923706055,455.0,156.67292478126788,1553.9152843475838,89.61270141601562,9468149.0,39539.0,5323687.0,13247668.0,11389150.0,0.0
2025-12-03,348.5673522949219,62.66999816894531,450.70001220703125,157.24783325195312,1531.718017578125,89.91719818115234,351.0960276824411,63.349998474121094,455.29998779296875,157.67901383094224,1545.2554018922647,90.30400085449219,346.03867690740265,62.16999816894531,446.6499938964844,154.26787556764862,1525.9446623591427,89.8427963256836,349.15089733517,62.43000030517578,450.95001220703125,155.41769531853672,1538.0884656023031,89.91719818115234,6169622.0,40622.0,4191593.0,11250522.0,6090883.0,0.0
2025-12-04,346.23321533203125,63.2599983215332,447.95001220703125,155.95428466796875,1528.53271484375,90.17050170898438,351.6795864530965,63.61000061035156,453.75,157.81316709125932,1553.3181423785347,90.45210266113281,343.8018023030142,62.529998779296875,445.0,155.2356454602483,1510.6155558800758,89.72579956054688,350.1234761784586,62.7599983215332,451.8999938964844,157.14244008820398,1528.9308982335338,90.17060089111328,5798181.0,32164.0,3132109.0,6382061.0,11867930.0,0.0
2025-12-05,350.41522216796875,63.75,450.3500061035156,156.816650390625,1533.5096435546875,89.8364028930664,351.6795747090365,64.08000183105469,451.95001220703125,156.98911677140998,1538.685784402705,90.07720184326172,343.6072659140672,63.06999969482422,445.3999938964844,155.13023446783225,1513.6016899280953,89.6980972290039,346.2332037698485,63.29999923706055,447.95001220703125,155.9063770436182,1523.356635808528,89.8364028930664,3479044.0,26349.0,2114565.0,6124074.0,10183266.0,0.0
2025-12-08,347.74066162109375,62.4900016784668,445.95001220703125,155.32188415527344,1535.898681640625,89.93800354003906,353.04115362338536,63.959999084472656,452.95001220703125,157.54486703781393,1543.861863398969,90.23870086669922,345.40651116956775,62.349998474121094,442.70001220703125,154.26787419754868,1527.9354998822807,89.84819793701172,353.04115362338536,63.900001525878906,451.79998779296875,156.8166512802276,1532.1161217020071,89.93800354003906,6762135.0,38815.0,3238893.0,8744916.0,11301491.0,0.0
2025-12-09,345.30926513671875,61.939998626708984,448.75,156.19383239746094,1522.3612060546875,90.12999725341797,348.9077682774986,62.779998779296875,453.8999938964844,156.5004588133209,1535.4008911036892,90.16850280761719,343.266901944728,61.83000183105469,442.29998779296875,153.6259019580188,1513.1039592099478,89.8053970336914,347.7406781560741,62.5,445.1499938964844,155.41770438584973,1533.211064854301,90.12989807128906,5612269.0,32575.0,6794529.0,10272407.0,11503971.0,0.0
2025-12-10,345.4065246582031,62.209999084472656,449.5,156.2513427734375,1529.8267822265625,89.91690063476562,350.07485542389355,62.72999954223633,456.8999938964844,159.52833597990704,1540.3779737710465,90.0470962524414,343.0723741155251,61.349998474121094,448.5,155.65725772144393,1524.3520947592017,89.7531967163086,345.3092622021885,62.13999938964844,450.5,156.423809174474,1526.9401045329791,89.91699981689453,8521964.0,45191.0,2723651.0,12155035.0,7991629.0,0.0
2025-12-11,341.6621398925781,61.279998779296875,448.04998779296875,154.9865264892578,1537.889404296875,89.79299926757812,346.5736119177208,62.619998931884766,451.95001220703125,157.14244416839742,1542.8663926602953,90.65029907226562,339.5225142795365,60.75,443.5,153.78879444529136,1516.9860531705099,89.79299926757812,345.4065218158187,62.619998931884766,451.79998779296875,156.4429727485317,1529.826707449835,89.79299926757812,4491115.0,48635.0,2284129.0,8829634.0,4706197.0,0.0
2025-12-12,355.034912109375,61.119998931884766,459.8999938964844,156.82623291015625,1549.3365478515625,90.25299835205078,356.5910223554553,61.849998474121094,461.5,158.004797085653,1552.62140892391,90.64469909667969,342.8292307998406,60.810001373291016,448.5,155.28355353379396,1538.9843872841,90.17530059814453,342.8292307998406,61.599998474121094,449.0,155.56143554100768,1543.6628294631555,90.2509994506836,6101145.0,42931.0,2617358.0,13492656.0,5106655.0,0.0
2025-12-15,356.9314270019531,60.560001373291016,466.1499938964844,161.50218200683594,1549.037841796875,90.5770034790039,359.31422360475386,61.5,468.1499938964844,161.93336259254744,1551.4268205626304,90.77239990234375,351.1932982804954,60.130001068115234,456.5,155.65724413596405,1539.3825327747268,90.39340209960938,355.0835590652579,61.15999984741211,461.04998779296875,158.2635100763445,1544.060853330096,90.5770034790039,6128925.0,42976.0,3139768.0,33661881.0,5774543.0,0.0
2025-12-16,358.04986572265625,58.91999816894531,465.3500061035156,160.72605895996094,1535.201904296875,90.77690124511719,358.92516845015825,60.40999984741211,468.29998779296875,162.61368577515637,1544.5585453663573,91.072998046875,351.7768381086136,58.720001220703125,460.20001220703125,159.06838733313316,1531.7180123854912,90.75279998779297,356.6882804042827,60.33000183105469,466.1000061035156,162.42203695718058,1537.8894294536826,90.77690124511719,4332510.0,48212.0,1508242.0,26675256.0,11731856.0,0.0
2025-12-17,358.244384765625,59.68000030517578,465.45001220703125,161.1284942626953,1537.292236328125,90.94889831542969,362.6209280118121,60.65999984741211,471.75,162.31663505131442,1542.8664391614582,91.06549835205078,355.95885068988287,58.90999984741211,464.45001220703125,160.2565418563202,1532.2157323461342,89.82060241699219,359.84911135316025,58.939998626708984,466.0,161.5884192576204,1542.8664391614582,90.9489974975586,6872112.0,50078.0,2284665.0,17416464.0,7116649.0,0.0
2025-12-18,353.3815612792969,59.81999969482422,464.0,159.73605346679688,1537.292236328125,90.4136962890625,359.0710734731258,60.720001220703125,468.29998779296875,161.76053196498967,1544.3595357154854,90.4573974609375,351.5823097745361,59.54999923706055,457.8500061035156,159.27190422339845,1528.1345045583196,90.0458984375,357.9039833942719,60.63999938964844,466.6000061035156,159.98294072099594,1528.1345045583196,90.41629791259766,3880069.0,31064.0,1217678.0,10014354.0,6580829.0,0.0
2025-12-19,355.9102478027344,60.470001220703125,469.75,160.57546997070312,1557.8968505859375,90.25579833984375,357.36909560679476,60.63999938964844,470.3999938964844,160.871722609284,1566.9549449740825,90.29299926757812,352.1658658362458,59.40999984741211,462.54998779296875,158.4127352962535,1543.8617679066683,89.21189880371094,353.9651173973205,59.77000045776367,466.0,159.1928923591857,1547.2461442463334,90.26129913330078,6515994.0,36104.0,3305705.0,14335462.0,13937275.0,0.0
2025-12-22,359.7518615722656,62.06999969482422,475.54998779296875,161.6222686767578,1568.1495361328125,89.56999969482422,360.52993154052757,62.15999984741211,478.04998779296875,162.35304527337365,1570.2398469681211,89.77189636230469,354.54863181578895,60.560001373291016,468.29998779296875,160.10143481850042,1558.0960438231807,89.3949966430664,355.9102468401638,60.56999969482422,470.0,160.57546917548535,1566.2582562309594,89.56999969482422,3949754.0,35138.0,2896134.0,9224512.0,10184852.0,0.0
2025-12-23,359.84912109375,62.380001068115234,475.1000061035156,161.2371368408203,1563.4710693359375,89.60389709472656,363.25309926625846,62.54999923706055,477.3999938964844,163.4393669925121,1573.6241984599117,89.83300018310547,358.43888969300565,61.72999954223633,471.29998779296875,160.6347313204523,1560.8830596994947,89.43090057373047,359.7518586384686,61.9900016784668,477.0,161.6123952312379,1573.6241984599117,89.60399627685547,3379297.0,26231.0,1881359.0,8439146.0,7506564.0,0.0
2025-12-24,355.8616027832031,62.2400016784668,470.70001220703125,159.16326904296875,1551.0286865234375,89.50789642333984,361.2593574823357,62.720001220703125,477.5,161.37538420718482,1568.448146711295,89.8656997680664,354.79177512100557,62.02000045776367,469.25,158.99538752278474,1546.4498812900458,89.4229965209961,359.75186360549634,62.43000030517578,475.1000061035156,161.26675321544204,1565.4619535362338,89.50789642333984,2339154.0,14966.0,1548951.0,7879339.0,8815745.0,0.0
2025-12-26,355.9588623046875,60.63999938964844,467.70001220703125,158.30410766601562,1552.0240478515625,90.10590362548828,358.0985176114396,62.689998626708984,471.0,159.9236874227751,1553.8158123179846,90.10900115966797,351.77684382734,60.59000015258789,465.04998779296875,157.62269644521285,1547.1466963201515,89.54869842529297,355.42396331816667,62.349998474121094,470.70001220703125,159.09414987953772,1547.5447581940155,90.10590362548828,2997958.0,9687.0,1095275.0,7762050.0,2311495.0,0.0
2025-12-29,361.40521240234375,61.939998626708984,474.1499938964844,159.9631805419922,1538.4866943359375,89.82929992675781,361.7942325227533,62.150001525878906,475.95001220703125,160.77297794358242,1550.9291658570105,90.3550033569336,354.7917516340508,60.95000076293945,466.8999938964844,157.54368853991676,1536.495898892566,89.76360321044922,355.9588416756121,61.040000915527344,468.5,157.57331380399427,1547.7439417510202,89.81430053710938,4666863.0,9170.0,1617182.0,8219066.0,5972105.0,0.0
2025-12-30,359.3628234863281,61.91999816894531,468.75,159.5583038330078,1532.71337890625,89.9000015258789,365.8303758078639,62.33000183105469,480.75,160.86186071538359,1546.449793829553,89.99009704589844,358.0985006614864,61.5099983215332,467.3999938964844,158.97563845366483,1530.7225835687998,89.68579864501953,361.59971146268896,61.70000076293945,475.25,159.98294268241133,1539.8801935176687,89.90019989013672,8567519.0,30567.0,5380500.0,8132881.0,8815884.0,0.0
2025-12-31,373.46502685546875,60.849998474121094,499.04998779296875,164.38742065429688,1563.172607421875,89.76940155029297,375.4101572036743,61.90999984741211,500.8999938964844,165.24658350139515,1569.7422080874378,89.93800354003906,358.876549243927,60.619998931884766,469.04998779296875,159.42003509485025,1533.9078900841737,89.64399719238281,359.3628318309784,61.27000045776367,469.79998779296875,159.5583064271951,1533.9078900841737,89.76969909667969,12051156.0,30919.0,11948717.0,24383706.0,5771830.0,0.0
2026-01-01,371.0335998535156,,498.6000061035156,163.81463623046875,1568.3485107421875,,377.5011520800333,,502.1499938964844,166.10574212068394,1585.1707553042595,,368.74806584495695,,493.0,162.86658254116446,1563.8692213237453,,375.7991630898796,,499.75,164.92068631065524,1566.457230908256,,6554899.0,,3287789.0,9679405.0,6408128.0,
2026-01-02,370.9849853515625,60.75,495.8500061035156,164.71328735351562,1584.9718017578125,89.96189880371094,375.02112475548716,61.36000061035156,501.70001220703125,165.2663274387981,1587.2611435561273,90.3147964477539,367.53236128867167,60.0,492.29998779296875,162.85670552230127,1570.9365970213464,89.83650207519531,371.51988430762106,60.91999816894531,498.6000061035156,164.62441156203866,1572.7283614795997,89.96189880371094,3614573.0,33381.0,6513192.0,9638213.0,6602230.0,0.0
2026-01-05,367.5323791503906,61.7599983215332,492.3999938964844,162.95545959472656,1570.8370361328125,90.00700378417969,374.8752641388048,61.880001068115234,508.45001220703125,166.6883937129827,1604.3820104615531,90.30829620361328,364.1284009873777,59.7599983215332,488.1000061035156,161.56302691831206,1568.049995566515,90.00700378417969,369.5747719842653,60.88999938964844,495.1499938964844,164.72318079239102,1585.6684856930358,90.00700378417969,5243413.0,45681.0,8489981.0,9692902.0,8704973.0,0.0
2026-01-06,360.6271667480469,60.70000076293945,482.3500061035156,161.95803833007812,1500.6614990234375,90.23300170898438,367.4351231944904,62.31999969482422,492.3500061035156,162.83695634997096,1561.77894010158,90.25700378417969,354.0137352150642,60.400001525878906,474.5,159.2916590054775,1489.4135782872731,90.05999755859375,367.3865068062925,61.790000915527344,492.0,162.64931962626315,1561.77894010158,90.23290252685547,6881934.0,48263.0,4341976.0,11514726.0,27417125.0,0.0
2026-01-07,358.0985107421875,59.959999084472656,476.45001220703125,160.64459228515625,1497.277099609375,90.16609954833984,363.15583186425414,60.90999984741211,485.04998779296875,162.9455832385385,1513.004431115157,90.21800231933594,356.44513806592823,59.45000076293945,475.0,159.98293627056506,1491.1056827700695,89.74700164794922,361.356580347227,60.61000061035156,483.0,162.05679517566713,1503.0504545946628,90.14739990234375,6613161.0,71788.0,2548077.0,10582454.0,11199340.0,0.0
2026-01-08,344.8229675292969,61.9900016784668,452.20001220703125,154.42303466796875,1463.831787109375,89.8644027709961,356.4937495143967,63.0099983215332,475.0,160.67422174175937,1496.9785780764303,90.12329864501953,342.53746313481486,59.95000076293945,448.95001220703125,153.86013956514324,1462.040144211037,89.72899627685547,356.1533754507647,60.349998474121094,475.0,160.64459647681076,1493.0965028672745,89.83799743652344,7714421.0,64136.0,6527619.0,13567688.0,16518684.0,0.0
2026-01-09,344.4339599609375,63.34000015258789,448.75,155.64759826660156,1468.51025390625,89.90540313720703,349.7830685658606,63.90999984741211,455.20001220703125,156.44751054443103,1473.0890589574892,90.36399841308594,342.5374756273927,61.84000015258789,446.29998779296875,153.17872577018875,1458.2576091430024,89.81610107421875,343.315515915975,62.66999816894531,452.0,153.26760156354717,1458.2576091430024,89.90540313720703,5252007.0,56568.0,7018633.0,10896400.0,8335311.0,0.0
2026-01-12,348.9077453613281,63.869998931884766,451.04998779296875,156.26976013183594,1476.373779296875,90.23600006103516,349.24814909774716,64.27999877929688,451.8999938964844,156.63514844203377,1478.4642116159973,90.42919921875,339.9601341656432,62.7599983215332,441.70001220703125,152.8429638755638,1444.322022844729,90.12049865722656,343.89904080649336,63.40999984741211,451.0,155.04519393964583,1468.5102348906719,90.23600006103516,4474234.0,56900.0,2794252.0,6011542.0,8883745.0,0.0
2026-01-13,345.35791015625,65.47000122070312,448.8500061035156,155.44020080566406,1446.11376953125,90.13269805908203,350.26935256829506,65.91000366210938,453.5,157.41529873238812,1478.9618923221497,90.44860076904297,342.39156847344617,63.849998474121094,445.1000061035156,153.81075104363723,1438.050951275772,90.13269805908203,350.12347372364377,64.16999816894531,451.0,156.72401747179498,1478.165525590484,90.13269805908203,3681627.0,80180.0,1842284.0,7763679.0,13499760.0,0.0
2026-01-14,347.1084899902344,66.5199966430664,440.1499938964844,157.1782989501953,1452.086181640625,90.27300262451172,348.66460013891526,66.80999755859375,448.20001220703125,157.6029377776976,1460.2483939989072,90.4468002319336,341.5162404761513,63.470001220703125,437.25,154.1465163548031,1433.5716876182923,89.98500061035156,344.77433960737926,65.44000244140625,447.3500061035156,155.04518954126806,1437.3542473990606,90.27300262451172,7777436.0,96568.0,8097390.0,10309941.0,8321764.0,0.0
2026-01-15,347.1084899902344,63.7599983215332,440.1499938964844,157.1782989501953,1452.086181640625,90.18319702148438,347.1084899902344,65.69000244140625,440.1499938964844,157.1782989501953,1452.086181640625,90.42379760742188,347.1084899902344,63.279998779296875,440.1499938964844,157.1782989501953,1452.086181640625,90.18199920654297,347.1084899902344,65.69000244140625,440.1499938964844,157.1782989501953,1452.086181640625,90.18319702148438,0.0,54944.0,0.0,0.0,0.0,0.0
2026-01-16,353.2356872558594,64.12999725341797,457.8999938964844,159.31141662597656,1451.1903076171875,90.36160278320312,357.6608469778776,64.7699966430664,458.75,160.1310690596789,1473.1885721290346,90.86299896240234,348.1783364189808,63.45000076293945,445.0,157.85971834752644,1448.4031454989463,90.27570343017578,348.1783364189808,63.79999923706055,445.0,158.00784467438774,1452.0861898343726,90.36160278320312,6243090.0,35235.0,8060832.0,15011308.0,17167161.0,0.0
2026-01-19,351.33917236328125,,453.20001220703125,158.89662170410156,1407.0941162109375,90.7020034790039,356.93142216560335,,460.0,160.22981882818945,1443.9238298491432,91.00029754638672,349.102284314486,,451.6000061035156,157.35604773685415,1396.8415931572963,90.5958023071289,354.01372661656575,,457.8999938964844,158.9953826276641,1443.9238298491432,90.7020034790039,4545354.0,,2624525.0,8651736.0,20392765.0,0.0
2026-01-20,345.4551696777344,64.91999816894531,438.6000061035156,156.45738220214844,1387.5843505859375,90.90450286865234,351.0960359454443,65.12000274658203,453.6499938964844,159.34103856785552,1409.4830993039366,91.04810333251953,343.3155143732461,63.2599983215332,436.70001220703125,156.03274336146814,1383.6027599099377,90.86930084228516,351.0960359454443,63.560001373291016,453.6499938964844,158.8966294589363,1404.207443054835,90.90450286865234,6408732.0,78657.0,3948024.0,10243937.0,13189498.0,0.0
2026-01-21,342.2943115234375,65.23999786376953,429.04998779296875,156.84254455566406,1398.1356201171875,91.11840057373047,348.90774257680204,65.41000366210938,442.1499938964844,158.4423691661034,1406.3974698374059,91.80999755859375,336.0212545234428,63.630001068115234,428.0,154.66005456383056,1366.681076311502,91.00270080566406,344.28805818031475,64.01000213623047,440.0,156.45738596698547,1383.105138772638,91.11830139160156,6076732.0,52906.0,5200234.0,11797545.0,17352720.0,0.0
2026-01-22,344.4339599609375,64.05999755859375,427.70001220703125,157.06967163085938,1396.0452880859375,91.53690338134766,351.29056243544875,65.37000274658203,434.5,159.9335577063854,1412.9670491536458,91.66500091552734,344.0935562045573,63.560001373291016,424.29998779296875,156.0919926950506,1388.5798052619484,91.09310150146484,345.26064631776524,65.13999938964844,429.70001220703125,157.81033338164733,1403.610286379211,91.53700256347656,4615713.0,49453.0,4751687.0,8809678.0,15721693.0,0.0
2026-01-23,339.5711364746094,65.87999725341797,414.8500061035156,154.08726501464844,1379.720703125,91.55829620361328,351.9713428779779,66.20999908447266,431.70001220703125,158.40284920360463,1400.5245389866304,91.97599792480469,338.6472173351082,64.23999786376953,413.75,153.6724962543443,1374.6441992470054,91.4229965209961,346.23321408621155,64.27999877929688,430.0,157.10916246029385,1395.348519642108,91.55829620361328,5338663.0,34015.0,6140298.0,9542103.0,9837802.0,0.0
2026-01-26,,65.58999633789062,,,,91.5009994506836,,66.51000213623047,,,,91.78759765625,,65.27999877929688,,,,91.38400268554688,,66.06999969482422,,,,91.5927963256836,,25795.0,,,,0.0
2026-01-27,347.59478759765625,67.56999969482422,419.3500061035156,156.92152404785156,1374.146484375,91.71309661865234,350.02620053507735,67.77999877929688,421.8999938964844,157.90907300993698,1385.195374217857,91.88800048828125,340.93271021305566,65.0,412.54998779296875,153.7021198562216,1361.7040134914885,91.5031967163086,348.17833263870403,65.7300033569336,416.95001220703125,154.74891934502392,1373.6487855396595,91.71309661865234,11887552.0,34327.0,4221203.0,11148012.0,26302396.0,0.0
2026-01-28,352.40899658203125,68.4000015258789,433.25,160.82235717773438,1390.2718505859375,91.5343017578125,355.86159107609944,68.69999694824219,437.3999938964844,161.95803247549927,1403.4111724845945,92.32749938964844,347.59478710068703,67.12999725341797,418.0,156.56600842256668,1378.526231208921,91.41809844970703,350.60974507484536,67.7699966430664,421.0,157.02028758295356,1378.6257466723232,91.5343017578125,12428097.0,23555.0,5268771.0,15795631.0,11121657.0,0.0
2026-01-29,356.8828125,70.70999908447266,432.6000061035156,161.05935668945312,1384.59814453125,92.04080200195312,357.8067316330623,71.87999725341797,436.8999938964844,162.59993066005816,1396.4434009824272,92.13009643554688,347.4489181749699,68.61000061035156,428.0,159.75579989463398,1377.6303609139109,91.80560302734375,352.40900663781736,68.66999816894531,433.0,160.69396839531768,1396.4434009824272,92.04080200195312,14186586.0,26980.0,5427396.0,16100725.0,20846683.0,0.0
2026-01-30,354.5,70.69000244140625,427.0,161.20750427246094,1388.9779052734375,91.78189849853516,357.9039780521262,70.91999816894531,435.75,161.78028450102872,1391.5659148620384,92.0177993774414,349.6371742112483,69.11000061035156,423.45001220703125,158.82750756465384,1372.1556606847782,91.78199768066406,356.639655219184,70.16000366210938,431.0,160.97048708756333,1376.236766748553,91.78199768066406,12639803.0,85305.0,6429392.0,11627532.0,11239835.0,0.0
2026-02-02,366.70001220703125,66.30000305175781,453.25,162.56044006347656,1384.0009765625,91.68699645996094,367.6000061035156,68.80999755859375,455.0,163.34059713634437,1386.4894707948447,92.01950073242188,351.0,65.45999908447266,433.5,157.0696700827612,1329.35361891851,90.90809631347656,353.0,68.72000122070312,438.95001220703125,158.5016131064108,1333.8329085367304,91.68240356445312,12038292.0,80104.0,12394412.0,14590517.0,15711165.0,0.0
2026-02-03,373.45001220703125,67.33000183105469,450.70001220703125,165.49346923828125,1430.4859619140625,90.24559783935547,374.70001220703125,68.2699966430664,475.75,166.58964927084196,1482.6448239290096,90.5322036743164,358.29998779296875,65.19000244140625,444.1000061035156,162.35305546845768,1423.6176937150067,90.02780151367188,372.0,66.30000305175781,470.0,166.40201254301948,1467.1166446366906,90.24559783935547,12411365.0,83736.0,9971651.0,14585846.0,25456171.0,0.0
2026-02-04,382.45001220703125,69.45999908447266,458.8500061035156,170.62872314453125,1450.095458984375,90.42289733886719,383.20001220703125,69.75,464.79998779296875,171.53726645956485,1457.2622740237098,90.52799987792969,370.3500061035156,66.98999786376953,450.29998779296875,164.24916473909016,1433.6713964697635,90.23600006103516,373.0,67.94000244140625,452.0,164.92069085806182,1437.3543194605445,90.42289733886719,8138573.0,98236.0,8077255.0,28164545.0,8333387.0,0.0
2026-02-05,382.04998779296875,67.55000305175781,458.8500061035156,173.5814971923828,1436.757080078125,90.125,391.6499938964844,68.94000244140625,473.6000061035156,175.6849663791339,1454.7737543419996,90.51580047607422,378.3500061035156,66.91999816894531,455.1000061035156,170.2732019149333,1432.8750047042822,90.0708999633789,386.0,68.83000183105469,466.45001220703125,172.07054838224798,1450.2944646433757,90.125,8446290.0,65248.0,5986826.0,34830200.0,11763658.0,0.0
2026-02-06,386.3500061035156,68.05000305175781,463.1499938964844,173.01858520507812,1444.123046875,90.3147964477539,386.8999938964844,68.81999969482422,467.8999938964844,178.64761160254702,1446.113842295832,90.81999969482422,381.3500061035156,66.58000183105469,459.6499938964844,171.12249289586765,1426.9026178813986,90.17729949951172,382.5,67.41000366210938,460.6499938964844,174.78630638853727,1434.865799564727,90.3147964477539,7988984.0,79538.0,4702809.0,34240417.0,8277304.0,0.0
2026-02-09,388.29998779296875,69.04000091552734,463.6499938964844,173.96664428710938,1454.873291015625,90.58799743652344,389.5,69.44000244140625,467.70001220703125,175.08256446696853,1459.153549837875,90.79100036621094,382.8999938964844,67.02999877929688,460.5,172.82108377244793,1446.3128948796364,90.3655014038086,386.5,67.51000213623047,464.0,173.75925235630928,1451.2898835062008,90.58899688720703,5171617.0,51346.0,2723273.0,12380924.0,5775864.0,0.0
2026-02-10,386.3500061035156,68.80000305175781,461.25,175.99111938476562,1451.7874755859375,90.82279968261719,388.0,69.5,465.29998779296875,176.67251555812928,1464.2299462371711,90.77649688720703,381.8999938964844,68.48999786376953,457.29998779296875,173.01858715843582,1445.5164217743147,90.46440124511719,386.0,69.1500015258789,463.29998779296875,174.58878650067777,1464.2299462371711,90.76020050048828,3114005.0,45779.0,2618235.0,21506950.0,10259630.0,0.0
2026-02-11,387.6000061035156,69.4000015258789,461.75,179.05250549316406,1461.9405517578125,90.58789825439453,390.8999938964844,70.72000122070312,467.8999938964844,179.33890313963641,1463.234617369774,90.81169891357422,386.0,69.01000213623047,459.29998779296875,174.61842015903972,1446.91007080626,90.4657974243164,388.0,69.11000061035156,462.0,175.78372073764646,1452.882456999606,90.58809661865234,5156493.0,49482.0,2997852.0,25578553.0,7106877.0,0.0
2026-02-12,377.70001220703125,67.5199966430664,452.3500061035156,175.89234924316406,1442.231689453125,90.73570251464844,389.5,69.83999633789062,464.6000061035156,179.98080141325633,1466.2207486838624,90.73609924316406,373.54998779296875,67.08999633789062,448.25,173.1173390233287,1438.8473131178025,90.3646011352539,387.04998779296875,69.63999938964844,461.79998779296875,179.98080141325633,1463.2345557130195,90.73580169677734,6352805.0,48058.0,3949831.0,24014261.0,11135399.0,0.0
2026-02-13,374.1000061035156,67.75,450.20001220703125,174.5690460205078,1413.0665283203125,90.56410217285156,378.3999938964844,68.05000305175781,455.25,175.6849661761401,1444.0233720001163,90.7500991821289,372.95001220703125,66.88999938964844,448.75,173.84812438002763,1409.7817888672503,90.5072021484375,377.45001220703125,67.58999633789062,452.3500061035156,175.07269060037007,1438.8473526451965,90.56420135498047,2696607.0,42167.0,1912866.0,9835632.0,10755693.0,0.0
2026-02-16,374.3500061035156,,452.04998779296875,172.96920776367188,1430.4859619140625,90.57119750976562,375.29998779296875,,452.6000061035156,173.70986954125334,1432.9744560797708,90.8218994140625,369.04998779296875,,445.0,171.29037741491436,1402.8139796964888,90.52210235595703,372.6499938964844,,448.0,173.70986954125334,1413.564201587246,90.5552978515625,1709180.0,,879388.0,6184219.0,5896514.0,0.0
2026-02-17,374.95001220703125,67.41999816894531,454.25,173.62098693847656,1416.450927734375,90.78299713134766,375.79998779296875,69.02999877929688,454.8999938964844,173.9567499813056,1425.2104761017015,90.79910278320312,366.54998779296875,66.83000183105469,444.29998779296875,170.02630918827873,1412.0711535507119,90.62220001220703,374.3500061035156,68.05999755859375,451.6000061035156,172.77169419739016,1424.5136248062843,90.78289794921875,2646518.0,74745.0,1420593.0,5249228.0,10731630.0,0.0
2026-02-18,380.8999938964844,70.3499984741211,457.04998779296875,176.51451110839844,1434.666748046875,90.6261978149414,381.3999938964844,70.68000030517578,458.70001220703125,176.77126841988218,1435.4629932986807,90.7510986328125,375.75,67.33999633789062,454.0,173.6703652078944,1412.6683617554224,90.58200073242188,377.0,67.51000213623047,456.04998779296875,173.6703652078944,1420.4325123887006,90.6261978149414,2527223.0,56115.0,1151972.0,8191312.0,5521096.0,0.0
2026-02-19,367.6499938964844,71.66000366210938,434.3500061035156,172.12979125976562,1403.0130615234375,90.79350280761719,378.8500061035156,72.12999725341797,453.29998779296875,175.77384942882185,1436.3588845536149,91.21410369873047,365.0,70.05000305175781,430.8999938964844,171.23111806606525,1393.5567833507007,90.73480224609375,377.45001220703125,70.05000305175781,452.79998779296875,175.49733691826813,1436.3588845536149,90.79340362548828,5506935.0,73081.0,5262959.0,13677449.0,11884664.0,0.0
2026-02-20,366.29998779296875,71.76000213623047,430.8999938964844,171.62612915039062,1412.8675537109375,91.04109954833984,367.8999938964844,72.31999969482422,435.5,172.26804502323506,1420.8307355027325,91.0907974243164,362.29998779296875,71.08000183105469,426.75,170.15469082668554,1399.6287153786739,90.72989654541016,364.8500061035156,71.73999786376953,430.0,171.43850750357296,1403.013091941889,91.04109954833984,6928709.0,40579.0,4738497.0,8935995.0,8177670.0,0.0
2026-02-23,372.1000061035156,71.48999786376953,438.5,174.26290893554688,1421.4278564453125,90.72660064697266,376.70001220703125,72.4800033569336,442.0,175.09244650647867,1428.2961245911818,90.97039794921875,366.6499938964844,70.73999786376953,432.6000061035156,171.5076386958631,1411.772547760535,90.67179870605469,370.0,71.23999786376953,435.0,172.71244972122693,1418.4416634695872,90.76480102539062,7760029.0,28933.0,2826172.0,11422407.0,7758856.0,0.0
2026-02-24,374.45001220703125,70.7699966430664,447.04998779296875,177.9464569091797,1422.2242431640625,91.02010345458984,376.0,72.23999786376953,448.95001220703125,178.74636918901726,1426.7035326906043,91.02310180664062,369.0,70.70999908447266,436.1499938964844,174.31226874955968,1408.4877066792656,90.82479858398438,370.0,71.47000122070312,437.0,174.78630311959833,1418.7403513100855,91.01509857177734,7718539.0,37988.0,3515127.0,22691029.0,12529409.0,0.0
2026-02-25,381.04998779296875,70.8499984741211,436.70001220703125,180.7510986328125,1392.063720703125,90.91799926757812,381.8999938964844,71.76000213623047,454.70001220703125,181.51151560886842,1433.8704252219175,90.95999908447266,374.0,70.44999694824219,432.45001220703125,178.26247084586734,1387.0867320699354,90.85310363769531,376.1000061035156,71.22000122070312,449.70001220703125,178.74637529768518,1428.395737725409,90.91809844970703,7003584.0,18491.0,5442008.0,24353791.0,10728792.0,0.0
2026-02-26,386.0,70.75,444.0,184.1482696533203,1400.3255615234375,90.95099639892578,387.0,72.58999633789062,445.3500061035156,184.47416264293435,1406.397463315574,91.06600189208984,378.54998779296875,69.31999969482422,436.04998779296875,180.1585631157446,1385.4941111892442,90.80899810791016,380.0,71.11000061035156,438.79998779296875,181.2152478155964,1392.0637118415314,90.95120239257812,4800186.0,17725.0,4463697.0,17206460.0,16683858.0,0.0
2026-02-27,385.3999938964844,72.4800033569336,438.75,185.1358184814453,1387.48486328125,91.00740051269531,389.8999938964844,72.98999786376953,444.04998779296875,186.60727196585654,1403.9089251530934,91.1323013305664,382.5,70.44000244140625,436.1000061035156,183.45698813856686,1381.711508080472,90.89430236816406,386.6499938964844,70.5,444.0,184.7803002266991,1391.5659695052796,91.00740051269531,9020770.0,79435.0,5341791.0,24422609.0,12031440.0,0.0
2026-03-02,374.79998779296875,77.73999786376953,424.5,176.87989807128906,1351.75,91.07959747314453,376.95001220703125,82.11000061035156,435.6000061035156,180.1289275789846,1372.2551671563263,91.77850341796875,367.1000061035156,75.79000091552734,415.95001220703125,174.6480428055384,1335.3259388807069,91.07579803466797,368.0,77.0,421.1000061035156,179.05250280936158,1369.1694587628867,91.07579803466797,14939455.0,143671.0,12250296.0,31464579.0,23728722.0,0.0
2026-03-03,,81.4000015258789,,,,91.56340026855469,,85.05000305175781,,,,92.42130279541016,,77.37000274658203,,,,91.56060028076172,,78.05000305175781,,,,91.56300354003906,,229556.0,,,,0.0
2026-03-04,356.3999938964844,81.4000015258789,401.45001220703125,168.31785583496094,1338.8099365234375,92.00859832763672,367.8500061035156,84.44999694824219,416.3999938964844,173.97650744836034,1346.5740873609554,92.29630279541016,352.70001220703125,80.30000305175781,400.1000061035156,167.10317477077407,1300.9848230751916,91.8240966796875,365.0,81.9000015258789,413.79998779296875,172.82107691382134,1323.8789706886037,92.00859832763672,13534628.0,152390.0,6582702.0,27718538.0,32495007.0,0.0
2026-03-05,360.3500061035156,85.41000366210938,418.3999938964844,169.40414428710938,1383.005615234375,92.12300109863281,362.5,86.27999877929688,426.5,173.23583912637804,1392.5614090361375,92.1708984375,351.1000061035156,81.5199966430664,400.1000061035156,167.17228903172585,1346.8726294272453,91.32669830322266,356.6499938964844,82.43000030517578,403.79998779296875,168.870874471682,1346.8726294272453,92.12310028076172,12170764.0,146018.0,10165454.0,32355154.0,25957532.0,0.0
2026-03-06,352.75,92.69000244140625,404.95001220703125,166.5797576904297,1398.334716796875,91.78690338134766,362.04998779296875,94.55000305175781,420.0,170.78672606444815,1417.7449716586152,91.96649932861328,351.20001220703125,83.16999816894531,402.1000061035156,165.957612068696,1383.9014503612218,91.55979919433594,362.04998779296875,84.83999633789062,420.0,169.91767812450033,1390.0728674061675,91.78690338134766,10536915.0,197523.0,7196619.0,20979104.0,19311971.0,0.0
2026-03-09,331.1499938964844,98.95999908447266,384.54998779296875,159.212646484375,1417.4462890625,91.93620300292969,341.45001220703125,119.4000015258789,389.45001220703125,160.13105979538548,1422.8214608086796,92.34880065917969,322.79998779296875,83.87999725341797,370.1499938964844,154.3539073499935,1363.6948146177142,91.94029998779297,341.3500061035156,98.36000061035156,385.20001220703125,156.03273758877063,1368.6718029922313,91.94029998779297,34756111.0,235965.0,24836194.0,40458725.0,24870822.0,0.0
2026-03-10,325.8999938964844,87.80000305175781,387.3500061035156,157.94859313964844,1402.3162841796875,91.220703125,342.20001220703125,95.08000183105469,406.6499938964844,164.78243057012037,1424.9117626543534,92.46659851074219,324.3500061035156,81.16000366210938,381.1000061035156,157.13879570781452,1394.1539503917586,90.86039733886719,336.5,92.44999694824219,396.0,162.39256374286765,1424.015880450879,91.220703125,15916729.0,144614.0,11411957.0,26772223.0,18071259.0,0.0
2026-03-11,325.04998779296875,91.9800033569336,384.25,158.6300048828125,1383.8017578125,92.16510009765625,328.8999938964844,93.25,393.54998779296875,160.96062118713638,1427.4002232775151,92.20580291748047,322.75,86.31999969482422,382.95001220703125,157.67208112200126,1377.2321576556008,89.06490325927734,326.0,91.30000305175781,388.75,158.5016186874041,1418.34212900751,92.16510009765625,13909498.0,101940.0,7883718.0,22703344.0,21848087.0,0.0
2026-03-12,326.3500061035156,100.45999908447266,384.3500061035156,160.16000366210938,1385.7926025390625,92.22879791259766,330.3500061035156,101.80000305175781,388.8500061035156,162.25,1404.4066120742223,92.6946029663086,314.0,93.69999694824219,367.5,154.05999755859375,1374.7437125844203,91.9843978881836,318.70001220703125,93.73999786376953,376.3999938964844,157.39999389648438,1383.6027762448114,92.22879791259766,11176171.0,92219.0,8573492.0,21636039.0,20939959.0,0.0
2026-03-13,319.29998779296875,103.13999938964844,368.75,156.5399932861328,1374.3455810546875,92.38990020751953,325.3500061035156,103.9000015258789,379.54998779296875,160.33999633789062,1394.3531723993444,92.4990005493164,318.1499938964844,97.55000305175781,366.29998779296875,155.8000030517578,1372.0562392077015,92.25140380859375,323.6499938964844,101.66000366210938,379.54998779296875,158.99000549316406,1378.8248707870416,92.38980102539062,7556076.0,71698.0,5816666.0,11958819.0,17265090.0,0.0
2026-03-16,304.95001220703125,100.20999908447266,353.79998779296875,148.9600067138672,1388.6793212890625,92.5635986328125,318.45001220703125,106.51000213623047,364.95001220703125,154.60000610351562,1390.8692691567512,92.82080078125,301.1000061035156,99.55999755859375,348.29998779296875,146.8800048828125,1357.224777946389,92.14459991455078,314.8999938964844,105.51000213623047,361.0,153.00999450683594,1373.6488401657623,92.58470153808594,18589204.0,77839.0,14657696.0,35687077.0,22837802.0,0.0
2026-03-17,300.04998779296875,103.41999816894531,346.20001220703125,146.67999267578125,1391.167724609375,92.28269958496094,305.8999938964844,104.9800033569336,355.04998779296875,149.8000030517578,1399.429573667814,92.47550201416016,298.1499938964844,100.76000213623047,340.0,145.50999450683594,1381.8109624429321,92.26679992675781,305.29998779296875,101.37000274658203,354.1499938964844,149.0,1392.5613056143347,92.28269958496094,16467622.0,65199.0,14666300.0,19101788.0,19007744.0,0.0
2026-03-18,303.70001220703125,107.37999725341797,349.3500061035156,148.27000427246094,1401.6195068359375,92.39129638671875,307.45001220703125,111.86000061035156,355.45001220703125,149.0800018310547,1406.3974645008152,92.91960144042969,299.6000061035156,100.33999633789062,346.25,145.9600067138672,1390.7696473738063,92.3239974975586,300.79998779296875,103.44999694824219,350.0,146.8000030517578,1390.7696473738063,92.39129638671875,9223774.0,73104.0,9319269.0,20318430.0,9559327.0,0.0
2026-03-19,286.0,108.6500015258789,324.79998779296875,142.72999572753906,1378.4267578125,93.24659729003906,298.0,119.12000274658203,340.20001220703125,146.6300048828125,1409.1844489610974,93.40709686279297,284.3999938964844,103.75,321.5,142.0500030517578,1369.7667250791762,92.80950164794922,298.0,109.66000366210938,340.20001220703125,145.88999938964844,1381.6119817895922,93.24659729003906,15494502.0,87485.0,25818465.0,20076945.0,16498373.0,0.0
2026-03-20,287.79998779296875,112.19000244140625,336.29998779296875,144.60000610351562,1407.8905029296875,93.0822982788086,295.8500061035156,113.11000061035156,345.3500061035156,148.1300048828125,1423.4186824363833,93.81780242919922,286.95001220703125,105.0999984741211,330.04998779296875,143.60000610351562,1389.6746767818195,92.7781982421875,288.5,107.66999816894531,330.04998779296875,143.60000610351562,1391.5659566755692,93.0822982788086,16601274.0,57217.0,24169602.0,34636614.0,22994918.0,0.0
2026-03-23,271.29998779296875,99.94000244140625,319.1499938964844,138.11000061035156,1401.3209228515625,93.89530181884766,281.0,115.0999984741211,329.6499938964844,142.69000244140625,1409.0849519631759,94.13150024414062,270.0,96.25,316.20001220703125,137.75,1384.598192981382,92.85369873046875,280.04998779296875,114.9000015258789,324.0,141.49000549316406,1393.5567722314413,94.04840087890625,14357554.0,113332.0,13182560.0,21048472.0,18979554.0,0.0
2026-03-24,282.25,104.48999786376953,336.79998779296875,138.6999969482422,1405.302490234375,93.24369812011719,283.0,105.04000091552734,338.45001220703125,142.5,1415.8536813182018,93.94580078125,270.70001220703125,98.08999633789062,319.6000061035156,137.02000427246094,1400.1263494042955,93.24369812011719,280.0,100.5,331.0,141.5800018310547,1413.4647025895886,93.24369812011719,19542984.0,68614.0,11512642.0,30509694.0,18620893.0,0.0
2026-03-25,284.54998779296875,102.22000122070312,344.0,140.52000427246094,1406.596435546875,94.29969787597656,289.75,103.4000015258789,348.95001220703125,141.69000244140625,1423.9163794589117,94.29969787597656,281.79998779296875,97.1500015258789,337.54998779296875,139.0,1401.9181150601291,93.67649841308594,288.20001220703125,99.98999786376953,345.0,141.32000732421875,1413.464703831985,94.29969787597656,18451485.0,53714.0,13128269.0,22848464.0,19041331.0,0.0
2026-03-26,,108.01000213623047,,,,94.6937026977539,,109.05999755859375,,,,94.6937026977539,,102.77999877929688,,,,93.80010223388672,,103.08000183105469,,,,94.6937026977539,,28970.0,,,,0.0
2026-03-27,282.70001220703125,112.56999969482422,340.8999938964844,137.75999450683594,1341.8956298828125,94.30950164794922,298.5,114.80999755859375,357.70001220703125,144.3699951171875,1398.235116023098,94.9446029663086,280.79998779296875,105.25,338.25,137.35000610351562,1338.809921280448,94.09410095214844,290.0,106.22000122070312,352.5,142.99000549316406,1394.552193095842,94.30950164794922,29524543.0,18402.0,15593599.0,29985724.0,23266517.0,0.0
2026-03-30,281.0,112.77999877929688,335.3999938964844,135.39999389648438,1337.7149658203125,94.78179931640625,285.25,116.87000274658203,341.6000061035156,138.6300048828125,1358.7178325566667,95.14540100097656,273.1000061035156,111.5,325.0,134.0399932861328,1327.960019957529,92.64700317382812,274.95001220703125,116.13999938964844,332.0,135.3800048828125,1328.855902170806,94.78179931640625,14757987.0,15053.0,10584452.0,28375902.0,24393861.0,0.0
2026-03-31,,118.3499984741211,,,,94.35590362548828,,119.2699966430664,,,,94.90390014648438,,111.0,,,,93.48079681396484,,114.7300033569336,,,,94.35590362548828,,69949.0,,,,0.0
2026-04-01,281.25,101.16000366210938,335.54998779296875,135.72000122070312,1362.8984375,93.48429870605469,292.0,105.9000015258789,350.0,140.0,1378.028554948465,93.87799835205078,280.1000061035156,98.45999908447266,333.20001220703125,134.5,1356.6275051009459,92.76249694824219,292.0,103.9000015258789,350.0,140.0,1377.8294025098971,93.48429870605469,16919233.0,61629.0,10224051.0,26367709.0,14404619.0,0.0
2026-04-02,278.1499938964844,109.02999877929688,326.0,134.1300048828125,1344.2845458984375,92.6426010131836,281.1499938964844,109.70999908447266,329.6499938964844,134.6699981689453,1351.9490593116357,93.7323989868164,266.6000061035156,99.0199966430664,318.25,130.22000122070312,1321.8880984473344,92.48049926757812,275.29998779296875,100.30000305175781,329.0,134.1999969482422,1350.7546307176451,92.6426010131836,13404373.0,0.0,7595679.0,22834708.0,21280051.0,0.0
2026-04-03,,,,,,92.97360229492188,,,,,,92.98500061035156,,,,,,92.51170349121094,,,,,,92.97370147705078,,,,,,0.0
2026-04-06,278.70001220703125,109.7699966430664,328.04998779296875,134.0500030517578,1298.6953125,92.97100067138672,279.95001220703125,111.87000274658203,330.6000061035156,134.8000030517578,1352.7454554606609,93.21769714355469,272.1499938964844,106.8499984741211,317.75,130.50999450683594,1284.0630151171836,92.49739837646484,277.75,109.19999694824219,326.0,134.1300048828125,1352.7454554606609,92.97100067138672,11923889.0,27863.0,5089386.0,25356388.0,29274881.0,0.0
2026-04-07,277.45001220703125,109.2699966430664,331.3999938964844,134.44000244140625,1298.5958251953125,92.81659698486328,278.25,111.80000305175781,332.75,134.85000610351562,1302.2788696189978,93.14399719238281,271.0,104.56999969482422,319.54998779296875,131.6999969482422,1285.058440671965,92.7522964477539,273.20001220703125,109.58999633789062,325.0,132.3000030517578,1289.040031502862,92.81659698486328,14410706.0,65194.0,10264622.0,20626751.0,28388922.0,0.0
2026-04-08,298.1000061035156,94.75,364.25,143.35000610351562,1341.5970458984375,92.86019897460938,301.5,104.0,367.6499938964844,144.3000030517578,1344.3840865060406,92.86029815673828,292.1499938964844,90.01000213623047,351.0,141.10000610351562,1320.0963587364665,92.22329711914062,293.5,103.4000015258789,354.0,143.0,1342.7914745147666,92.86019897460938,26646510.0,82140.0,25974676.0,45807508.0,21817543.0,0.0
2026-04-09,297.3500061035156,95.91999816894531,358.0,141.6699981689453,1323.87890625,92.2748031616211,299.70001220703125,99.5199966430664,362.8999938964844,142.88999938964844,1343.7868597274437,92.94450378417969,293.0,94.33999633789062,354.29998779296875,140.5,1320.195983460075,91.96600341796875,296.0,96.52999877929688,361.79998779296875,142.88999938964844,1339.8052690319548,92.2748031616211,17580272.0,54501.0,13372048.0,22052191.0,20725390.0,0.0
2026-04-10,299.3500061035156,95.19999694824219,360.6000061035156,142.9600067138672,1343.9859619140625,92.46980285644531,303.20001220703125,98.25,366.8999938964844,144.10000610351562,1346.0763943468285,93.07350158691406,296.20001220703125,94.23999786376953,357.04998779296875,141.91000366210938,1325.3720730291864,92.40499877929688,297.3999938964844,96.37999725341797,361.0,142.25999450683594,1330.8467605257397,92.46980285644531,13853270.0,35012.0,6347879.0,13681094.0,19364461.0,0.0
2026-04-13,292.95001220703125,99.36000061035156,349.3999938964844,141.0800018310547,1309.0474853515625,94.50879669189453,294.0,103.86000061035156,351.0,141.39999389648438,1321.4899565481755,94.91320037841797,284.25,97.63999938964844,340.79998779296875,137.55999755859375,1303.970981405046,93.21920013427734,284.25,99.70999908447266,346.1000061035156,139.10000610351562,1315.1193869938081,94.51210021972656,13454302.0,50559.0,9327976.0,21941388.0,28753269.0,0.0
2026-04-14,,94.79000091552734,,,,94.9468002319336,,99.41000366210938,,,,95.14800262451172,,94.43000030517578,,,,93.0062026977539,,98.41999816894531,,,,94.94999694824219,,40991.0,,,,0.0
2026-04-15,310.45001220703125,94.93000030517578,366.6499938964844,145.22000122070312,1337.9140625,93.16539764404297,311.45001220703125,96.88999938964844,369.8999938964844,145.6699981689453,1340.8007402141902,93.49500274658203,299.0,91.0,362.0,144.10000610351562,1328.059600686701,93.08529663085938,300.6000061035156,95.5199966430664,362.29998779296875,144.9499969482422,1330.8467629297493,93.16539764404297,26146547.0,41928.0,11204269.0,16020870.0,15313779.0,0.0
2026-04-16,307.95001220703125,99.38999938964844,370.25,144.19000244140625,1337.1177978515625,93.38680267333984,314.8999938964844,99.83999633789062,371.8999938964844,146.42999267578125,1347.5694738488123,93.38729858398438,307.25,94.41999816894531,365.75,143.5,1323.8789596516422,92.98609924316406,314.8999938964844,94.91000366210938,370.6499938964844,146.0,1345.7777093601655,93.38690185546875,14067180.0,36540.0,6336442.0,13154143.0,30211012.0,0.0
2026-04-17,312.1000061035156,90.37999725341797,370.8500061035156,145.8800048828125,1358.7178955078125,93.04789733886719,313.70001220703125,98.97000122070312,372.79998779296875,146.3300018310547,1362.1022720767137,93.04820251464844,306.25,86.08000183105469,364.79998779296875,143.41000366210938,1333.832952366644,92.35169982910156,308.79998779296875,98.25,367.0,144.39999389648438,1333.832952366644,93.04789733886719,10758881.0,85233.0,6278506.0,11855228.0,13869105.0,0.0
2026-04-20,316.04998779296875,95.4800033569336,379.5,146.8699951171875,1357.0257568359375,92.60330200195312,319.0,97.80999755859375,383.3500061035156,147.8699951171875,1366.6810660920328,93.23500061035156,307.0,92.7699966430664,368.1499938964844,144.3000030517578,1346.5740808024586,92.60330200195312,312.1000061035156,96.20999908447266,369.0,145.00999450683594,1356.9261198573818,92.60330200195312,14504057.0,46389.0,10194682.0,14174808.0,13614733.0,0.0
2026-04-21,318.04998779296875,98.4800033569336,384.3999938964844,147.30999755859375,1347.07177734375,93.12359619140625,320.1000061035156,101.1500015258789,388.0,148.33999633789062,1363.4958396538184,93.61399841308594,315.1000061035156,93.87000274658203,377.54998779296875,147.0,1343.8864317482064,93.0457992553711,316.04998779296875,93.98999786376953,378.0,147.05999755859375,1352.7454957201878,93.12359619140625,9935289.0,50039.0,7474015.0,8952350.0,27293629.0,0.0
2026-04-22,314.3999938964844,101.91000366210938,382.54998779296875,147.36000061035156,1355.8311767578125,93.622802734375,317.0,102.30999755859375,386.95001220703125,147.89999389648438,1359.7132520720183,93.86000061035156,313.0,96.54000091552734,376.29998779296875,146.10000610351562,1342.8910067161314,93.48799896240234,317.0,98.9000015258789,376.29998779296875,146.44000244140625,1344.085556855853,93.622802734375,7456858.0,39837.0,4754747.0,7680576.0,9525953.0,0.0
2026-04-23,309.79998779296875,105.06999969482422,376.8999938964844,145.47999572753906,1337.21728515625,93.80049896240234,313.75,107.36000061035156,378.8999938964844,147.35000610351562,1349.261572940554,94.1500015258789,308.3999938964844,101.27999877929688,371.1000061035156,145.10000610351562,1334.529638479888,93.80049896240234,312.0,101.58000183105469,377.3500061035156,146.39999389648438,1339.8052948565,93.80049896240234,8518111.0,54489.0,6774817.0,11146793.0,16385079.0,0.0
2026-04-24,308.1000061035156,105.33000183105469,373.5,143.47000122070312,1321.6890869140625,94.11289978027344,310.75,107.45999908447266,376.3999938964844,145.60000610351562,1339.7057606040942,94.37580108642578,300.1499938964844,103.4000015258789,368.70001220703125,142.89999389648438,1318.9019248091768,93.93599700927734,309.0,106.27999877929688,375.0,145.0,1333.8328899956957,94.11289978027344,10531252.0,52646.0,5655425.0,8204012.0,11744802.0,0.0
2026-04-27,312.6499938964844,108.2300033569336,380.8999938964844,146.25999450683594,1359.51416015625,94.25029754638672,315.1000061035156,109.79000091552734,384.95001220703125,146.60000610351562,1365.2873936261717,94.29509735107422,306.70001220703125,105.8499984741211,372.75,143.69000244140625,1304.9663202853897,93.99649810791016,308.29998779296875,106.5,376.0,144.0,1306.9571155871217,94.25029754638672,5296412.0,29439.0,4117585.0,8409968.0,24673098.0,0.0
2026-04-28,307.75,111.26000213623047,380.04998779296875,145.38999938964844,1382.5078125,94.25849914550781,313.1000061035156,112.69000244140625,382.20001220703125,146.19000244140625,1388.7787447541255,94.72129821777344,305.1499938964844,107.91999816894531,375.0,144.30999755859375,1350.75460334444,94.13590240478516,308.70001220703125,108.30000305175781,379.5,146.14999389648438,1351.7500009887617,94.25849914550781,14434171.0,23451.0,4591112.0,11294936.0,41027699.0,0.0
2026-04-29,303.8999938964844,118.02999877929688,380.6000061035156,144.19000244140625,1418.83984375,94.64550018310547,310.8999938964844,120.30000305175781,384.5,147.2899932861328,1427.2012083655534,94.86689758300781,303.1499938964844,110.20999908447266,377.5,143.94000244140625,1384.896807968084,94.57050323486328,308.3999938964844,111.01000213623047,380.04998779296875,146.11000061035156,1385.5935377241706,94.64550018310547,16918034.0,18031.0,4777651.0,12575213.0,30542143.0,0.0
2026-04-30,300.45001220703125,114.01000213623047,374.54998779296875,142.25,1424.215087890625,94.9166030883789,302.3500061035156,126.0999984741211,376.79998779296875,143.39999389648438,1430.386505071105,95.39399719238281,295.54998779296875,113.0,369.29998779296875,141.1199951171875,1386.6885214286783,94.81490325927734,300.04998779296875,119.9800033569336,375.0,142.5,1402.5153692729207,94.9166030883789,13025294.0,58572.0,5370044.0,16384926.0,30957881.0,0.0
2026-05-01,300.45001220703125,108.16999816894531,374.54998779296875,142.25,1424.215087890625,94.75910186767578,300.45001220703125,112.43000030517578,374.54998779296875,142.25,1424.215087890625,95.30699920654297,300.45001220703125,106.2699966430664,374.54998779296875,142.25,1424.215087890625,94.68920135498047,300.45001220703125,111.01000213623047,374.54998779296875,142.25,1424.215087890625,94.75910186767578,0.0,40576.0,0.0,0.0,0.0,0.0
2026-05-04,301.70001220703125,114.44000244140625,373.8500061035156,142.25999450683594,1456.3663330078125,94.90299987792969,305.8999938964844,115.25,380.0,144.4199981689453,1460.6465916696056,95.38980102539062,300.1000061035156,105.66000366210938,372.5,142.0,1426.8030702776819,94.66570281982422,302.5,107.12999725341797,379.0,143.5,1426.8030702776819,94.90299987792969,9009471.0,67567.0,7346729.0,9094894.0,24035700.0,0.0
2026-05-05,298.5,109.87000274658203,373.8999938964844,142.13999938964844,1456.864013671875,95.2593994140625,300.45001220703125,114.44999694824219,376.0,142.6199951171875,1466.6189594959255,95.3949966430664,293.29998779296875,109.5999984741211,365.3999938964844,140.5,1443.3266295857375,94.97740173339844,300.25,113.81999969482422,370.0,142.0,1453.280606341501,95.2593002319336,12433693.0,39713.0,6212198.0,8418500.0,23543341.0,0.0
2026-05-06,314.04998779296875,101.2699966430664,399.20001220703125,148.2100067138672,1431.2823486328125,95.18299865722656,316.6000061035156,110.44999694824219,402.3999938964844,148.75,1466.519450812893,95.18299865722656,301.8500061035156,96.7300033569336,377.3999938964844,143.22000122070312,1420.9301884572374,94.14810180664062,304.70001220703125,110.44999694824219,379.0,143.5,1456.2668061036345,95.18299865722656,16983058.0,61814.0,12641387.0,16440452.0,14221786.0,0.0
2026-05-07,307.6000061035156,100.05999755859375,396.5,146.88999938964844,1429.590087890625,94.60800170898438,316.95001220703125,103.41000366210938,404.25,149.3000030517578,1442.828925531327,94.89299774169922,305.1000061035156,96.06999969482422,387.0,145.1300048828125,1423.717338832762,93.88870239257812,315.70001220703125,101.52999877929688,399.3999938964844,148.89999389648438,1432.1782190445704,94.60800170898438,17998452.0,62847.0,11241091.0,17332587.0,19816903.0,0.0
2026-05-08,302.75,101.29000091552734,387.0,144.69000244140625,1428.5947265625,94.25299835205078,306.3500061035156,103.95999908447266,395.1000061035156,146.3000030517578,1436.1598462687914,94.74040222167969,301.3999938964844,99.54000091552734,385.0,144.19000244140625,1410.9762359236815,94.25299835205078,306.0,103.55999755859375,393.5,145.8000030517578,1419.4371163507371,94.25299835205078,11782486.0,34316.0,7720086.0,9904272.0,8663105.0,0.0
2026-05-11,294.45001220703125,104.20999908447266,377.79998779296875,140.3699951171875,1381.81103515625,94.42530059814453,299.3999938964844,106.0,383.3999938964844,143.0,1421.427912122738,95.31759643554688,293.75,102.81999969482422,375.1000061035156,140.0399932861328,1375.6396180347506,94.18180084228516,298.75,104.0,383.0,143.0,1413.4647305422184,94.42530059814453,10388130.0,35359.0,5392032.0,11542960.0,15261787.0,0.0
2026-05-12,287.8500061035156,107.7699966430664,369.8999938964844,137.64999389648438,1357.722412109375,95.39140319824219,293.70001220703125,108.41999816894531,375.04998779296875,139.75999450683594,1387.0866431630602,95.85910034179688,286.0,104.11000061035156,363.70001220703125,137.25,1354.0394893602804,95.26609802246094,286.0,104.5,370.5,139.38999938964844,1385.593546668805,95.39140319824219,10652991.0,30738.0,8973439.0,13482227.0,24357500.0,0.0
2026-05-13,297.1000061035156,105.62999725341797,390.1000061035156,141.69000244140625,1352.54638671875,95.63300323486328,299.0,108.30999755859375,392.0,142.60000610351562,1366.0837705701026,95.8604965209961,288.54998779296875,105.30999755859375,370.54998779296875,137.83999633789062,1346.1758174038478,93.60430145263672,288.54998779296875,107.73999786376953,372.3999938964844,138.0,1355.1343963286624,95.63300323486328,12403055.0,27718.0,16477697.0,15901973.0,13797989.0,0.0
2026-05-14,295.0,105.72000122070312,377.54998779296875,140.25999450683594,1355.5325927734375,95.69580078125,301.1000061035156,107.08000183105469,388.79998779296875,143.0,1371.6579863902991,95.94580078125,291.1499938964844,103.86000061035156,370.95001220703125,139.10000610351562,1352.148216400817,95.44049835205078,301.1000061035156,105.63999938964844,388.79998779296875,143.0,1358.9168476375535,95.69580078125,11845204.0,27529.0,10745610.0,14516032.0,17303059.0,0.0
2026-05-15,284.45001220703125,109.26000213623047,366.3999938964844,134.47999572753906,1330.24951171875,95.70989990234375,294.6499938964844,109.7300033569336,372.20001220703125,141.1999969482422,1358.5188307246153,96.11499786376953,283.5,106.05000305175781,363.20001220703125,134.0399932861328,1323.082575367519,95.39700317382812,293.0,106.56999969482422,370.20001220703125,140.5,1350.5556491178086,95.70989990234375,14828416.0,26518.0,13799583.0,30353032.0,19976192.0,0.0
2026-05-18,280.79998779296875,112.0999984741211,358.8999938964844,131.80999755859375,1329.7518310546875,95.97029876708984,282.5,112.69000244140625,362.25,134.0,1335.8237328112184,96.60189819335938,276.6000061035156,106.87000274658203,355.79998779296875,130.52999877929688,1312.6309174607939,95.66200256347656,282.0,109.61000061035156,360.0,134.0,1327.860551095503,95.97129821777344,8613476.0,46404.0,7102917.0,15772188.0,13022473.0,0.0
2026-05-19,286.45001220703125,111.27999877929688,371.0,135.0,1316.6124267578125,96.27020263671875,289.79998779296875,111.79000091552734,372.3999938964844,136.19000244140625,1337.8144453658963,97.0541000366211,282.0,108.9000015258789,362.54998779296875,133.33999633789062,1312.3322897558653,96.1676025390625,282.0,109.55000305175781,363.1499938964844,134.10000610351562,1332.5387892026445,96.27020263671875,6955573.0,29390.0,5849675.0,22333093.0,21665501.0,0.0
2026-05-20,293.75,105.0199966430664,382.75,138.0399932861328,1353.442138671875,96.56580352783203,294.75,111.5,383.5,138.52000427246094,1356.6274840630256,97.04219818115234,280.04998779296875,103.27999877929688,363.75,133.0,1306.558933569541,96.37519836425781,281.8500061035156,111.20999908447266,367.0,134.6699981689453,1312.6308349443716,96.56580352783203,10290169.0,53332.0,9746627.0,24216502.0,13248515.0,0.0
2026-05-21,296.3999938964844,102.58000183105469,388.79998779296875,140.52999877929688,1343.388671875,96.5282974243164,298.5,109.30999755859375,391.3999938964844,141.0,1364.590690861155,96.85150146484375,294.75,102.16000366210938,384.54998779296875,138.24000549316406,1339.0088978228712,93.18800354003906,295.0,105.20999908447266,386.75,139.60000610351562,1360.9076465750106,96.5282974243164,10786772.0,51232.0,7148227.0,26345901.0,17150630.0,0.0
2026-05-22,295.6000061035156,103.54000091552734,389.6499938964844,139.47000122070312,1348.26611328125,96.17389678955078,297.70001220703125,106.3499984741211,391.0,140.55999755859375,1361.106767233248,96.49929809570312,291.6000061035156,101.37999725341797,385.3500061035156,138.02999877929688,1342.8909416840763,95.44889831542969,297.0,104.5199966430664,388.79998779296875,140.52999877929688,1343.7868238683554,96.17389678955078,5366953.0,35039.0,3800324.0,12077225.0,7105813.0,0.0
2026-05-25,308.25,,403.3500061035156,143.9499969482422,1360.7086181640625,95.71949768066406,309.0,,412.54998779296875,145.3000030517578,1364.7897243191815,95.85350036621094,304.04998779296875,,402.20001220703125,143.14999389648438,1350.7546414401118,85.86289978027344,305.0,,403.0,144.05999755859375,1360.5095872329855,95.71949768066406,14530864.0,,10214359.0,24525241.0,6750071.0,0.0
2026-05-26,304.6000061035156,99.58000183105469,398.0,142.3800048828125,1350.0579833984375,95.25279998779297,308.29998779296875,100.75,403.29998779296875,144.11000061035156,1362.2017870434288,95.78600311279297,302.1000061035156,95.93000030517578,396.70001220703125,141.57000732421875,1346.1759079681497,95.19229888916016,308.25,100.55000305175781,403.20001220703125,143.6999969482422,1353.8404218493883,95.25279998779297,8611871.0,37926.0,4241199.0,9355269.0,13769747.0,0.0
2026-05-27,307.1499938964844,94.29000091552734,402.8999938964844,143.94000244140625,1344.2845458984375,95.90499877929688,308.45001220703125,99.86000061035156,404.20001220703125,144.85000610351562,1354.736221375619,96.17780303955078,302.1499938964844,94.1500015258789,393.20001220703125,141.4199981689453,1342.393266034199,95.49150085449219,305.5,99.4000015258789,398.0,142.08999633789062,1346.7730400596713,96.06210327148438,5948761.0,20553.0,8615664.0,10981894.0,13215138.0,0.0
2026-05-28,307.1499938964844,93.70999908447266,402.8999938964844,143.94000244140625,1344.2845458984375,96.04889678955078,307.1499938964844,98.16000366210938,402.8999938964844,143.94000244140625,1344.2845458984375,96.66580200195312,307.1499938964844,92.55999755859375,402.8999938964844,143.94000244140625,1344.2845458984375,95.63899993896484,307.1499938964844,94.97000122070312,402.8999938964844,143.94000244140625,1344.2845458984375,96.04889678955078,0.0,9881.0,0.0,0.0,0.0,0.0
2026-05-29,298.1000061035156,92.05000305175781,393.8500061035156,140.24000549316406,1315.119384765625,96.04820251464844,312.0,94.01000213623047,409.0,147.0,1362.6994431442622,96.19529724121094,290.0,91.45999908447266,390.0,139.6300048828125,1310.9387630540493,94.53050231933594,310.6000061035156,93.37000274658203,407.0,146.0,1357.7224546740495,96.04820251464844,26387806.0,39308.0,12624474.0,36212028.0,42634247.0,0.0
2026-06-01,296.8500061035156,94.9800033569336,388.6000061035156,138.8000030517578,1313.9249267578125,95.00299835205078,300.3500061035156,97.80000305175781,396.04998779296875,141.47999572753906,1329.353590670499,95.25420379638672,295.6499938964844,92.37000274658203,384.45001220703125,138.60000610351562,1312.4318302501333,94.572998046875,298.75,92.41000366210938,394.04998779296875,140.5,1326.3673976551404,95.00299835205078,7741307.0,57796.0,4888011.0,13055381.0,10700603.0,0.0
2026-06-02,294.3999938964844,96.0,383.75,138.8300018310547,1308.5498046875,95.55139923095703,297.45001220703125,96.26000213623047,391.04998779296875,139.63999938964844,1321.689127358814,95.5824966430664,291.0,92.81999969482422,383.0,137.30999755859375,1294.3156903458798,94.93419647216797,294.0,95.4000015258789,384.8500061035156,137.99000549316406,1301.6815361898255,95.55139923095703,8495475.0,40210.0,4707348.0,9425916.0,23302785.0,0.0
2026-06-03,292.1000061035156,97.80999755859375,384.1000061035156,137.3800048828125,1307.15625,95.26300048828125,294.25,99.0,386.3999938964844,138.3300018310547,1317.906594083847,95.98600006103516,290.1499938964844,96.04000091552734,378.6499938964844,136.60000610351562,1295.0124463014238,95.26300048828125,294.0,96.06999969482422,378.8999938964844,138.19000244140625,1308.9480145168118,95.26300048828125,6711789.0,40867.0,4660225.0,14280727.0,20012293.0,0.0
2026-06-04,295.1499938964844,95.02999877929688,387.0,138.9499969482422,1297.699951171875,96.16449737548828,296.20001220703125,97.56999969482422,390.8999938964844,139.99000549316406,1305.1654340270677,96.1707992553711,290.1000061035156,93.91999816894531,382.3500061035156,136.8000030517578,1287.1487597049047,95.59200286865234,290.1000061035156,97.43000030517578,382.79998779296875,137.69000244140625,1295.0124259474096,96.16449737548828,8514225.0,34844.0,4806376.0,10664527.0,23474327.0,0.0
2026-06-05,295.0,93.08999633789062,385.04998779296875,138.25999450683594,1291.0,95.79029846191406,295.8999938964844,95.9000015258789,389.79998779296875,139.38999938964844,1306.0,95.89399719238281,291.75,92.68000030517578,383.75,137.63999938964844,1288.0,94.86979675292969,295.0,95.06999969482422,387.0,139.0,1304.5,95.79029846191406,5528678.0,36817.0,3003625.0,10644029.0,17785223.0,0.0
2026-06-08,285.1499938964844,94.25,372.75,135.60000610351562,1263.300048828125,94.95030212402344,292.3999938964844,98.05000305175781,381.20001220703125,136.99000549316406,1282.5999755859375,95.90370178222656,283.8999938964844,93.66999816894531,371.3500061035156,135.25,1259.199951171875,94.95030212402344,291.3999938964844,95.5,380.79998779296875,136.74000549316406,1277.0,94.95030212402344,5454197.0,36849.0,4236128.0,9213602.0,16494759.0,0.0
2026-06-09,289.1000061035156,91.44999694824219,382.0,138.1300048828125,1269.199951171875,95.68830108642578,290.1499938964844,94.5199966430664,383.25,138.44000244140625,1274.199951171875,95.68890380859375,285.25,89.58999633789062,372.20001220703125,136.35000610351562,1257.5,95.17739868164062,288.75,94.33999633789062,376.0,137.0,1269.0,95.68830108642578,5025923.0,42857.0,6667087.0,12417792.0,23620214.0,0.0
2026-06-10,288.0,93.0999984741211,374.3999938964844,136.8800048828125,1258.800048828125,95.36029815673828,290.20001220703125,94.7300033569336,384.8999938964844,139.72000122070312,1300.5,95.56749725341797,286.29998779296875,90.79000091552734,373.75,136.5,1254.4000244140625,95.07170104980469,289.0,92.26000213623047,381.54998779296875,138.1300048828125,1275.0,95.36029815673828,6874985.0,39760.0,4575738.0,10347575.0,21012796.0,0.0
2026-06-11,286.3500061035156,90.37999725341797,365.70001220703125,134.24000549316406,1263.0,95.64450073242188,287.3999938964844,96.36000061035156,372.25,135.64999389648438,1276.0,95.87239837646484,280.25,88.4000015258789,361.1000061035156,133.5500030517578,1253.199951171875,95.29560089111328,285.0,94.87999725341797,370.04998779296875,135.0,1258.0,95.64450073242188,12991146.0,46406.0,10518376.0,11817601.0,13117486.0,0.0
2026-06-12,302.3500061035156,87.33000183105469,388.8999938964844,140.94000244140625,1293.0,95.76010131835938,303.79998779296875,89.87000274658203,391.1000061035156,141.4499969482422,1297.0,95.76010131835938,292.54998779296875,85.80000305175781,372.0,136.72999572753906,1262.5,94.78720092773438,293.1000061035156,89.2300033569336,377.70001220703125,137.0,1277.0,95.76010131835938,11278769.0,34732.0,14100531.0,18813847.0,11988785.0,0.0
2026-06-15,310.6000061035156,83.16999816894531,401.6499938964844,144.49000549316406,1307.0,95.11029815673828,316.75,85.29000091552734,409.95001220703125,148.47000122070312,1325.0,95.11039733886719,308.75,82.4000015258789,400.04998779296875,144.2100067138672,1303.300048828125,94.4126968383789,315.0,85.0199966430664,406.70001220703125,147.0,1315.300048828125,95.11029815673828,15261091.0,28907.0,9648829.0,23010555.0,18633321.0,0.0
2026-06-16,312.1000061035156,78.95999908447266,401.79998779296875,145.11000061035156,1328.800048828125,94.74169921875,314.0,83.80000305175781,405.79998779296875,145.4499969482422,1333.4000244140625,94.74189758300781,309.5,78.44999694824219,396.70001220703125,143.72999572753906,1306.4000244140625,94.38200378417969,314.0,83.55000305175781,405.79998779296875,144.9499969482422,1313.4000244140625,94.74169921875,8875346.0,30801.0,5228607.0,10255674.0,18513223.0,0.0
2026-06-17,317.95001220703125,79.55000305175781,402.6499938964844,145.4199981689453,1332.699951171875,94.88860321044922,319.5,82.9800033569336,410.5,147.47000122070312,1334.0,94.88860321044922,315.29998779296875,77.7699966430664,401.20001220703125,144.9499969482422,1317.0,94.20670318603516,316.0,79.19999694824219,406.5,147.0,1333.0,94.88860321044922,14716072.0,25919.0,6771647.0,14039760.0,10029170.0,0.0
2026-06-18,316.29998779296875,79.8499984741211,401.6000061035156,146.11000061035156,1328.0999755859375,94.85890197753906,321.6000061035156,80.04000091552734,405.79998779296875,147.25,1333.9000244140625,94.9302978515625,314.3999938964844,76.58000183105469,398.6000061035156,145.17999267578125,1322.0,94.18009948730469,319.0,78.3499984741211,405.0,145.8000030517578,1330.0,94.85890197753906,7174272.0,31186.0,4369524.0,10920308.0,15494549.0,0.0
2026-06-19,306.6000061035156,,392.1000061035156,143.42999267578125,1309.5,94.33989715576172,315.0,,400.29998779296875,145.74000549316406,1338.199951171875,94.59310150146484,305.1000061035156,,390.0,142.6699981689453,1305.300048828125,94.11820220947266,315.0,,400.20001220703125,144.97999572753906,1328.0,94.33979797363281,11322845.0,,5929061.0,15764700.0,24887034.0,0.0
2026-06-22,308.6000061035156,77.9000015258789,393.25,144.3800048828125,1326.5,94.3302993774414,311.79998779296875,82.37999725341797,399.25,145.42999267578125,1344.9000244140625,94.777099609375,306.79998779296875,77.2699966430664,392.0,143.5399932861328,1314.0999755859375,94.17649841308594,311.75,82.20999908447266,399.1000061035156,145.42999267578125,1316.699951171875,94.3302993774414,5440551.0,46574.0,3777496.0,10482678.0,12931213.0,0.0
2026-06-23,308.54998779296875,77.08000183105469,396.75,143.1699981689453,1309.5,94.70059967041016,313.3500061035156,78.33999633789062,400.1000061035156,145.9499969482422,1333.0,94.8853988647461,307.5,76.44000244140625,393.0,142.8000030517578,1304.0,94.3927001953125,309.04998779296875,78.05999755859375,396.0,145.0,1328.9000244140625,94.70059967041016,6611723.0,22797.0,4766451.0,14059612.0,15400184.0,0.0
2026-06-24,315.70001220703125,73.73999786376953,412.8999938964844,146.3000030517578,1313.5999755859375,95.18370056152344,316.79998779296875,77.0,414.0,146.8000030517578,1322.0,95.18379974365234,308.20001220703125,73.08000183105469,395.5,143.25,1297.5,94.22750091552734,308.8500061035156,77.0,396.54998779296875,143.99000549316406,1305.699951171875,95.18370056152344,7690718.0,32834.0,7705798.0,17387166.0,11030917.0,0.0
2026-06-25,309.75,75.26000213623047,409.25,143.88999938964844,1318.0999755859375,94.4406967163086,320.8500061035156,75.83999633789062,420.0,148.24000549316406,1328.0,94.5291976928711,309.0,72.08000183105469,407.5,143.3800048828125,1314.5999755859375,93.91510009765625,319.95001220703125,73.0999984741211,418.5,148.0,1318.0,94.4406967163086,9118712.0,27477.0,5756207.0,14235354.0,12694362.0,0.0
2026-06-26,309.75,71.98999786376953,409.25,143.88999938964844,1318.0999755859375,94.40039825439453,309.75,75.12000274658203,409.25,143.88999938964844,1318.0999755859375,94.7738037109375,309.75,71.4000015258789,409.25,143.88999938964844,1318.0999755859375,94.22480010986328,309.75,74.94000244140625,409.25,143.88999938964844,1318.0999755859375,94.40039825439453,0.0,19425.0,0.0,0.0,0.0,0.0
2026-06-29,300.79998779296875,73.1500015258789,389.6000061035156,139.17999267578125,1301.0,94.36029815673828,309.0,73.4800033569336,406.8500061035156,143.41000366210938,1313.699951171875,94.69999694824219,299.75,71.87000274658203,388.5,138.89999389648438,1292.5999755859375,94.2322006225586,308.70001220703125,73.16999816894531,405.29998779296875,143.3000030517578,1308.0,94.36029815673828,11893768.0,8613.0,10317020.0,14942414.0,13757656.0,0.0
2026-06-30,303.54998779296875,72.91999816894531,394.45001220703125,139.3800048828125,1293.9000244140625,94.79049682617188,304.45001220703125,73.52999877929688,395.95001220703125,140.22999572753906,1306.9000244140625,94.89790344238281,299.8999938964844,72.12000274658203,389.6000061035156,138.3800048828125,1290.0,94.46530151367188,301.20001220703125,72.69999694824219,393.1499938964844,139.50999450683594,1306.9000244140625,94.79049682617188,4259519.0,39706.0,5216033.0,19013315.0,15695263.0,0.0
2026-07-01,304.20001220703125,71.56999969482422,392.1000061035156,139.8300018310547,1308.0,94.91799926757812,306.5,73.5199966430664,396.25,140.32000732421875,1312.199951171875,95.26390075683594,301.1499938964844,71.04000091552734,390.70001220703125,138.4199981689453,1296.5,94.53119659423828,305.20001220703125,73.37999725341797,396.0,139.6999969482422,1298.9000244140625,94.91799926757812,4919350.0,37629.0,3826057.0,10736348.0,7001401.0,0.0
2026-07-02,310.45001220703125,71.80000305175781,399.54998779296875,141.6199951171875,1303.5,95.4175033569336,314.5,71.91000366210938,406.29998779296875,143.77000427246094,1313.199951171875,95.47339630126953,304.79998779296875,70.13999938964844,394.6499938964844,140.3000030517578,1299.0,94.88480377197266,305.0,71.08999633789062,394.95001220703125,140.3000030517578,1310.0,95.4175033569336,7323630.0,0.0,5739322.0,23991977.0,17795024.0,0.0
2026-07-03,308.1499938964844,,399.25,141.55999755859375,1304.0,95.527099609375,313.6000061035156,,402.45001220703125,142.32000732421875,1312.0,95.60970306396484,306.70001220703125,,397.5,141.00999450683594,1302.0,95.05760192871094,313.6000061035156,,402.04998779296875,142.32000732421875,1312.0,95.527099609375,3035350.0,,2558215.0,5661461.0,7839550.0,0.0
2026-07-06,308.1499938964844,71.98999786376953,400.3500061035156,141.67999267578125,1321.300048828125,95.21479797363281,310.8999938964844,72.58999633789062,403.79998779296875,143.75,1325.5999755859375,95.67440032958984,306.04998779296875,71.02999877929688,397.5,140.9199981689453,1299.4000244140625,95.12689971923828,308.1499938964844,71.87000274658203,400.0,141.60000610351562,1304.0,95.21479797363281,2818204.0,46238.0,3075355.0,8310545.0,7610709.0,0.0
2026-07-07,313.95001220703125,74.16000366210938,405.95001220703125,142.17999267578125,1308.4000244140625,95.60350036621094,315.8500061035156,76.3499984741211,407.1000061035156,144.11000061035156,1328.0,95.67919921875,307.75,72.05999755859375,401.20001220703125,141.8000030517578,1304.0999755859375,94.79869842529297,309.5,72.11000061035156,403.1000061035156,142.75,1323.5,95.60350036621094,6889552.0,58154.0,5627837.0,16961635.0,14335554.0,0.0
2026-07-08,303.54998779296875,78.0199966430664,386.8500061035156,137.6300048828125,1275.9000244140625,95.59339904785156,307.8500061035156,80.56999969482422,396.79998779296875,140.35000610351562,1302.300048828125,95.80339813232422,299.3999938964844,75.44999694824219,383.1000061035156,136.60000610351562,1271.5999755859375,94.99169921875,306.95001220703125,75.98999786376953,395.0,139.6999969482422,1297.0,95.59339904785156,15951234.0,96042.0,18852390.0,33976686.0,19960868.0,0.0
2026-07-09,308.20001220703125,76.30000305175781,392.1000061035156,138.25999450683594,1279.800048828125,95.86180114746094,309.1000061035156,79.37999725341797,394.0,138.69000244140625,1296.5,95.86180114746094,299.75,75.5999984741211,382.8500061035156,136.60000610351562,1274.199951171875,95.29840087890625,303.54998779296875,79.37999725341797,386.8500061035156,137.6300048828125,1277.0999755859375,95.86180114746094,5543009.0,47817.0,4266757.0,14352065.0,14651963.0,0.0
2026-07-10,309.75,76.01000213623047,395.29998779296875,138.9600067138672,1307.800048828125,95.39019775390625,313.75,77.55999755859375,398.79998779296875,140.5500030517578,1311.0999755859375,95.68550109863281,309.1000061035156,75.30999755859375,394.3999938964844,138.6999969482422,1287.800048828125,95.14550018310547,312.0,75.97000122070312,395.1000061035156,139.3800048828125,1291.9000244140625,95.39019775390625,3799709.0,39537.0,3011646.0,8402022.0,8412537.0,0.0
2026-07-13,307.54998779296875,83.30000305175781,391.6000061035156,139.9499969482422,1296.9000244140625,95.32499694824219,309.1499938964844,83.86000061035156,394.1499938964844,140.1699981689453,1306.4000244140625,96.10469818115234,302.1499938964844,77.27999877929688,385.54998779296875,136.6199951171875,1295.0,94.99040222167969,304.79998779296875,78.05000305175781,388.25,137.0,1300.0,95.32499694824219,5543349.0,61577.0,7267088.0,11620086.0,9488352.0,0.0
2026-07-14,305.3500061035156,84.7300033569336,386.0,137.0500030517578,1293.0,96.29889678955078,307.20001220703125,87.54000091552734,387.79998779296875,138.69000244140625,1308.0,96.42289733886719,302.04998779296875,83.04000091552734,381.6499938964844,136.6999969482422,1286.9000244140625,95.74700164794922,302.95001220703125,83.29000091552734,384.70001220703125,137.99000549316406,1290.0,96.29879760742188,9995741.0,115669.0,8994389.0,14151551.0,13511284.0,0.0
2026-07-15,,84.94999694824219,394.3999938964844,140.24000549316406,1295.5,96.42530059814453,,86.52999877929688,395.8999938964844,140.5,1310.9000244140625,96.54090118408203,,83.33999633789062,386.79998779296875,137.16000366210938,1294.0999755859375,96.04239654541016,,85.20999908447266,386.8500061035156,137.89999389648438,1294.0999755859375,96.42530059814453,3836098.0,115669.0,4460216.0,21309498.0,9577965.0,0.0
